APPAREL_AND_ACCESSORIES_hashtag,APPAREL_AND_ACCESSORIES_rank_today,APPAREL_AND_ACCESSORIES_rank_prev_state,APPAREL_AND_ACCESSORIES_rank_delta,ACADEMIC_RESOURCES_hashtag,ACADEMIC_RESOURCES_rank_today,ACADEMIC_RESOURCES_rank_prev_state,ACADEMIC_RESOURCES_rank_delta,ANIMATION_AND_COMICS_hashtag,ANIMATION_AND_COMICS_rank_today,ANIMATION_AND_COMICS_rank_prev_state,ANIMATION_AND_COMICS_rank_delta,ART_hashtag,ART_rank_today,ART_rank_prev_state,ART_rank_delta,AUTOMOTIVE_hashtag,AUTOMOTIVE_rank_today,AUTOMOTIVE_rank_prev_state,AUTOMOTIVE_rank_delta,BABY_CARE_hashtag,BABY_CARE_rank_today,BABY_CARE_rank_prev_state,BABY_CARE_rank_delta,BABY_KIDS_AND_MATERNITY_hashtag,BABY_KIDS_AND_MATERNITY_rank_today,BABY_KIDS_AND_MATERNITY_rank_prev_state,BABY_KIDS_AND_MATERNITY_rank_delta,BEAUTY_hashtag,BEAUTY_rank_today,BEAUTY_rank_prev_state,BEAUTY_rank_delta,BEAUTY_AND_PERSONAL_CARE_hashtag,BEAUTY_AND_PERSONAL_CARE_rank_today,BEAUTY_AND_PERSONAL_CARE_rank_prev_state,BEAUTY_AND_PERSONAL_CARE_rank_delta,BEAUTY_SERVICES_hashtag,BEAUTY_SERVICES_rank_today,BEAUTY_SERVICES_rank_prev_state,BEAUTY_SERVICES_rank_delta,BUSINESS_AND_FINANCE_hashtag,BUSINESS_AND_FINANCE_rank_today,BUSINESS_AND_FINANCE_rank_prev_state,BUSINESS_AND_FINANCE_rank_delta,BUSINESS_SERVICES_hashtag,BUSINESS_SERVICES_rank_today,BUSINESS_SERVICES_rank_prev_state,BUSINESS_SERVICES_rank_delta,CARD_AND_BOARD_GAMES_hashtag,CARD_AND_BOARD_GAMES_rank_today,CARD_AND_BOARD_GAMES_rank_prev_state,CARD_AND_BOARD_GAMES_rank_delta,CAREER_AND_PROFESSIONAL_GROWTH_hashtag,CAREER_AND_PROFESSIONAL_GROWTH_rank_today,CAREER_AND_PROFESSIONAL_GROWTH_rank_prev_state,CAREER_AND_PROFESSIONAL_GROWTH_rank_delta,COLLEGE_hashtag,COLLEGE_rank_today,COLLEGE_rank_prev_state,COLLEGE_rank_delta,COMEDY_hashtag,COMEDY_rank_today,COMEDY_rank_prev_state,COMEDY_rank_delta,COMMUNITY_UPDATES_AND_ISSUES_hashtag,COMMUNITY_UPDATES_AND_ISSUES_rank_today,COMMUNITY_UPDATES_AND_ISSUES_rank_prev_state,COMMUNITY_UPDATES_AND_ISSUES_rank_delta,CONVENTIONAL_AND_MAINSTREAM_SPORTS_hashtag,CONVENTIONAL_AND_MAINSTREAM_SPORTS_rank_today,CONVENTIONAL_AND_MAINSTREAM_SPORTS_rank_prev_state,CONVENTIONAL_AND_MAINSTREAM_SPORTS_rank_delta,COOKING_hashtag,COOKING_rank_today,COOKING_rank_prev_state,COOKING_rank_delta,CRAFTING_AND_CREATIONS_hashtag,CRAFTING_AND_CREATIONS_rank_today,CRAFTING_AND_CREATIONS_rank_prev_state,CRAFTING_AND_CREATIONS_rank_delta,CULTURE_hashtag,CULTURE_rank_today,CULTURE_rank_prev_state,CULTURE_rank_delta,DANCE_hashtag,DANCE_rank_today,DANCE_rank_prev_state,DANCE_rank_delta,DIARY_AND_VLOG_hashtag,DIARY_AND_VLOG_rank_today,DIARY_AND_VLOG_rank_prev_state,DIARY_AND_VLOG_rank_delta,DRINKS_hashtag,DRINKS_rank_today,DRINKS_rank_prev_state,DRINKS_rank_delta,EATING_EXPERIENCES_hashtag,EATING_EXPERIENCES_rank_today,EATING_EXPERIENCES_rank_prev_state,EATING_EXPERIENCES_rank_delta,EDUCATION_hashtag,EDUCATION_rank_today,EDUCATION_rank_prev_state,EDUCATION_rank_delta,ENTERTAINMENT_AND_SPORTS_NEWS_hashtag,ENTERTAINMENT_AND_SPORTS_NEWS_rank_today,ENTERTAINMENT_AND_SPORTS_NEWS_rank_prev_state,ENTERTAINMENT_AND_SPORTS_NEWS_rank_delta,ENVIRONMENT_hashtag,ENVIRONMENT_rank_today,ENVIRONMENT_rank_prev_state,ENVIRONMENT_rank_delta,EXERCISE_AND_FITNESS_hashtag,EXERCISE_AND_FITNESS_rank_today,EXERCISE_AND_FITNESS_rank_prev_state,EXERCISE_AND_FITNESS_rank_delta,EXTREME_AND_ADVENTURE_SPORTS_hashtag,EXTREME_AND_ADVENTURE_SPORTS_rank_today,EXTREME_AND_ADVENTURE_SPORTS_rank_prev_state,EXTREME_AND_ADVENTURE_SPORTS_rank_delta,FAMILY_hashtag,FAMILY_rank_today,FAMILY_rank_prev_state,FAMILY_rank_delta,FINANCIAL_SERVICES_hashtag,FINANCIAL_SERVICES_rank_today,FINANCIAL_SERVICES_rank_prev_state,FINANCIAL_SERVICES_rank_delta,FOOD_hashtag,FOOD_rank_today,FOOD_rank_prev_state,FOOD_rank_delta,FOOD_AND_BEVERAGE_hashtag,FOOD_AND_BEVERAGE_rank_today,FOOD_AND_BEVERAGE_rank_prev_state,FOOD_AND_BEVERAGE_rank_delta,FOOD_RECOMMENDATIONS_hashtag,FOOD_RECOMMENDATIONS_rank_today,FOOD_RECOMMENDATIONS_rank_prev_state,FOOD_RECOMMENDATIONS_rank_delta,GADGETS_AND_INNOVATION_hashtag,GADGETS_AND_INNOVATION_rank_today,GADGETS_AND_INNOVATION_rank_prev_state,GADGETS_AND_INNOVATION_rank_delta,GAMES_hashtag,GAMES_rank_today,GAMES_rank_prev_state,GAMES_rank_delta,GENERAL_TRAVEL_hashtag,GENERAL_TRAVEL_rank_today,GENERAL_TRAVEL_rank_prev_state,GENERAL_TRAVEL_rank_delta,HAIR_CARE_hashtag,HAIR_CARE_rank_today,HAIR_CARE_rank_prev_state,HAIR_CARE_rank_delta,HEALTH_hashtag,HEALTH_rank_today,HEALTH_rank_prev_state,HEALTH_rank_delta,HEALTH_AND_WELLNESS_hashtag,HEALTH_AND_WELLNESS_rank_today,HEALTH_AND_WELLNESS_rank_prev_state,HEALTH_AND_WELLNESS_rank_delta,HISTORY_AND_LITERATURE_hashtag,HISTORY_AND_LITERATURE_rank_today,HISTORY_AND_LITERATURE_rank_prev_state,HISTORY_AND_LITERATURE_rank_delta,HOME_AND_GARDEN_hashtag,HOME_AND_GARDEN_rank_today,HOME_AND_GARDEN_rank_prev_state,HOME_AND_GARDEN_rank_delta,HOME_IMPROVEMENT_hashtag,HOME_IMPROVEMENT_rank_today,HOME_IMPROVEMENT_rank_prev_state,HOME_IMPROVEMENT_rank_delta,HOUSEHOLD_PRODUCTS_hashtag,HOUSEHOLD_PRODUCTS_rank_today,HOUSEHOLD_PRODUCTS_rank_prev_state,HOUSEHOLD_PRODUCTS_rank_delta,LEARNING_AND_DEVELOPMENT_hashtag,LEARNING_AND_DEVELOPMENT_rank_today,LEARNING_AND_DEVELOPMENT_rank_prev_state,LEARNING_AND_DEVELOPMENT_rank_delta,LEISURE_AND_RECREATION_FACILITIES_hashtag,LEISURE_AND_RECREATION_FACILITIES_rank_today,LEISURE_AND_RECREATION_FACILITIES_rank_prev_state,LEISURE_AND_RECREATION_FACILITIES_rank_delta,LIFE_SERVICES_hashtag,LIFE_SERVICES_rank_today,LIFE_SERVICES_rank_prev_state,LIFE_SERVICES_rank_delta,LIVESTOCK_AND_FARMING_hashtag,LIVESTOCK_AND_FARMING_rank_today,LIVESTOCK_AND_FARMING_rank_prev_state,LIVESTOCK_AND_FARMING_rank_delta,MISCELLANEOUS_PERFORMANCES_hashtag,MISCELLANEOUS_PERFORMANCES_rank_today,MISCELLANEOUS_PERFORMANCES_rank_prev_state,MISCELLANEOUS_PERFORMANCES_rank_delta,MOVIES_AND_TV_hashtag,MOVIES_AND_TV_rank_today,MOVIES_AND_TV_rank_prev_state,MOVIES_AND_TV_rank_delta,MUSIC_hashtag,MUSIC_rank_today,MUSIC_rank_prev_state,MUSIC_rank_delta,NEWS_AND_ENTERTAINMENT_hashtag,NEWS_AND_ENTERTAINMENT_rank_today,NEWS_AND_ENTERTAINMENT_rank_prev_state,NEWS_AND_ENTERTAINMENT_rank_delta,OTHER_BEAUTY_hashtag,OTHER_BEAUTY_rank_today,OTHER_BEAUTY_rank_prev_state,OTHER_BEAUTY_rank_delta,OTHER_FASHION_hashtag,OTHER_FASHION_rank_today,OTHER_FASHION_rank_prev_state,OTHER_FASHION_rank_delta,OTHER_TRANSPORTATION_hashtag,OTHER_TRANSPORTATION_rank_today,OTHER_TRANSPORTATION_rank_prev_state,OTHER_TRANSPORTATION_rank_delta,OUTDOOR_RECREATION_hashtag,OUTDOOR_RECREATION_rank_today,OUTDOOR_RECREATION_rank_prev_state,OUTDOOR_RECREATION_rank_delta,OUTFITS_hashtag,OUTFITS_rank_today,OUTFITS_rank_prev_state,OUTFITS_rank_delta,PERFORMING_ARTS_hashtag,PERFORMING_ARTS_rank_today,PERFORMING_ARTS_rank_prev_state,PERFORMING_ARTS_rank_delta,PERSONAL_PHOTOGRAPHY_hashtag,PERSONAL_PHOTOGRAPHY_rank_today,PERSONAL_PHOTOGRAPHY_rank_prev_state,PERSONAL_PHOTOGRAPHY_rank_delta,PETS_hashtag,PETS_rank_today,PETS_rank_prev_state,PETS_rank_delta,PET_CARE_AND_ACCESSORIES_hashtag,PET_CARE_AND_ACCESSORIES_rank_today,PET_CARE_AND_ACCESSORIES_rank_prev_state,PET_CARE_AND_ACCESSORIES_rank_delta,PHOTOGRAPHY_hashtag,PHOTOGRAPHY_rank_today,PHOTOGRAPHY_rank_prev_state,PHOTOGRAPHY_rank_delta,PRODUCTIVITY_AND_EFFICIENCY_hashtag,PRODUCTIVITY_AND_EFFICIENCY_rank_today,PRODUCTIVITY_AND_EFFICIENCY_rank_prev_state,PRODUCTIVITY_AND_EFFICIENCY_rank_delta,ROMANCE_hashtag,ROMANCE_rank_today,ROMANCE_rank_prev_state,ROMANCE_rank_delta,SCIENCE_hashtag,SCIENCE_rank_today,SCIENCE_rank_prev_state,SCIENCE_rank_delta,SENSORY_EXPERIENCES_hashtag,SENSORY_EXPERIENCES_rank_today,SENSORY_EXPERIENCES_rank_prev_state,SENSORY_EXPERIENCES_rank_delta,SHOWS_FESTIVALS_AND_EXHIBITIONS_hashtag,SHOWS_FESTIVALS_AND_EXHIBITIONS_rank_today,SHOWS_FESTIVALS_AND_EXHIBITIONS_rank_prev_state,SHOWS_FESTIVALS_AND_EXHIBITIONS_rank_delta,SOFTWARE_AND_APPS_hashtag,SOFTWARE_AND_APPS_rank_today,SOFTWARE_AND_APPS_rank_prev_state,SOFTWARE_AND_APPS_rank_delta,SPECIAL_EFFECTS_hashtag,SPECIAL_EFFECTS_rank_today,SPECIAL_EFFECTS_rank_prev_state,SPECIAL_EFFECTS_rank_delta,SPORTS_hashtag,SPORTS_rank_today,SPORTS_rank_prev_state,SPORTS_rank_delta,SPORTS_AND_OUTDOOR_hashtag,SPORTS_AND_OUTDOOR_rank_today,SPORTS_AND_OUTDOOR_rank_prev_state,SPORTS_AND_OUTDOOR_rank_delta,SUPERNATURAL_AND_HORROR_hashtag,SUPERNATURAL_AND_HORROR_rank_today,SUPERNATURAL_AND_HORROR_rank_prev_state,SUPERNATURAL_AND_HORROR_rank_delta,TECHNOLOGY_hashtag,TECHNOLOGY_rank_today,TECHNOLOGY_rank_prev_state,TECHNOLOGY_rank_delta,TOYS_COLLECTIBLES_AND_MEMORABILIA_hashtag,TOYS_COLLECTIBLES_AND_MEMORABILIA_rank_today,TOYS_COLLECTIBLES_AND_MEMORABILIA_rank_prev_state,TOYS_COLLECTIBLES_AND_MEMORABILIA_rank_delta,TRAVEL_hashtag,TRAVEL_rank_today,TRAVEL_rank_prev_state,TRAVEL_rank_delta,VEHICLE_AND_TRANSPORTATION_hashtag,VEHICLE_AND_TRANSPORTATION_rank_today,VEHICLE_AND_TRANSPORTATION_rank_prev_state,VEHICLE_AND_TRANSPORTATION_rank_delta,VIDEO_GAMES_hashtag,VIDEO_GAMES_rank_today,VIDEO_GAMES_rank_prev_state,VIDEO_GAMES_rank_delta,WILDLIFE_AND_EXOTIC_PETS_hashtag,WILDLIFE_AND_EXOTIC_PETS_rank_today,WILDLIFE_AND_EXOTIC_PETS_rank_prev_state,WILDLIFE_AND_EXOTIC_PETS_rank_delta
gamedayoutfit,103,132,29,matematicastiktok,104,167,63,tinkerbell,170,185,15,ceramicsoftiktok,99,116,17,cybercab,109,161,52,montessoriathome,95,148,53,montessoriathome,95,148,53,dibsbeauty,129,174,45,hairstyleinspo,156,192,36,sanantonionails,137,184,47,goatapp,172,195,23,scrapmetal,94,118,24,filtertok,100,170,70,scrapmetal,94,118,24,americanuniversity,133,162,29,justajoke,117,145,28,floodrescue,122,147,25,geauxtigers,75,150,75,dinnerparty,143,173,30,candydecor,97,162,65,臺南庄咖轎伕,146,173,27,sturdyvibes,153,198,45,earlyriser,138,188,50,newdrinks,156,187,31,takispowder,146,176,30,historylovers,142,186,44,btsla,140,175,35,climatesolutions,4,7,3,pilatestok,129,188,59,monzagp,83,151,68,grandmalove,117,171,54,goatapp,172,195,23,littledebbiechristmastreecakes,91,135,44,traderjoesfoodreviews,167,194,27,tacomawa,154,189,35,airtag,95,128,33,ncaafootball,59,90,31,northcascadesnationalpark,126,182,56,over40hair,136,160,24,uro,70,119,49,uro,70,119,49,independenciademéxico,139,199,60,showercurtain,146,179,33,showercurtain,146,179,33,lpsroleplay,125,176,51,motivationalmindset,71,108,37,unistudios,90,145,55,familiaunida,139,193,54,gallosworld,128,184,56,witchywoman,149,174,25,glenpowell,98,137,39,kidcudi,102,153,51,flashflood,70,145,75,oakcha,144,183,39,irezumi,129,147,18,seastorm,102,148,46,poolpond,79,130,51,gamedayoutfit,101,130,29,moderndance,112,172,60,인연이,149,177,28,chimp,115,147,32,tuckerbudzyn,53,166,113,candidphoto,114,141,27,usefulskills,69,137,68,promposal,158,179,21,embriologia,117,159,42,crackingclay,88,126,38,hxhcosplay,137,199,62,adobephotoshop,78,102,24,dankitpro,3,4,1,michiganfootball,40,182,142,jeremiahsmith,107,170,63,ottowarmbier,128,172,44,airtag,106,144,38,lpsroleplay,125,176,51,northcascadesnationalpark,126,182,56,cybercab,112,168,56,halloweengame,130,198,68,regaljumpingspider,152,194,42
labordaysale,61,78,17,stis,30,80,50,azurlane,130,141,11,wheelthrowing,71,87,16,robotaxi,132,163,31,babynaptime,151,194,43,babynaptime,151,194,43,aveenopartner,120,163,43,dove,173,200,27,lasvegasnailtech,71,113,42,profit,97,107,10,foundationrepair,126,150,24,couplesgames,88,132,44,foundationrepair,126,150,24,fairfielduniversity,129,157,28,herwaychallenge,126,154,28,weatherupdate,126,151,25,buckeyes,118,184,66,martinspotatorolls,126,155,29,handknit,80,116,36,台南慶順境,139,162,23,poledancersoftiktok,150,189,39,postworkroutine,135,174,39,winetok,114,138,24,mcdonaldsorder,155,175,20,henryviii,127,167,40,jackdoherty,144,178,34,recogerbasura,17,20,3,stayfit,144,183,39,italiangp,64,115,51,amorfamiliar,111,153,42,profit,97,107,10,kirklandsignature,132,163,31,ceviche,168,191,23,menchies,124,147,23,stickvacuum,143,167,24,fortniteemote,153,181,28,solotraveling,125,165,40,discoloration,150,166,16,erdoctor,74,104,30,erdoctor,74,104,30,viajaraestadosunidos,138,167,29,pillows,96,126,30,pillows,96,126,30,xshot,122,170,48,pensecomoforçasespeciais,140,162,22,washingtonstatefair,110,150,40,ivfbaby,160,200,40,babyminidonkey,158,198,40,amuletosdeproteccion,134,158,24,comedyseries,163,196,33,afroplusfest,117,164,47,bbcnews,76,141,65,perfumerecommendations,156,193,37,liontattoo,158,175,17,schiff,131,161,30,fhish,158,194,36,labordaysale,59,76,17,polechallenge,148,185,37,tvsteam,155,178,23,elefantes,39,69,30,floodrescue,151,179,28,canonr7,158,181,23,pulizietiktok,115,175,60,proposalstory,146,166,20,galaxies,51,77,26,waxpeeling,89,127,38,jacksparrowcosplay,90,131,41,shelfapp,51,70,19,zachkingvideo,6,7,1,lanekiffin,105,181,76,ohiostatefootball,114,164,50,doyoubelieve,113,151,38,stickvacuum,161,187,26,xshot,122,170,48,solotraveling,125,165,40,robotaxi,137,173,36,ncaafootball,58,89,31,spidertok,146,187,41
tiktokshopblackfridaysale,169,186,17,studyapps,139,159,20,draken,126,135,9,handwritingasmr,59,73,14,ecu,136,158,22,micropreemie,112,133,21,micropreemie,112,133,21,beautysale,168,196,28,moisturizer,158,183,25,holotaco,127,165,38,consumerrights,136,146,10,workshoptools,175,199,24,unogame,75,114,39,workshoptools,175,199,24,гимназия,164,184,20,weddinghumor,135,161,26,911memorial,120,135,15,bigten,105,165,60,bakingtok,157,180,23,diydollartree,117,150,33,慶讚中元,116,135,19,happydance,115,151,36,chicagovlog,151,187,36,buchanans,132,156,24,americansnacks,148,166,18,womenshistory,134,172,38,venicefilmfestival,69,100,31,stoplittering,1,2,1,fitnessclass,99,135,36,conorbenn,94,144,50,handsfreebreastpump,130,160,30,consumerrights,136,146,10,samsclubshopping,164,195,31,ideasdecomida,179,198,19,foodieland,156,179,23,appleevent,141,163,22,fisch,103,129,26,beautifulplaces,82,115,33,greenhair,121,136,15,tiktokdoc,93,115,22,tiktokdoc,93,115,22,lawyertips,136,157,21,apartments,140,170,30,apartments,140,170,30,snoopylover,119,153,34,eltemachayuda💪🔥,157,176,19,festivaldelterror,140,155,15,pregnancylife,130,153,23,chickenlady,114,148,34,horoscopes,164,186,22,sinners,92,117,25,bigbang,143,184,41,youngsheldonedit,142,184,42,miniperfumes,167,196,29,cattattoo,90,104,14,f14tomcat,129,155,26,backpackinggear,151,182,31,tiktokshopblackfridaysale,167,184,17,sturdyvibes,92,121,29,자연광,141,162,21,spiders,131,154,23,dancingdog,149,169,20,nikonf2,138,160,22,пятновыводитель,140,180,40,anniversaryideas,112,131,19,cerebrohumano,130,154,24,writingasmr,147,180,33,sacanime,31,63,32,tipsdetecnologia,107,122,15,vfxbreakdown,1,1,0,clemsonfootball,112,177,65,malachitoney,120,168,48,наночь,166,198,32,iphoneultra,120,141,21,snoopylover,119,153,34,beautifulplaces,82,115,33,ecu,141,165,24,fortniteemote,149,176,27,petspider,168,199,31
edikted,130,145,15,learningmaterials,97,113,16,coralinejones,145,154,9,inkdrawing,76,88,12,squatedtrucks🤮,125,138,13,parentingmoments,150,167,17,parentingmoments,150,167,17,larocheposayusa,159,184,25,thickhair,143,167,24,michigannailtech,165,200,35,extremecouponing,19,27,8,longtermcare,178,200,22,funchallenges,124,146,22,longtermcare,178,200,22,studytokaesthetic,135,154,19,4amigos,119,142,23,highspeedchase,152,167,15,texaslonghorns,142,199,57,customcake,142,163,21,manualidad,151,182,31,屏東扶正殿,103,118,15,exoticpole,139,169,30,lasvegaspromoter,144,179,35,jackdaniels,167,189,22,chipotleorder,118,133,15,undergrad,100,134,34,bigbang,108,134,26,singleuseplastic,10,11,1,heavylifting,166,198,32,pierregasly,111,155,44,familiaunida,63,92,29,extremecouponing,19,27,8,giantcandy,106,133,27,froyo,155,173,18,sandiegofoodie,169,190,21,fold,159,180,21,osu,145,169,24,rmnp,117,149,32,hairregrowth,127,141,14,neurosurgeon,138,157,19,neurosurgeon,138,157,19,derechoslaborales,84,103,19,rugs,141,163,22,rugs,141,163,22,halloweengifts,172,194,22,stopprocrastinating,111,126,15,disneyparade,75,88,13,deaddadclub,154,175,21,sapi,118,145,27,venusretrograde,104,123,19,nicolekidman,102,126,24,carinleon,131,167,36,charliekirk,102,129,27,soldejaneiropartner,89,115,26,tattoolasvegas,115,126,11,hitachi,75,97,22,sotelo,118,147,29,edikted,128,143,15,poleexotic,134,160,26,美容师,84,103,19,petmom,169,192,23,kittentok,163,177,14,poseguide,112,131,19,harikabilgiler,124,150,26,womenemporwerment,80,98,18,watertub,119,141,22,howtomakeslime,99,117,18,sanjapan,23,51,28,ucbrowser,172,187,15,howtowithceomasterpiece,2,2,0,oregonducks,124,184,60,godawgs,119,161,42,hallucinationhippies,126,149,23,appleevent,160,181,21,halloweengifts,172,194,22,rmnp,117,149,32,squatedtrucks🤮,130,144,14,fisch,101,125,24,funnybirds,119,140,21
diamonds,142,157,15,scholarshipopportunity,131,144,13,zackdfilms,155,163,8,westernart,130,142,12,hondaaccord,128,141,13,nicuawarenessmonth,76,91,15,nicuawarenessmonth,76,91,15,hourglass,136,159,23,lashtutorial,128,149,21,fruitnails,55,87,32,atlantarealestate,101,109,8,excavatoroperator,96,116,20,officechallenge,157,179,22,excavatoroperator,96,116,20,usu,70,87,17,bants,177,199,22,september11,49,62,13,georgiafootball,104,155,51,lasagna,121,140,19,craftforkids,149,169,20,田中乾德宮,157,172,15,collegedance,164,192,28,oceandip,92,120,28,vitaminwater,117,136,19,chickenceaserwrap,138,153,15,planeta,89,113,24,missworld,118,144,26,actonclimate,12,13,1,morningworkout,36,61,25,danhooker,92,125,33,ivfbaby,75,93,18,atlantarealestate,101,109,8,brothyrice,136,154,18,polloasado,178,196,18,foodcritics,180,196,16,iphoneultra,106,123,17,dawnwalker,129,151,22,solohiking,142,172,30,tymobeauty,101,114,13,applecider,153,170,17,applecider,153,170,17,strangehistory,109,128,19,clorox,114,133,19,clorox,114,133,19,mewtwo,78,97,19,jimrohnquotes,112,127,15,horadohorror,171,183,12,iwasntexpectingababy,68,88,20,coturnixquail,177,200,23,curandero,125,142,17,chadpowers,72,93,21,hayleywilliams,139,173,34,extremeweather,97,121,24,victoriassecretbodymist,166,188,22,atltattooartist,103,111,8,polarisranger,136,157,21,foldablebed,95,117,22,diamonds,140,155,15,poledancersoftiktok,90,115,25,citacitajadiistriboboy,64,82,18,reptiles,98,118,20,petmom,124,137,13,bestiephotoshoot,155,174,19,multipurposespray,110,132,22,weddingvideography,117,133,16,microbiologylab,89,109,20,slimeatory,110,128,18,halloweeninspo2023,167,192,25,studyapps,140,154,14,日本妹,5,5,0,lsutigers,77,132,55,naomiosaka,156,197,41,kinhdi,119,141,22,microcenter,107,126,19,mewtwo,78,97,19,solohiking,142,172,30,hondaaccord,133,147,14,osu,141,165,24,kangaroos,147,167,20
formaldress,183,198,15,тригонометрия,171,184,13,jester,172,180,8,graffitiwall,139,149,10,bugatti,129,140,11,twingirls,107,121,14,twingirls,107,121,14,marcjacobsbeauty,149,172,23,concealer,133,152,19,nailprinter,128,156,28,yess,183,190,7,laidoff,81,100,19,chainreaction,105,125,20,laidoff,81,100,19,islamicschool,138,155,17,thiagoventura,118,139,21,powergrid,138,150,12,ryanwilliams,131,182,51,dip,141,160,19,handknitting,136,151,15,屏東天清宮,101,114,13,dancingvideo,126,150,24,figueroastreet,157,183,26,dirtymartini,126,144,18,hmartfinds,177,192,15,legaleducation,131,154,23,nodal,66,89,23,cleanriver,13,14,1,workoutclass,51,76,25,sashatrusova,126,159,33,unclelife,143,161,18,yess,183,190,7,walmartbakery,150,167,17,traderjoeshaul,140,155,15,texasfood,115,129,14,microcenter,96,111,15,gamingvideo,172,194,22,salemma,98,125,27,toddlerhairstyles,92,104,12,kneebrace,179,196,17,kneebrace,179,196,17,derechosmigratorios,162,179,17,table,105,123,18,table,105,123,18,magneticblocks,115,134,19,rappersquotes,146,161,15,slingshotchallenge,97,107,10,babytime,142,160,18,watusi,74,95,21,almasgemelas,75,90,15,connorstorrie,149,169,20,arcangel,159,188,29,selena,176,199,23,beardtrim,177,199,22,spidertattoo,178,186,8,arcticcat,115,135,20,fishermanlife,164,185,21,formaldress,181,196,15,disneyonice,31,55,24,cwemanis,138,156,18,automaticlitterbox,160,178,18,catedit,142,155,13,photographertiktok,137,155,18,实用生活小技巧,132,153,21,brokenup,111,126,15,astro_alexandra,124,144,20,satisfyingcut,178,191,13,familycostumes,178,200,22,privacysettings,169,183,14,kyxaotiktok,8,8,0,floridagators,128,173,45,lsufootball,43,80,37,casasabandonadas,155,174,19,digitalplanner,109,128,19,magneticblocks,115,134,19,salemma,98,125,27,bugatti,134,146,12,dawnwalker,126,147,21,groundsquirrel,98,116,18
personalstyle,156,169,13,gramatica,183,196,13,nami,86,93,7,potterytok,155,165,10,kingranch,126,136,10,1month,155,169,14,1month,155,169,14,danessamyricks,107,128,21,buildergel,136,155,19,cherrynails,145,170,25,blackrock,78,84,6,construção,170,189,19,timechallenge,115,135,20,construção,170,189,19,جامعات_العراق,182,198,16,aculpaedocabral,120,141,21,avalancha,143,155,12,vols,108,157,49,onion,147,165,18,crochetflowers,138,152,14,高市東和殿,141,154,13,letsgroove,101,122,21,sololiving,133,155,22,jambajuice,139,155,16,takipowder,170,184,14,cienciaentiktok,150,173,23,ellysayagho,50,68,18,communitycleanup,3,3,0,workoutsplit,128,153,25,ufcparis,22,53,31,postpartumdepression,161,178,17,blackrock,78,84,6,trailmix,177,194,17,buffalowildwingspartner,151,166,15,ricebowl,139,153,14,gpu,135,150,15,robloxhorror,116,133,17,travelmemories,99,118,19,purplehairmask,156,168,12,vaginalhealth,49,65,16,vaginalhealth,49,65,16,centralia,172,189,17,decorating,157,175,18,decorating,157,175,18,cutecollectibles,110,128,18,inpirational,102,116,14,hhn34,177,187,10,photoshootideas,88,102,14,horseshoes,89,107,18,señalesdeluniverso,162,176,14,juliastiles,173,192,19,rauwalejandro,76,102,26,funnycomedy,153,172,19,burberrygoddess,128,149,21,blackandgreyrealism,62,69,7,boatcleaning,158,178,20,fueledbynature,140,156,16,baggypants,184,198,14,happydance,69,89,20,cewemichat,133,143,10,petcleaning,167,184,17,sillycat,135,147,12,ถ่ายรูปกัน,144,161,17,viensachboncau,131,145,14,lifepartner,185,199,14,sciencemystery,90,104,14,oddasmr,141,153,12,coralinecosplay,117,138,21,secretemoji,180,194,14,kischönheit,11,11,0,geauxtigers,38,82,44,coloradofootball,137,169,32,creepyvideo,100,117,17,gpu,152,167,15,cutecollectibles,110,128,18,travelmemories,99,118,19,kingranch,131,142,11,gamingvideo,168,189,21,riverotter,68,84,16
baggypants,187,200,13,studytechniques,122,131,9,arknights,120,127,7,художка,157,167,10,chrome,70,79,9,toddlerboy,67,79,12,toddlerboy,67,79,12,lorealparis,131,151,20,mikaylanogueira,149,168,19,disneynails,104,128,24,chickfilaemployee,132,138,6,woodconstruction,179,198,19,hustlecartelgaming,181,198,17,woodconstruction,179,198,19,unm,101,116,15,renevaca,85,104,19,freedomofspeech,168,179,11,secfootball,111,154,43,antojitos,158,176,18,christmaswrapping,159,173,14,回駕遶境大典,148,161,13,louisianajiggin,61,79,18,amazonreturns,90,106,16,pumkinspice,77,90,13,postshow,175,189,14,genghiskhan,154,176,22,christiannodal,94,110,16,cuidadoambiental,6,6,0,thegreatlockin,155,173,18,chrisbenoit,155,186,31,thirdbaby,115,129,14,chickfilaemployee,132,138,6,traderjoesfallitems,87,103,16,mulletreview,157,172,15,stocktonca,168,182,14,chromebook,73,86,13,oldroblox,132,149,17,grecia,176,195,19,lowtaper,142,153,11,hotflashes,121,136,15,hotflashes,121,136,15,historylovers,39,53,14,bedsure,106,122,16,bedsure,106,122,16,myminibaby,139,156,17,yokoikenji,130,144,14,scarowinds,180,190,10,giftwrapping,138,150,12,clydesdale,138,155,17,tauruszodiac,186,200,14,georgieandmandy,75,92,17,cazzu,120,138,18,sheldoncooper,136,154,18,bodysculpting,149,169,20,religioustattoo,78,83,5,boatsnhoes,114,133,19,shelterbuilding,153,167,14,personalstyle,154,167,13,exoticpole,82,102,20,🅱️️,67,76,9,wildliferescue,161,177,16,hairlesscat,137,149,12,fotoscreativas,133,149,16,acidocitrico,156,170,14,kindleunlimitedromance,91,103,12,datosmedicos,149,163,14,slimekit,144,156,12,magicrevealed,173,193,20,aicontentcreator,55,68,13,yapayzekagüzelliği,12,12,0,baylor,107,151,44,fibawwc,83,114,31,ホラー,61,77,16,applenews,181,196,15,myminibaby,139,156,17,grecia,176,195,19,impactwrench,185,196,11,gaminglife,181,200,19,mapache,101,117,16
bathingsuit,172,184,12,calculo,153,162,9,subarunatsuki,137,144,7,artwithmeaning,169,178,9,mecanico,138,146,8,babypov,148,159,11,babypov,148,159,11,pradabeauty,143,162,19,rarebeauty,162,180,18,manucurist,124,147,23,moneyhacks,100,105,5,electricaltools,118,136,18,popdartsgame,129,145,16,electricaltools,118,136,18,fstudent,148,161,13,garyowen,95,114,19,blackamericans,90,100,10,goofynfl,154,196,42,leftovers,173,191,18,flowerpress,182,196,14,轎阮來扛,93,105,12,duodances,173,191,18,mondayvlog,122,136,14,ad21,49,61,12,collegefood,87,99,12,digitalsat,169,191,22,influencercity,61,76,15,trashcleanup,8,8,0,strongman,27,44,17,александратрусова,91,116,25,29weekspregnant,134,147,13,moneyhacks,100,105,5,fruitlovers,153,169,16,sundaydinner,180,195,15,vegaseats,161,174,13,applenews,162,175,13,animegaming,179,196,17,travelmoments,170,186,16,damagedhairrepair,152,163,11,anxietyawareness,132,146,14,anxietyawareness,132,146,14,socialengineering,173,187,14,midcenturymodern,121,137,16,midcenturymodern,121,137,16,cuteplushie,120,135,15,motivarte,156,170,14,bowlerroller,135,143,8,adoptionjourney,157,168,11,cabra,61,77,16,almagemela,98,111,13,jamesgandolfini,103,120,17,paramore,56,72,16,flood,87,104,17,kojicacidsoap,109,122,13,septum,3,7,4,powerwheelchair,165,183,18,fishaddict,185,199,14,bathingsuit,170,182,12,izrosh,174,192,18,이모지따라하기,97,106,9,dogbehavior,175,190,15,petcleaning,122,133,11,ท่าโพสถ่ายรูป,143,159,16,goodthingstorecommend,179,191,12,singletok,77,88,11,astro_dark,163,177,14,naturalsounds,154,166,12,propmaking,43,62,19,adobepremiere,76,89,13,brav5,4,3,-1,clemson,19,57,38,alabamafootball,92,123,31,hauntedhouses,92,108,16,chromebook,84,98,14,cuteplushie,120,135,15,travelmoments,170,186,16,chrome,71,81,10,oldroblox,129,145,16,wildworld,163,178,15
ysl,88,98,10,middleschoolmath,112,120,8,fategrandorder,109,115,6,catart,82,89,7,cartools,143,151,8,babystyle,99,109,10,babystyle,99,109,10,brighteningskincare,151,170,19,taper,171,189,18,strongnails,171,194,23,debtpayoffjourney,143,148,5,dewalttools,102,119,17,findit,107,122,15,dewalttools,102,119,17,วันวิทยาศาสตร์,159,171,12,garyowencomedy,107,126,19,foodstamps,165,175,10,jeremiahsmith,69,109,40,ceviche,86,103,17,halloweencraft,61,73,12,柑仔兄,105,117,12,poledancelove,99,115,16,spendthedaywithus,184,197,13,hotchocolate,119,131,12,onebite,95,107,12,ugolord,104,124,20,alexcooper,91,106,15,marinedebris,9,9,0,postpartumfitnessjourney,92,108,16,chinomaidana,134,156,22,morningchaos,174,187,13,debtpayoffjourney,143,148,5,minifridgerestock,155,171,16,krispykreme,120,134,14,dinnerplans,111,123,12,digitalcalendar,81,93,12,proplayer,182,198,16,uniquehotels,132,147,15,hairstyleinspo,66,76,10,sexualhealth,37,50,13,sexualhealth,37,50,13,arizonahistory,183,197,14,decoratewithme,104,119,15,decoratewithme,104,119,15,toniebox,129,144,15,pensamientocritico,81,94,13,hhn2025,144,151,7,morningcommute,120,130,10,silkiechicken,75,91,16,messageforyou,80,91,11,scarface,145,162,17,blessd,158,172,14,hurricane,48,63,15,marshmallowperfume,126,139,13,sanantoniotattooartist,75,79,4,юрент,90,107,17,livebait,39,51,12,ysl,86,96,10,lsuhiphop,144,161,17,bodyrecharge,114,123,9,bernesemountaindog,159,173,14,catlove,141,152,11,ฮาวทูท่าโพสสวยๆ,146,162,16,bathroomcleaninghack,35,44,9,beachwedding,108,117,9,astronomylovers,138,151,13,visualsatisfaction,183,195,12,firsthalloween,128,146,18,iaparatodos,131,144,13,aigirls👩🏻‍💻,7,6,-1,bigten,56,94,38,horrornights,89,116,27,datosperturbadores,106,121,15,digitalcalendar,93,105,12,toniebox,129,144,15,uniquehotels,132,147,15,cartools,148,158,10,animegaming,175,191,16,barnowl,150,163,13
jacket,99,109,10,multiplicacion,175,183,8,dbs,136,142,6,mindfulart,166,172,6,carsforsale,127,134,7,toddlerhalloweencostume,119,129,10,toddlerhalloweencostume,119,129,10,laneige,176,195,19,hairtools,126,143,17,monkeynails,146,168,22,sephorasale,161,165,4,tileinstallation,112,129,17,numberchallenge,116,131,15,tileinstallation,112,129,17,usm,49,60,11,borracho,162,181,19,floods,66,75,9,bta,144,183,39,mealplanning,105,122,17,diychristmas,77,87,10,威武五家獅藝,126,137,11,f5ve,53,68,15,sobrietycheck,101,111,10,cookiebutterlatte,164,174,10,foodisfuel,59,70,11,nclextips,161,181,20,brawadisandjasmine,148,163,15,theoceancleanup,15,15,0,pilatesgirl,68,81,13,andyruiz,56,71,15,soontobemom,186,198,12,sephorasale,161,165,4,ไข่ลูก,163,177,14,crunchy,79,92,13,miamieats,132,144,12,emergencylight,119,131,12,residentevil4,97,111,14,deathvalley,53,67,14,grayhair,80,90,10,nervoussystemregulation,40,53,13,nervoussystemregulation,40,53,13,blackhistoryfacts,120,133,13,kitchenstorage,154,169,15,kitchenstorage,154,169,15,tonies,165,180,15,motivaciondeldia,138,151,13,universaltravelagent,192,199,7,hometools,149,159,10,itsamandalee,115,131,16,schumannresonance,91,101,10,backtohogwarts,160,177,17,halloweekend,179,193,14,dragonballsuper,145,160,15,baccaratrouge540,163,176,13,phillytattooartist,96,100,4,seniormobility,108,125,17,whitetailhunting,82,94,12,jacket,97,107,10,cpcstars,167,184,17,25💞,120,129,9,babygoats,163,176,13,autoscooper,159,170,11,selfphoto,168,183,15,smarthacks,53,62,9,cutecouples,132,141,9,fisicadivertida,104,115,11,sudsysqueezes,124,135,11,lightyagamicosplay,143,161,18,appreview,125,137,12,ai美少女画像,10,9,-1,gamecocks,127,165,38,coachprime,164,190,26,uaptiktok,121,136,15,emergencylight,138,150,12,tonies,165,180,15,deathvalley,53,67,14,aviationlovers,162,172,10,robloxhorror,114,129,15,rmnp,120,132,12
aritzia,178,188,10,дроби,185,193,8,pawpatrol,159,165,6,retroart,193,199,6,cardiy,137,144,7,newborns,130,140,10,newborns,130,140,10,getunreadywithme,126,143,17,blackgirlmakeup,145,162,17,modelones,153,175,22,ultabeautypartner,41,44,3,healthcarecareer,123,140,17,tablegames,176,190,14,healthcarecareer,123,140,17,sacredheartuniversity,63,74,11,humorviral,130,148,18,polkcounty,99,108,9,cocogauff,147,185,38,polloasado,90,106,16,jabonesdeglicerina,132,142,10,翠屏藝陣活動整合行銷團隊,176,187,11,cwalk,83,97,14,tubefeeding,128,138,10,caffeinefree,176,186,10,bonelesswings,85,96,11,studyvlog,128,147,19,kimofqueens,67,81,14,emballages,22,22,0,pilatesreformer,76,89,13,figureskatingtiktok,99,114,15,pregnancylife,58,69,11,ultabeautypartner,41,44,3,hmartfinds,133,145,12,indianfood,134,147,13,chinesebuffet,99,110,11,solarlamp,183,195,12,supermario,128,142,14,switzerlandtravel,65,77,12,scalpmassage,167,177,10,eyedoctor,171,184,13,eyedoctor,171,184,13,marianatrench,151,164,13,bissell,177,192,15,bissell,177,192,15,muñeca,178,193,15,yokoikenjidiaz,168,181,13,disneywithkids,32,36,4,autismparenting,164,174,10,cutecows,79,94,15,carolinadelnorte,97,106,9,usa??,99,115,16,hardstyle,127,140,13,forestfire,138,152,14,deoderant,179,192,13,darktattoo,126,130,4,споттинг,128,145,17,campingmusthaves,108,119,11,aritzia,176,186,10,collegedance,101,117,16,เบลอว่ารักแถบ,109,117,8,doglove,83,95,12,dogsoftiktokviral,106,116,10,polaroidcamera,170,185,15,solução,120,129,9,bodacivil,98,106,8,microbiologia,112,123,11,uniqueasmr,150,161,11,cosplayconvention,98,113,15,artlist,68,79,11,chilled_re_generic_v2,9,,,iowahawkeyes,159,196,37,manchestercity,146,171,25,serbiandancinglady,97,110,13,vacuummop,162,174,12,muñeca,178,193,15,switzerlandtravel,65,77,12,mecanico,143,152,9,proplayer,178,193,15,owlsoftiktok,138,149,11
upcycling,186,195,9,ященко,75,82,7,primal,164,170,6,woodburning,66,71,5,impactwrench,177,184,7,babyswing,68,77,9,babyswing,68,77,9,lorealparisskincare,127,144,17,settingpowder,169,186,17,nailroom,148,169,21,moneysavinghack,59,62,3,albañil,127,144,17,aroombeasie,149,162,13,albañil,127,144,17,tmu,132,143,11,liveprogram,132,150,18,courtcases,169,178,9,tigers,153,191,38,ideasdecomida,91,107,16,babybreath,49,57,8,太極轎班會,88,98,10,runcav,95,109,14,examish,159,169,10,cocktailbar,183,193,10,aifood,152,162,10,outerspace,177,196,19,pageant,169,182,13,verschmutzung,26,26,0,fitnessinstructor,94,107,13,marcosmaidana,103,117,14,deaddadclub,69,80,11,moneysavinghack,59,62,3,icecreamtok,156,168,12,oxtail,148,161,13,seattlefoodie,100,111,11,vacuummop,144,154,10,warhammer40k,120,131,11,baliindonesia,119,131,12,healthyhaircare,107,116,9,dentalemergency,64,76,12,dentalemergency,64,76,12,henryviii,33,45,12,resetroutine,168,182,14,resetroutine,168,182,14,hirono,82,96,14,theculture,59,71,12,halloweenhorrornightshollywood,33,37,4,diyhalloween,102,111,9,donkeylife,145,160,15,gancube,141,150,9,sheldon,40,55,15,paultooreall,166,179,13,practicalmagic2,162,176,14,crownedskin,111,123,12,earstretching,130,134,4,malibuboats,45,61,16,anglers,126,137,11,upcycling,183,193,10,udanationals,115,130,15,🐑🔮♠️,113,121,8,dogsoftiktokviral,146,158,12,automaticlitterbox,118,128,10,knd_visuals,154,168,14,tipsiburumahtangga,185,194,9,devantejones,190,198,8,cosmicwonder,171,182,11,gentleasmr,157,168,11,theshape,147,162,15,yoteayudo,99,110,11,,,,,georgiafootball,51,87,36,fcbarcelona🔵🔴,158,181,23,miedo😱😱😱,107,120,13,taptopay,147,158,11,hirono,82,96,14,baliindonesia,119,131,12,jumpstarter,190,199,9,supermario,125,138,13,biologia,151,162,11
womenshoes,188,197,9,satscore,98,105,7,animacion,171,177,6,paintinghacks,95,100,5,custombuild,190,197,7,babyboyoutfit,159,168,9,babyboyoutfit,159,168,9,fentybeauty,72,88,16,hairstyleideas,77,93,16,spookynails,82,100,18,payingoffdebt,107,110,3,welders,141,157,16,brainteasers,93,104,11,welders,141,157,16,collegeclass,140,151,11,maxcomedian,81,97,16,protectthechildren,171,180,9,fiba,156,189,33,brownie,146,162,16,chunkyyarn,116,124,8,仁勇轎伕,90,100,10,slammiami,163,177,14,njtube,162,172,10,honeydeuce,76,85,9,eatingvideo,39,48,9,oldphotos,137,155,18,lalisa,178,191,13,แยกขยะ,27,27,0,fitnessover40,149,162,13,maidana,150,164,14,postpartumrage,110,121,11,payingoffdebt,107,110,3,costcobakery,148,159,11,frostbuddy,184,197,13,thingstodoinsandiego,131,142,11,phonecasewithstand,177,187,10,mariokart,137,148,11,travelhacking,182,194,12,hairdamage,139,148,9,toothpain,84,96,12,toothpain,84,96,12,womenshistory,36,48,12,bonelesscouch,155,168,13,bonelesscouch,155,168,13,decoraciondelhogar,109,123,14,habitosdeexito,77,89,12,hhnhollywood,35,39,4,hobonichiweeks,167,176,9,regenerativefarming,147,162,15,loveconnection,145,154,9,livandmaddie,122,136,14,staind,109,121,12,edm,172,183,11,acidohialuronico,129,141,12,lasvegastattoo,52,55,3,foldingbike,96,112,16,pighunting,186,197,11,womenshoes,185,195,10,randompartnerrandomsong,181,196,15,看我走路,131,139,8,capybara,45,56,11,usshopping,177,187,10,streetphoto,156,170,14,limpiezabaño,87,95,8,teenagelove,85,92,7,scienceshorts,69,79,10,visualtriggers,179,190,11,jeffthekillercosplay,84,98,14,creativecloud,121,132,11,,,,,buckeyes,68,99,31,huskers,172,193,21,sobrenatural,37,48,11,googlechrome,87,97,10,decoraciondelhogar,109,123,14,travelhacking,182,194,12,firstcar,118,126,8,residentevil4,96,108,12,babyotter,155,166,11
costume,11,18,7,copybook,134,141,7,anya,94,99,5,dryerase,42,46,4,firstcar,114,120,6,chunkybaby,55,63,8,chunkybaby,55,63,8,nomakeupmakeup,116,132,16,perfumecollection,129,145,16,curvednails,161,179,18,taxseason,121,124,3,carpinteria,71,86,15,foosball,108,119,11,carpinteria,71,86,15,graudation,163,174,11,rosesarered,84,100,16,naturkatastrophe,36,43,7,ohiostatefootball,73,105,32,cupcakes,98,113,15,chunkyknit,156,164,8,廣濟震天,147,156,9,usacontent,36,49,13,neighbordrama,114,122,8,rootbeer,99,108,9,jimmyjohns,100,109,9,earlyliteracy,96,112,16,impracticaljokersclips,127,138,11,beachcleanup,2,1,-1,gripstrength,70,82,12,daznboxing,78,91,13,parentingtalk,163,174,11,taxseason,121,124,3,lowcaloriesnacks,149,160,11,7brewcoffee,116,128,12,houstonthingstodo,137,148,11,flashforge,128,137,9,mobilegame,150,161,11,salemmassachusetts,45,55,10,bouncyblowout,148,157,9,medication,86,97,11,medication,86,97,11,crusades,72,83,11,garvee,163,176,13,garvee,163,176,13,millenniumfalcon,173,187,14,becomingbetter,94,106,12,cosmicrewind,46,50,4,mymom,173,182,9,minihighland,69,83,14,conjure,146,155,9,harrypotteredit,186,200,14,freesmurk,188,200,12,funnypranks,177,188,11,chinhair,186,198,12,jagua,112,115,3,superatv,149,165,16,kingsalmon,113,123,10,everydaystyle,186,194,8,yagp,184,198,14,페이스드로잉,87,94,7,jumpingspider,123,134,11,litterbox,70,79,9,idahophotographer,121,134,13,aromatizantecasero,182,190,8,lovebombing,121,128,7,astrophysicist,85,95,10,selfdefensekeychain,128,138,10,tinkerbellcosplay,52,65,13,storytips,148,159,11,,,,,texaslonghorns,79,109,30,gokart,113,133,20,wearenotalone,96,107,11,adobeillustrator,122,132,10,millenniumfalcon,173,187,14,salemmassachusetts,45,55,10,carsforsale,132,140,8,mobilegame,146,157,11,ferrets,141,151,10
falloutfitinspo,86,93,7,augustsat,51,57,6,dcu,95,100,5,hyperrealism,74,78,4,truckaccessories,116,122,6,littleboy,94,102,8,littleboy,94,102,8,cerave,75,90,15,freeforms,86,101,15,diymani,172,190,18,taxtips,134,137,3,tilework,124,139,15,testyourknowledge,119,130,11,tilework,124,139,15,campustour,96,106,10,خارجيات_سودانية😂🇸🇩,172,188,16,boise,119,126,7,malachitoney,78,107,29,buns,154,169,15,weddingsignage,181,189,8,盧家玉皇四殿下,173,182,9,dancingmom,90,103,13,hoodvlogs,129,137,8,butfirstcoffee,143,151,8,peelers,163,172,9,pennstateuniversity,112,128,16,connorwood,175,186,11,oceancleanup,5,4,-1,fitnessgoals,72,84,12,ziplining,158,171,13,breakingthecycle,127,137,10,taxtips,134,137,3,gelatoitaliano,185,196,11,dinnertime,133,145,12,atlantafoodie,138,149,11,contentcreatortools,184,193,9,minecrafttutorial,130,139,9,redwoods,95,105,10,dallasbraider,183,192,9,heartburn,136,147,11,heartburn,136,147,11,revolutionarywar,86,97,11,homebuyer,116,128,12,homebuyer,116,128,12,toyfactory,159,172,13,stopcomparing,163,175,12,universalstudiostiktok,98,102,4,diyideas,136,144,8,petducks,84,98,14,tarotista,123,131,8,lorrainebracco,125,138,13,soldierfield,90,101,11,animeedits,185,196,11,bodyglitter,146,157,11,tatuador,92,94,2,internationalharvester,79,93,14,fallfishing,177,187,10,falloutfitinspo,84,91,7,jabbawockeez,145,155,10,香兒的歪壞,119,126,7,catsvideo,102,112,10,catsvideo,73,82,9,brandshoot,134,147,13,detergentes,97,103,6,marriagetalk,133,140,7,theoreticalphysics,107,117,10,maleasmr,165,175,10,sukunacosplay,106,118,12,computervirus,102,112,10,,,,,archmanning,103,133,30,фигурноекатание,138,158,20,crimenes,89,99,10,flashforge,145,155,10,toyfactory,159,172,13,redwoods,95,105,10,cardiy,142,150,8,mariokart,134,144,10,chimps,144,154,10
sweatshirt,147,154,7,nclexstudy,164,170,6,mikey,100,105,5,chalkboard,102,106,4,miata,142,148,6,momgirl💞,97,105,8,momgirl💞,97,105,8,vanitymakeup,115,130,15,dyson,131,146,15,nailglueremover,118,135,17,savingstips,146,149,3,herramienta,144,159,15,guessthecountry,69,79,10,herramienta,144,159,15,baruch,142,152,10,rifecomedyclub,80,95,15,banjiraceh,166,173,7,naomiosaka,101,129,28,queso,174,189,15,homecomingmum,67,74,7,女子官將首,166,174,8,matharekids,174,187,13,dayvlog,185,193,8,liquorstore,171,179,8,crumblcookiereview,58,66,8,apcalc,125,141,16,nicolekidman,47,57,10,recyclingtips,11,10,-1,strengthtrainingforwomen,167,179,12,wrestlingcommunity,171,184,13,gestante,149,159,10,savingstips,146,149,3,littledebbiesnacks,64,74,10,cheers,171,183,12,dcfoodie,170,181,11,magneticmount,72,80,8,nikkegoddessofvictory,109,117,8,toddlertravel,110,120,10,30millionviews,186,195,9,gut,157,168,11,gut,157,168,11,californiahistory,103,114,11,dollartreediy,98,109,11,dollartreediy,98,109,11,pretendplay,46,58,12,dreamersanddoers,148,159,11,kentuckykingdom,72,75,3,limpiezadelhogar,161,169,8,chickenkeeping,88,102,14,energyupdate,139,146,7,sydneysweeney,153,166,13,roa,113,123,10,vegeta,151,161,10,clearaligners,159,170,11,nosejewelry,119,121,2,constructionmachinery,124,137,13,waterfowlhunting,86,95,9,sweatshirt,145,152,7,retrodance,183,193,10,tiktokfrancecotedivoire🇫🇷🇨🇮♥️,130,137,7,rescuecat,130,139,9,bernesemountaindog,117,126,9,fallphotography,178,191,13,usefulproducts,9,14,5,trillacademy,160,167,7,solarflare,36,45,9,satisfyingslime,133,142,9,videogamecosplay,140,152,12,techtutorial,97,106,9,,,,,longhorns,130,160,30,pilatesworkout,99,115,16,scaryphotos,136,146,10,makerworld,191,200,9,pretendplay,46,58,12,toddlertravel,110,120,10,miata,147,155,8,warhammer40k,118,127,9,elefantes,5,14,9
socks,164,171,7,егэподготовка,174,180,6,gear5,107,112,5,linocutprint,150,154,4,jumpstarter,181,187,6,grownsy,105,113,8,grownsy,105,113,8,beautydeals,154,169,15,wigs,141,156,15,bronxnailtech,143,159,16,poohshiesty,32,34,2,teachertip,147,162,15,gamestoplaywithfriends,95,105,10,teachertip,147,162,15,schoolcore,160,170,10,defcomedyjam,160,175,15,rightwing,188,195,7,godawgs,77,102,25,haitianfood,180,195,15,diyroomdecor,86,93,7,嘉義關濟堂,114,121,7,dancingbiker,182,195,13,sobertiktok,76,83,7,milkshakes,180,188,8,canessauce,63,71,8,satmath,130,146,16,alofoke,85,95,10,verifiedchampion,24,23,-1,dreambody,113,124,11,alexandratrusova,24,35,11,agingparents,172,182,10,poohshiesty,32,34,2,weeklymenu,108,118,10,cheese,57,68,11,coffeereview,56,65,9,taptopay,131,139,8,whattoplay,118,126,8,niagarafallscanada,149,159,10,houstonbraider,187,196,9,remedy,167,178,11,remedy,167,178,11,truehistory,68,77,9,homebar,162,173,11,homebar,162,173,11,stuffedtoys,88,100,12,oliviafrasesdemotivacion,152,163,11,hauntedattractions,178,181,3,embarazofeliz,91,98,7,animaltraining,137,150,13,manifestar,154,161,7,adela,55,67,12,orchestra,140,150,10,cowboys,163,173,10,waxingathome,142,152,10,miamitattooartist,134,136,2,arpa,151,164,13,madkatz,106,115,9,socks,162,169,7,poledancelove,58,67,9,mariabeyonce,168,175,7,poodlesoftiktok,171,180,9,cockerspaniel,97,105,8,streetportraits,74,86,12,productosdelimpieza,16,21,5,holdinghands,65,71,6,brainanatomy,79,88,9,energycleansing,138,147,9,shrekcosplay,175,186,11,aiphotoediting,149,158,9,,,,,week1,108,137,29,uefasupercup,63,77,14,scarycreature,150,160,10,thermalprinter,187,195,8,stuffedtoys,88,100,12,niagarafallscanada,149,159,10,carmusthaves,109,116,7,minecrafttutorial,127,135,8,funnyparrots,40,49,9
everydaystyle,189,196,7,tablasdemultiplicar,193,199,6,bluearchive,113,118,5,ohuhumarkers,28,31,3,cardecor,67,72,5,mybabyboy,108,116,8,mybabyboy,108,116,8,gurwm,83,97,14,syntheticwig,148,163,15,baltimorenailtech,182,198,16,ecom,62,64,2,constructiontips,157,172,15,guesstheperson,102,111,9,constructiontips,157,172,15,الشهادة_السودانية,186,196,10,funnycomments,113,127,14,flashflood,11,17,6,lsufootball,27,51,24,caketok,109,123,14,crochetlove,88,95,7,六媽金順崇,158,165,7,viraldances,66,78,12,fightingcancer,93,99,6,crownroyal,182,190,8,gourmetcookies,153,161,8,aerogel,179,195,16,jisoo,139,149,10,familybb,25,24,-1,hyrox,40,49,9,khamzatchimaev,85,96,11,christmassurprise,176,186,10,ecom,62,64,2,goodandgather,174,184,10,buffet,76,87,11,auntieannes,90,99,9,makerworld,170,178,8,relationshipdrama,126,134,8,tripadvisor,160,170,10,pantenepartner,109,117,8,tooth,54,64,10,tooth,54,64,10,truecrimehistory,159,168,9,halloweendecorations,87,97,10,halloweendecorations,87,97,10,rctruck,112,124,12,jimrohn,33,43,10,universalhhn,22,24,2,pumpwithme,140,147,7,fluffycow,46,58,12,virgos,79,85,6,horrormovies,101,113,12,acapella,146,156,10,cfb,18,27,9,beardserum,181,191,10,booktattoo,135,137,2,durangocolorado,159,172,13,anglerfish,124,133,9,costume,11,17,6,matharekids,104,113,9,等待有缘人,79,85,6,rainbowbridge,58,66,8,dogbehavior,128,136,8,sesionfotografica,120,132,12,cleaningbrush,11,15,4,shesaidyes,83,89,6,anatomiahumana,87,96,9,soaplover,158,167,9,dokidokicosplay,86,96,10,chatgpttutorial,153,162,9,,,,,tennesseefootball,122,149,27,diamantblazi,127,140,13,demonhouse,186,196,10,godpic,57,64,7,rctruck,112,124,12,tripadvisor,160,170,10,truckaccessories,121,128,7,fortnitebr,36,43,7,stickinsect,177,185,8
liveauction,73,79,6,desmos,50,55,5,lightningmcqueen,115,120,5,floralart,94,97,3,tucson,73,78,5,kiyomiandmicah,61,68,7,kiyomiandmicah,61,68,7,aquaphor,133,147,14,curlyhead,91,105,14,paintednails,162,177,15,girlyfinds,138,140,2,maintenanceman,164,179,15,quizzes,112,121,9,maintenanceman,164,179,15,pharmacyschool,48,57,9,hairsalondrama,146,160,14,bbcnews,12,18,6,usabasketball,168,192,24,pie,160,174,14,fallcraft,100,107,7,liondance2023,74,80,6,tutting,72,84,12,cozymorning,141,147,6,cutedrinks,192,200,8,papanichoscarneseca,186,194,8,inmigraciónusa,183,199,16,goplay,51,60,9,仲惠助,30,29,-1,weekofworkouts,163,172,9,alexagrasso,178,188,10,17weekspregnant,183,193,10,girlyfinds,138,140,2,markethaul,73,82,9,snacktok,169,180,11,restauranttok,164,173,9,minicamera,122,129,7,r6clips,127,135,8,worldtravel,50,59,9,updo,126,134,8,cavities,114,124,10,cavities,114,124,10,chicagohistory,74,82,8,bedframe,102,112,10,bedframe,102,112,10,collect,127,139,12,liveinthenow,154,164,10,hyperion,125,127,2,bigbrotherlittlesister,171,178,7,muscovyduck,144,156,12,librazodiac,133,139,6,dramaticstory,141,153,12,renaissance,148,158,10,tarotreading,191,200,9,toothcare,62,71,9,tattoostory,194,196,2,aircraftmaintenance,78,90,12,piscifun,189,198,9,liveauction,71,77,6,heatherduke,147,156,9,setiaselamanya💞💞,107,113,6,kucing,64,72,8,dogtoy,89,96,7,photographertok,157,169,12,everydayhacks,24,28,4,datingstories,90,96,6,microworld,97,106,9,crunchyslime,74,82,8,harrypotteroc,92,102,10,swipewipe,31,39,8,,,,,cfp,57,83,26,ohiostate,31,42,11,mckameymanor,77,86,9,magneticmount,83,90,7,collect,127,139,12,worldtravel,50,59,9,cardecor,68,74,6,dragonballlegends,72,79,7,bigbearcalifornia,192,200,8
fallshoes,91,97,6,studymethods,61,66,5,pokemonanime,117,122,5,meeden,163,166,3,carmusthaves,106,111,5,cryingbaby,75,82,7,cryingbaby,75,82,7,wrinklecare,183,197,14,curlyhairtutorial,109,123,14,diseñodeuñas,122,136,14,mortgagerates,169,171,2,skilledtrades,45,59,14,اختبر_معلوماتك,132,141,9,skilledtrades,45,59,14,floridainternationaluniversity,131,140,9,theovonclips,150,164,14,últimahora,70,76,6,alabamafootball,59,80,21,sundaydinner,92,105,13,artcraft,103,110,7,女狮人,76,82,6,dança,84,96,12,makingnewfriends,189,195,6,brumate,104,111,7,degustation,189,197,8,geografia,165,180,15,hiphopnews,145,154,9,ecobrick,7,5,-2,samsulek,60,68,8,womenswrestling,62,70,8,babytime,62,71,9,mortgagerates,169,171,2,foodprices,180,189,9,soulfood,99,109,10,comidachina,167,176,9,thermalprinter,165,172,7,fortnitebr,37,44,7,cathedral,63,72,9,sleekponytail,157,165,8,headacherelief,63,72,9,headacherelief,63,72,9,randomfactstiktok,102,110,8,customhome,120,130,10,customhome,120,130,10,toystore,161,173,12,videomotivacion,159,168,9,hhn,5,6,1,disabledlife,187,194,7,babydonkey,58,69,11,witchytips,160,166,6,doctorstrange,142,154,12,cantante,167,177,10,allamerican,12,20,8,jpg,124,133,9,tattootok,4,5,1,aviationfacts,97,109,12,portablechair,70,78,8,fallshoes,89,95,6,grassdancer,164,173,9,clarapinky8,116,122,6,litterbox,99,107,8,rescuecat,95,102,7,austinphotographer,110,121,11,easyhacks,30,34,4,relationshipproblems,20,25,5,exoplanet,53,61,8,말랑이,93,101,8,cosplaycostume,135,145,10,figmadesign,135,143,8,,,,,notredamefootball,117,142,25,ncaa,45,56,11,ghosthunt,85,94,9,minicamera,140,147,7,toystore,161,173,12,cathedral,63,72,9,tucson,74,80,6,nikkegoddessofvictory,107,114,7,monitos,157,164,7
fallfinds,150,156,6,becas,80,85,5,قصص,121,126,5,искусство,49,51,2,clean🧼,118,123,5,rettsyndrome,118,125,7,rettsyndrome,118,125,7,concealer,53,66,13,healthyhairjourney,140,154,14,nailsartist,123,137,14,dollargeneral,10,11,1,plumbingtools,73,87,14,iqgame,163,172,9,plumbingtools,73,87,14,graduationceremony,144,153,9,scarepranks,169,183,14,trumpadministration,139,145,6,fibawwc,54,74,20,cakesoftiktok,134,146,12,crochetaddiction,63,69,6,传统器材阵式,89,95,6,triodance,89,101,12,amandapleeze,194,200,6,newflavor,109,116,7,กินโชว์,191,199,8,africanhistory,129,143,14,meganskiendiel,124,132,8,trashtag,14,12,-2,турник,153,161,8,iceskatingtiktok,154,162,8,23weekspregnant,102,110,8,dollargeneral,10,11,1,mealdeals,124,132,8,budgetmeals,141,151,10,nashvillehotchicken,176,185,9,starprojector,33,39,6,dragonballlegends,73,80,7,fallfoliage,77,86,9,afrohair,163,171,8,type2diabetes,113,122,9,type2diabetes,113,122,9,genghiskhan,43,50,7,homes,185,195,10,homes,185,195,10,squishycollection,79,90,11,desarrollopersonalymotivacion,173,182,9,statefair,10,11,1,spendthemorningwithme,128,134,6,buckingbulls,85,96,11,vidente,37,42,5,dramazone,148,160,12,musichistory,184,194,10,michaelevansbehling,15,23,8,beardtok,134,143,9,tattedup,10,11,1,lametro,111,123,12,survivalskill,101,109,8,fallfinds,148,154,6,bgirl,173,182,9,jjlagi,122,128,6,cockerspaniel,134,142,8,petpivot,102,109,7,photographyaccessories,140,151,11,fruitflytrap,34,38,4,couplelove,81,86,5,mitosis,64,72,8,squishylovers,132,140,8,fatecosplay,159,169,10,photoeffects,171,179,8,,,,,damarhamlin,150,175,25,espn,74,85,11,historiasbizarras,88,97,9,iphonefold,173,180,7,squishycollection,79,90,11,fallfoliage,77,86,9,carculture,92,98,6,relationshipdrama,123,130,7,phidippusregius,158,165,7
costumeideas,54,59,5,examtips,95,100,5,comictok,125,130,5,pumpkincarving,80,82,2,dodgechallenger,194,199,5,vaquerito,188,195,7,vaquerito,188,195,7,moisturizer,63,76,13,jetblack,147,161,14,nailshape,126,140,14,homebuyer,40,41,1,concreto,106,120,14,moneygame,164,173,9,concreto,106,120,14,milfordct,154,163,9,ضحك_وناسة,175,189,14,migra,157,163,6,atleticodemadrid,134,153,19,dinnertime,68,79,11,diybouquet,141,147,6,佳里興共慶堂轎班會,106,112,6,danzafolklorica,122,134,12,hobonichiweeks,44,49,5,licuadora,162,169,7,kfc_partner,80,87,7,montclairstateuniversity,145,158,13,karenyapoort,143,151,8,petrecycling,19,17,-2,creatineforwomen,173,181,8,elmatador,161,169,8,maedeprimeiraviagem,188,195,7,homebuyer,40,41,1,danville,162,170,8,chickenandwaffles,172,182,10,cheapfood,177,186,9,photoprinter,90,96,6,bloxfruits,46,52,6,swissalps,86,95,9,curlyhairtutorial,40,47,7,saludybienestar,67,75,8,saludybienestar,67,75,8,frenchrevolution,83,90,7,rockingchair,189,199,10,rockingchair,189,199,10,eevee,80,91,11,goalsettingtips,183,192,9,horrornights,13,14,1,missouritok,168,173,5,petchickens,98,108,10,tarottok,38,43,5,markwahlberg,166,178,12,2010,45,54,9,brysontiller,156,164,8,purfume,168,177,9,tattooart,11,12,1,wheelloader,113,124,11,boatcharter,171,179,8,moissanite,191,197,6,familydance,118,126,8,noyanaira,127,133,6,petpivot,141,149,8,maltese,133,140,7,creativestyle,145,156,11,smarttricks,62,66,4,relacionesdepareja,118,123,5,cellbiology,103,111,8,lavandoamano,140,148,8,leagueoflegendscosplay,185,195,10,coupert,109,116,7,,,,,secfootball,62,86,24,raphinha,88,99,11,ghostcaughtoncamera,110,119,9,starprojector,36,42,6,eevee,80,91,11,swissalps,86,95,9,clean🧼,123,129,6,r6clips,124,131,7,tortoises,179,186,7
cozyseason,118,123,5,егэпрофиль,89,93,4,bluey,135,140,5,chicanoart,119,121,2,carshow,59,63,4,childhoodcancerawareness,44,50,6,childhoodcancerawareness,44,50,6,adventcalendar,82,95,13,eyeliner,70,83,13,uñaslargas,134,148,14,businessgrowth,60,61,1,paintsprayer,113,127,14,incohearent,145,153,8,paintsprayer,113,127,14,teachersday,155,164,9,darkhumour,115,128,13,newstiktok,83,88,5,coachprime,107,124,17,indianfood,69,80,11,flowerbasket,153,159,6,水精將軍,118,124,6,swisher3x,168,180,12,marketinggirl,60,65,5,fallcoffee,54,60,6,foodcritics,94,101,7,classmates,71,83,12,ninalin,154,162,8,evera,20,18,-2,bodyrecomp,62,69,7,undertaker,70,77,7,embarazosaludable,192,199,7,businessgrowth,60,61,1,adultlunchable,184,192,8,bananapudding,182,192,10,arlingtonva,188,197,9,humanoid,138,144,6,fannymoment,48,54,6,coupletravel,91,99,8,thickhair,60,67,7,waterflosser,79,87,8,waterflosser,79,87,8,floridahistory,98,105,7,christmastree,61,70,9,christmastree,61,70,9,disneycars,83,94,11,staytruetoyou,79,87,8,disneytravel,34,35,1,csectiondelivery,180,185,5,horsefly,101,111,10,proteccion,53,58,5,словопацана,169,181,12,beatbox,83,92,9,greenlantern,159,167,8,bodyoils,171,180,9,femaletattooartist,15,16,1,aviator,132,143,11,giantfish,181,189,8,costumeideas,52,57,5,dancecore,172,180,8,nadiaelkamel,128,134,6,sharkattack,178,186,8,kucing,47,53,6,creativephotographer,153,164,11,kathwi,105,109,4,islandking7,134,139,5,michiokaku,159,167,8,cornstarcheating,151,159,8,groupcostume,50,59,9,adobefirefly,34,40,6,,,,,ryanwilliams,73,97,24,wrestletok,154,165,11,juegosprohibidospordios,160,169,9,humanoid,157,163,6,disneycars,83,94,11,coupletravel,91,99,8,usaf,164,170,6,bloxfruits,45,51,6,shoebill,185,192,7
slippers,122,127,5,математикаегэ,141,145,4,draw,93,97,4,artprocessvideo,131,133,2,civic,60,64,4,babyhalloweencostume,121,127,6,babyhalloweencostume,121,127,6,povbeauty,101,114,13,wavytalk,87,100,13,lasvegasnails,135,149,14,moneymatters,127,128,1,tig,135,149,14,holidaygames,160,168,8,tig,135,149,14,nursingprogram,167,176,9,tiktokmemes,154,167,13,nbcla,97,102,5,coloradofootball,92,108,16,bananapudding,94,104,10,cardboardcraft,194,200,6,三媽金盛豐,161,167,6,twopeopledance,78,89,11,vloglife,95,100,5,coffeereview,63,69,6,chipotlehacks,121,128,7,mindest,124,136,12,extremecheapskates,19,26,7,sostenibilidadambiental,21,19,-2,workoutathome,83,90,7,skatingtiktok,170,177,7,adoptionjourney,70,76,6,moneymatters,127,128,1,foodpantry,79,86,7,traderjoes,53,62,9,foodiesoftiktok,69,77,8,iphonefold,154,160,6,wtfmoments,124,130,6,nyctrip,116,124,8,texture,98,105,7,lowerbackpain,80,88,8,lowerbackpain,80,88,8,abogadomigratorio,169,176,7,fallhomedecor,82,91,9,fallhomedecor,82,91,9,diorama,97,108,11,cambiatumente,116,124,8,disneyvlog,37,38,1,homecomingmums,184,189,5,blackhorse,63,72,9,leydeatraccion,76,81,5,hospitalstories,177,189,12,sofistadium,122,131,9,rezero,179,187,8,doveholidaytreats,102,110,8,bodymodification,38,39,1,militarytechnology,139,150,11,shimanoreels,184,192,8,cozyseason,116,121,5,dancejourney,175,183,8,россияукраине,164,170,6,chimpanzee,29,36,7,rainbowbridge,43,48,5,godox,58,68,10,drainbasket,27,30,3,relatiinships,143,148,5,biologiadesdecero,177,185,8,leatherasmr,127,134,7,arcanecosplay,78,87,9,automatizacion,117,123,6,,,,,rolltideroll,178,200,22,footballtok,184,195,11,uaps,161,170,9,appdevelopment,183,189,6,diorama,97,108,11,nyctrip,116,124,8,jet,171,177,6,fannymoment,47,53,6,chimp,27,33,6
minidress,132,137,5,apcalculus,56,59,3,bachira,97,101,4,paintingpottery,179,181,2,gmt800,65,69,4,fourthtrimester,125,131,6,fourthtrimester,125,131,6,larocheposaypartner,94,106,12,karseell,108,121,13,nailstiktok,147,161,14,finance,1,1,0,sparkdelivery,153,167,14,lyingchallenge,53,60,7,sparkdelivery,153,167,14,undergrad,29,37,8,bushman,167,180,13,legalnews,182,187,5,miamihurricanes,123,139,16,tamales,104,114,10,centrodemesa,81,86,5,南洲陳公舘,179,185,6,asisebailaenelrancho😍🌵,79,90,11,friendshipadvice,107,112,5,martini,69,75,6,competitiveeating,122,129,7,профильнаяматематика,188,200,12,woowop,110,117,7,huelladecarbono,23,21,-2,musclegrowth,86,93,7,фигурноекатание,17,23,6,dysfunctionalfamily,121,127,6,finance,1,1,0,traderjoesnew,80,87,7,fallrecipes,74,83,9,pizzareview,78,86,8,iphone17procase,129,134,5,majestic,162,168,6,chicagotravel,127,135,8,hairspray,116,123,7,herbaltea,122,130,8,herbaltea,122,130,8,comportamientohumano,188,195,7,homedepotdecor,112,121,9,homedepotdecor,112,121,9,disneyfinds,99,110,11,crecimeintopersonal,175,183,8,disneyworldtips,40,41,1,dementiaawareness,101,105,4,ganaderos,78,87,9,manifestingmethods,82,87,5,delores,57,68,11,altgirl,51,59,8,creepypasta,183,191,8,rejuran,143,151,8,blacktattooartist,77,78,1,tram,175,186,11,campingtok,167,174,7,slippers,120,125,5,usacontent,21,28,7,tiktoktrendsrussia,165,171,6,catdad,80,87,7,doglove,62,67,5,canonr50,69,79,10,hacksforyou,52,55,3,justmarried,27,31,4,periodictable,48,55,7,sleeptherapy,117,123,6,froppy,121,130,9,qwen,122,128,6,,,,,jeremiahsmith,36,54,18,iliatopuria,71,81,10,ufosightings,32,40,8,cordlessvacuum,50,55,5,disneyfinds,99,110,11,chicagotravel,127,135,8,carshow,60,65,5,whattoplay,116,122,6,parrottok,66,72,6
rings,148,153,5,tutoring,70,73,3,kageyama,102,106,4,paintbrush,188,190,2,mustanggt,79,83,4,heartwarrior,126,132,6,heartwarrior,126,132,6,gyarumakeup,166,178,12,nighttimeroutine,134,147,13,floridanailtech,157,171,14,ultabeauty,2,2,0,soldadura,161,175,14,monkeytailgame,131,138,7,soldadura,161,175,14,businessmajor,92,100,8,nursinghumor,178,190,12,clima,193,198,5,touchfootball,181,197,16,comidacasera,107,117,10,crochetpatterns,124,129,5,嗨起來,53,58,5,animedance,149,160,11,dumpsterdive,111,116,5,cookiebutter,78,84,6,teacherlunch,141,148,7,laughhard__,87,98,11,lararaj,132,139,7,climb2change,29,25,-4,indoorcycling,114,121,7,champ,36,42,6,secondbaby,129,135,6,ultabeauty,2,2,0,minicakes,113,120,7,recipesoftiktok,84,93,9,laeats,82,90,8,3dprinted,30,34,4,ashe,181,187,6,sleepingbeardunes,128,136,8,ricci,133,140,7,chiro,185,193,8,chiro,185,193,8,peticionfamiliar,78,84,6,cloroxpartner,130,139,9,cloroxpartner,130,139,9,squishmallow,111,122,11,valuvalcarcel,177,185,8,hauntseason,55,56,1,livertransplant,116,120,4,familyranch,116,125,9,guíaespiritual,83,88,5,dramatiktok,84,95,11,lukebryan,52,60,8,youngsheldon,71,78,7,teethtransformation,158,166,8,momtattoo,104,105,1,g2master,82,92,10,carpy,179,186,7,minidress,130,135,5,f5ve,33,40,7,uraaaaaaaaaaaaaaaaaaaa,166,172,6,hummingbird,144,151,7,chocolatelab,66,71,5,photographyjourney,163,173,10,bathroomspray,73,76,3,longdistancelove,61,65,4,cymatics,60,67,7,aggressiveasmr,130,136,6,gaaracosplay,126,135,9,linuxmint,147,153,6,,,,,cocogauff,88,106,18,deportesentiktok,85,94,9,nahual,58,66,8,hypiccreator,51,56,5,squishmallow,111,122,11,sleepingbeardunes,128,136,8,civic,61,66,5,majestic,158,164,6,snowleopard,87,93,6
cider,163,168,5,nclexreview,78,81,3,johnstewart,106,110,4,handwriting,6,7,1,carculture,91,95,4,babybassinet,129,135,6,babybassinet,129,135,6,naturallashes,181,193,12,diylashes,138,151,13,nailsvideotutorial,80,93,13,personalfinance,3,3,0,drywalltools,168,182,14,quizgame,140,147,7,drywalltools,168,182,14,dreamschool,112,120,8,dadhumor,181,193,12,weathertok,85,89,4,dudeperfect,166,181,15,spaghetti,108,118,10,botellaspersonalizadas,179,184,5,múalan2023,81,86,5,universoulcircus,186,197,11,fallmorningroutine,146,151,5,winetasting,89,95,6,cavaorder,167,174,7,physicsexperiment,115,126,11,mrlean,88,94,6,pedulilingkungan,16,,,ejerciciosencasa,130,137,7,bagwork,52,58,6,militarymom,132,138,6,personalfinance,3,3,0,goodfoodvibes,140,147,7,cinnamonroll,102,111,9,dintaifungreview,142,150,8,outletextender,114,118,4,fortnitefunny,53,58,5,travelcouples,177,185,8,herbalessencespartner,166,173,7,intimatecare,71,78,7,intimatecare,71,78,7,viralfact,143,149,6,vanitymakeup,137,146,9,vanitymakeup,137,146,9,remotecontrol,94,104,10,cambiodementalidad,73,80,7,ufoキャッチャー,60,61,1,40weekspregnant,133,137,4,animalsanctuary,91,99,8,speedcubing,84,89,5,youngsheldonedit,31,41,10,kellyclarkson,88,96,8,justice,121,128,7,mjdaisy,52,59,7,californiatattooartist,144,145,1,bikeupgrade,177,187,10,beringsea,43,49,6,rings,146,151,5,wcs,187,194,7,lovemyhusband💖,54,59,5,chocolatelab,93,99,6,greatdane,68,73,5,sportsphotos,128,137,9,standingframe,107,110,3,newlyweds,69,73,4,scienceismagic,75,82,7,relexing,137,143,6,madokamagicacosplay,102,110,8,アイビスペイント新機能,150,156,6,,,,,goofynfl,92,110,18,footballgame,94,103,9,laceyfletcher,60,68,8,photoprinter,102,107,5,remotecontrol,94,104,10,travelcouples,177,185,8,gmt800,66,71,5,fortnitefunny,52,57,5,monpai,88,94,6
fitchecks,174,179,5,aphug,81,84,3,verbalase,112,116,4,coloringbook,9,10,1,gt3rs,101,105,4,tripletmom,156,162,6,tripletmom,156,162,6,lashtutorial,52,63,11,karseellcollagen,160,173,13,nailtreatment,97,110,13,moneytips,4,4,0,warehouseworker,77,90,13,risasjajajajajajajajja,148,155,7,warehouseworker,77,90,13,apstats,151,159,8,coupleshumor,71,82,11,worldtradecenter,91,95,4,fcbarcelona🔵🔴,102,116,14,buildyourown,175,185,10,cricutmaker,142,146,4,lansurong2023,82,87,5,dancevibes,57,67,10,selfcarenight,80,84,4,chobani,90,96,6,sfinfluencer,171,178,7,юрист,118,129,11,cheapskates,161,167,6,cuidadodelplaneta,18,,,creatinamonohidratada,187,194,7,floydmayweather,54,60,6,motherdaughterlove,191,197,6,moneytips,4,4,0,glittercake,145,152,7,crumblecookie,149,158,9,atxfood,143,151,8,acer,136,140,4,doors,71,76,5,rockymountainnationalpark,47,54,7,dfwhairstylist,184,191,7,tcm,72,79,7,tcm,72,79,7,easterisland,184,190,6,cleaningasmr,179,188,9,cleaningasmr,179,188,9,dolltok,117,127,10,motivationalposts,106,113,7,universalstudiosjapan,84,85,1,journalwithme,145,149,4,ферма,113,121,8,ритуал,111,116,5,ted2,95,105,10,curlyhead,95,103,8,adventuretime,152,159,7,pradaparadigme,112,119,7,идеитату,164,165,1,miniexcavator,26,35,9,campingcot,57,63,6,cider,161,166,5,socialdance,136,142,6,prasason,75,80,5,frenchiesoftiktok,59,64,5,catmemes,94,99,5,raleighphotographer,148,157,9,lifeshacks,117,120,3,manosphere,87,91,4,spacetech,76,83,7,earclean,139,145,6,miraculousladybugcosplay,120,128,8,aiassistant,25,30,5,,,,,georgiabulldogs,96,113,17,bodytransformation,132,141,9,alabamatravel,70,78,8,bluetoothspeaker,42,46,4,dolltok,117,127,10,rockymountainnationalpark,47,54,7,mustanggt,80,85,5,doors,70,75,5,birdsounds,127,133,6
moissanite,194,199,5,nextgennclex,94,97,3,anyaforger,119,123,4,artteacher,24,25,1,taller,121,125,4,amordetia,186,192,6,amordetia,186,192,6,weddingmakeup,106,117,11,rhode,74,86,12,dustcollector,101,114,13,savingmoney,5,5,0,metalfabrication,111,124,13,tbfunnyasf,61,67,6,metalfabrication,111,124,13,universityofsoutherncalifornia,158,166,8,textprank,109,120,11,racismawareness,115,119,4,texasfootball,128,142,14,jamaicanfood,188,198,10,diycraft,11,14,3,小港聖帝殿聯聖會,87,92,5,coupledance,116,126,10,afterworkroutine,99,103,4,coors,98,104,6,icecreamtaco,179,186,7,cosmos,48,58,10,jikook,163,169,6,cuidarelmedioambiente🌏♻️🌏🌏🌏,28,,,workoutplan,44,50,6,мма,59,64,5,embarazofeliz,37,42,5,savingmoney,5,5,0,cashew,35,41,6,deliciousfood,161,170,9,koreatown,179,187,8,solarpanel,147,151,4,ranked,90,95,5,nclpartner,105,112,7,karseell,39,45,6,orthodontist,73,80,7,orthodontist,73,80,7,testamento,185,191,6,vanitymirror,72,80,8,vanitymirror,72,80,8,animeplush,132,142,10,porelplacerdevivir,124,131,7,disneyhack,85,86,1,autismfamily,147,151,4,miniaturecow,150,158,8,divinemasculine,140,145,5,viralpakistanidrama,154,164,10,flute,129,137,8,otaku,161,168,7,phlurfragrance,118,125,7,tattooartist,1,1,0,sr71,48,57,9,fishingforlife,99,105,6,fitchecks,172,177,5,salsacaleña,143,149,6,linhbaby,78,83,5,greatdane,96,101,5,doggroomer,103,108,5,birthdayshootideas,166,175,9,dodungnhabep,123,126,3,gettingmarried,93,97,4,quasar,98,105,7,asmrreiki,152,158,6,inflatablecostume,136,144,8,chatgpthacks,134,139,5,,,,,jaydendaniels,176,191,15,manchesterunited,66,74,8,truescarystories,75,83,8,phonestorage,70,74,4,animeplush,132,142,10,nclpartner,105,112,7,bagged,94,99,5,ogfortnite,136,141,5,prayingmantis,132,138,6
tiktokmademebuylt,84,88,4,howtostudy,101,104,3,aizen,144,148,4,artsupplies,25,26,1,carshopping,124,128,4,playpen,113,118,5,playpen,113,118,5,sephorafinds,164,175,11,thinninghair,112,124,12,onail,163,176,13,starbucksdrinks,6,6,0,cleaningcompany,165,178,13,funchallenge,72,78,6,cleaningcompany,165,178,13,studyvlog,35,42,7,hairsalonhorrorstory,145,156,11,chicagonews,135,139,4,manchestercity,97,110,13,budgetmeals,74,83,9,diygift,35,38,3,传统南狮器材表演,96,101,5,hupangos,135,145,10,whatimreading,124,128,4,booze,146,152,6,nemchua,183,190,7,nclexprep,62,72,10,angelaaguilar,34,39,5,,,,,gymgear,100,106,6,shuffleskating,60,65,5,dementiaawareness,40,45,5,starbucksdrinks,6,6,0,bulkcandy,82,88,6,7brew,35,43,8,martinspotatorolls,40,47,7,wirelessmicrophone,178,182,4,nikke,105,110,5,cruisenorwegian,109,116,7,blowoututorial,95,101,6,usahealth,102,109,7,usahealth,102,109,7,ugolord,28,33,5,homediy,84,92,8,homediy,84,92,8,umbreon,77,86,9,believeandachieve,128,135,7,toromecanico,133,134,1,infertility,29,32,3,meatbirds,163,171,8,intuicion,144,149,5,dcuniverse,157,167,10,letrasdecanciones,136,144,8,easterneurope,173,180,7,darkunderarms,148,155,7,tattooideas,2,2,0,claas,95,104,9,صيد,105,111,6,whatnotpartner,187,192,5,dança,48,53,5,songsinhkhacgioi,86,91,5,dogtoy,124,129,5,poodlesoftiktok,125,130,5,photographybts,164,172,8,好東西一起分享,146,149,3,usforever,126,130,4,solarstorm,105,112,7,balloonpopping,176,182,6,raritycosplay,158,166,8,tipswhatsapp,137,142,5,,,,,naomiosaka,54,68,14,realbetis,110,118,8,criaturas,80,88,8,adobe,112,116,4,umbreon,77,86,9,cruisenorwegian,109,116,7,usnavy,96,101,5,ashe,177,182,5,petbirds,77,82,5
workwear,129,133,4,nclexquestions,133,136,3,osc,149,153,4,paintingtutorial,27,28,1,kenworth,135,139,4,dogsandbabies,117,122,5,dogsandbabies,117,122,5,mikaylanogueira,60,70,10,smoothhair,115,127,12,stamping,170,183,13,crypto,7,7,0,cobre,174,187,13,popdarts,84,90,6,cobre,174,187,13,optometrystudent,69,76,7,ralphbarbosa,159,170,11,supremecourt,158,162,4,huskers,113,126,13,sausage,125,134,9,floristoftiktok,75,78,3,莊儀團,120,125,5,kyalsin,169,179,10,functionalneurologicaldisorder,149,153,4,drinkasmr,151,157,6,candyasmr,74,80,6,matematicas,122,132,10,kellyclarkson,56,61,5,,,,,كمال_الاجسام,194,200,6,jamskate,61,66,5,crianza,48,53,5,crypto,7,7,0,bjswholesaleclub,107,113,6,crumblcookies,104,112,8,vegasfoodie,71,78,7,technews,25,28,3,rainbowsix,119,124,5,beachparadise,186,193,7,hairvolume,103,109,6,maryruths,119,126,7,maryruths,119,126,7,nychistory,53,58,5,diydecor,103,111,8,diydecor,103,111,8,booknook,92,101,9,lifereminder,136,143,7,revengeofthemummy,138,139,1,halloweendiy,34,37,3,highlandcattle,47,54,7,scorpioenergy,155,160,5,movietime,189,199,10,harmony,137,145,8,prankvideo,128,134,6,perfumeaddict,155,162,7,blackandgreytattoo,8,8,0,rockbros,133,142,9,elkseason,115,121,6,tiktokmademebuylt,82,86,4,cwalk,49,54,5,foryour❤️❤️,105,110,5,catcare,174,179,5,catlovers,28,32,4,tripodbluetooth,187,195,8,gapbrush,152,155,3,weddingbudget,141,145,4,pyrolysis,157,164,7,medicalexam,190,196,6,janedoecosplay,183,191,8,photoeffect,144,149,5,,,,,ohiostatefootball,39,51,12,powerlifting,84,91,7,friday13,84,92,8,bluetoothearbuds,126,130,4,booknook,92,101,9,beachparadise,186,193,7,gt3rs,104,109,5,gamingclips,48,52,4,gibbon,80,85,5
streetwearstyle,173,177,4,вышмат,162,165,3,dragonballsuper,36,39,3,paintingprocess,29,30,1,jet,163,167,4,newbornphotography,141,146,5,newbornphotography,141,146,5,rarebeauty,65,75,10,lorealparishaircare,127,139,12,креативныйманикюр,179,192,13,retirement,8,8,0,firefightertiktok,61,73,12,itsbananas,120,126,6,firefightertiktok,61,73,12,predent,123,130,7,jefe,161,172,11,ebt,178,182,4,leaguescup,124,136,12,onepanmeal,161,170,9,yarnaddict,93,96,3,潮州鑼鼓,61,65,4,414📍,98,107,9,morningcommute,36,39,3,cafecito,39,44,5,candygrapes,102,108,6,takeaction,123,133,10,junje,190,195,5,,,,,garagegym,73,78,5,dirtbikelife,63,68,5,40weekspregnant,59,64,5,retirement,8,8,0,snackboard,117,123,6,soup,110,118,8,vegasfood,74,81,7,3dprint,28,31,3,ogfortnite,140,145,5,nychotel,133,139,6,hairclips,113,119,6,neurogum,120,127,7,neurogum,120,127,7,victorianera,63,68,5,aestheticroom,176,184,8,aestheticroom,176,184,8,kendama,93,102,9,inspirationandmotivation,153,160,7,epcotcenter,155,156,1,kidscrafts,70,73,3,kikirikis,67,74,7,приворот,166,171,5,hogwarts,44,53,9,musicacristiana,147,155,8,witch,168,174,6,micropigmentacion,190,197,7,tattoodesign,9,9,0,combineharvester,182,191,9,sitkagear,123,129,6,workwear,127,131,4,triodance,53,58,5,하루필름,126,131,5,orca,182,187,5,dogmomlife,39,43,4,ncphotographer,78,85,7,el_tio_de_los_tutoriales,178,181,3,homecomingproposal,156,160,4,lanasa,164,171,7,tabasquishy,13,18,5,renfair,22,29,7,aivideocreation,175,180,5,,,,,alabamafootball,27,38,11,touchdown,103,110,7,unexplainedphenomena,105,113,8,outletextender,133,137,4,kendama,93,102,9,nychotel,133,139,6,taller,126,131,5,hok,76,80,4,orbweaver,126,131,5
whatnotpartner,190,194,4,multiplication,52,54,2,denji,51,54,3,cocowyo,36,37,1,carsofinstagram,196,200,4,momandbaby,149,154,5,momandbaby,149,154,5,settingpowder,68,78,10,olaypartner,153,165,12,christmasnails,108,120,12,budgeting,9,9,0,toolstoday,136,148,12,puzzlelovers,123,129,6,toolstoday,136,148,12,baruchcollege,176,183,7,standupcomedian,79,89,10,atención,117,120,3,footballszn,130,140,10,petermillar,163,172,9,chunkyknitblanket,96,99,3,xuanlongliondance,62,66,4,russellhustle,145,154,9,tikitakis,70,73,3,starbies,74,79,5,newmenuitem,106,112,6,collegeapplications,133,142,9,lisa,37,41,4,,,,,forearmworkout,152,157,5,wrestlingtok,98,103,5,autismparenting,74,79,5,budgeting,9,9,0,papanichoscarneseca,143,149,6,goodeats,112,120,8,lasvegasfood,75,82,7,bluetoothspeaker,38,41,3,minigame,33,37,4,arizonatravel,172,178,6,headandshoulderspartner,125,131,6,healthawareness,29,35,6,healthawareness,29,35,6,funfactsoftheday,81,86,5,casaenventa,181,189,8,casaenventa,181,189,8,frankiestein,96,105,9,millionairementality,158,165,7,woodsofterror,158,159,1,pumpingtips,109,112,3,gallitosminiatura,106,113,7,manifestación,179,184,5,thatssoraven,70,79,9,travisscott,28,35,7,risas,169,175,6,soapmaking,64,70,6,matchingtattoos,13,13,0,mobilityscooter,23,31,8,snookfishing,133,139,6,streetwearstyle,171,175,4,1milliondance,96,101,5,polishwomen🇵🇱,143,148,5,catlovers,33,37,4,fishtank,50,54,4,photographylighting,151,158,7,toolhack,6,8,2,datingstandards,187,191,4,onemotivations1,165,172,7,squeegee,78,83,5,masktoker,64,71,7,aivideoeditor,187,192,5,,,,,patmcafee,106,117,11,womensbasketball,105,112,7,unexplainable,117,125,8,acer,156,160,4,frankiestein,96,105,9,arizonatravel,172,178,6,carshopping,129,134,5,mobilegaming,80,84,4,spiders,31,35,4
wallet,81,84,3,mathhacks,66,68,2,makima,77,80,3,blackartist,46,47,1,silverado,20,23,3,5months,181,186,5,5months,181,186,5,fallmakeup,90,100,10,viralmakeup,166,178,12,kiaraskynails,130,142,12,ecommerce,12,12,0,stickwelding,140,152,12,indoorgames,137,143,6,stickwelding,140,152,12,classmates,20,26,6,siiriparkss,106,116,10,haitianusa,197,200,3,ohiostate,19,27,8,fallrecipes,38,46,8,scrapbookwithme,101,104,3,第一天,69,73,4,1milliondance,159,168,9,spinalcordinjurysurvivor,147,150,3,bartok,88,93,5,funnyfood,111,117,6,worldwar2,72,80,8,jayshawn,122,126,4,,,,,fitnessroutine,165,170,5,goldberg,192,197,5,pregnancymusthaves,103,108,5,ecommerce,12,12,0,crumblspoiler,144,150,6,hotdog,47,54,7,atlantarestaurants,133,140,7,cordlessvacuum,46,49,3,zenlesszonezero,34,38,4,goldengatebridge,37,42,5,hairbrush,149,155,6,posturecorrection,46,52,6,posturecorrection,46,52,6,historiademexico,111,116,5,lawnsweeper,192,200,8,lawnsweeper,192,200,8,fisherprice,121,130,9,motivationaltiktok,160,167,7,kidsempire,187,188,1,etsycreatorco,113,116,3,equestriantok,165,172,7,spellwork,56,60,4,lasestrellas,134,143,9,btsconcert,35,42,7,umamusume,171,177,6,fallfragrance,72,78,6,tattooremoval,14,14,0,militarytech,36,44,8,pescadeportiva,139,145,6,kidsfashion,196,200,4,freakumdress,123,128,5,mts⭐,191,196,5,adorable,42,46,4,pethairremoval,134,138,4,фотографставрополь,159,166,7,trucosdelimpieza,8,10,2,fearfulavoidant,21,24,3,cromosomas,173,180,7,crispyasmr,146,151,5,undertalecosplay,68,75,7,digitalplanner,13,17,4,,,,,coloradofootball,44,53,9,beisbol,115,122,7,historiaoscura,42,49,7,technews,28,31,3,fisherprice,121,130,9,goldengatebridge,37,42,5,kenworth,140,145,5,unstablesmp,84,88,4,africangrey,74,78,4
shoplocal,131,134,3,satmathprep,84,86,2,levi,81,84,3,learntopaint,48,49,1,musclecar,46,49,3,babyanddog,185,190,5,babyanddog,185,190,5,liptint,98,108,10,dreadhead,76,87,11,gothnails,139,151,12,walmartpartner,13,13,0,gigwork,82,93,11,islamicquiz,144,150,6,gigwork,82,93,11,huntercollege,88,94,6,peda,134,144,10,jdvance,69,71,2,ncaa,29,37,8,oxtail,80,88,8,birthdaydecoration,106,109,3,金精將軍,119,123,4,southernuniversity💙💛,51,59,8,cozyvlog,158,161,3,coconutmargarita,177,182,5,neverendingpastabowl,116,122,6,matematica,111,119,8,thebougieshow,172,176,4,,,,,hiit,180,185,5,therock,32,36,4,iwasntexpectingababy,33,37,4,walmartpartner,13,13,0,glutenfreesnacks,151,157,6,coffeeshop,71,78,7,comidacolombiana,148,155,7,automation,65,68,3,gamingclips,49,53,4,travelgram,78,83,5,fringe,168,174,6,kidshealth,77,83,6,kidshealth,77,83,6,factz,137,142,5,reno,99,106,7,reno,99,106,7,cooltoys,187,196,9,éxitopersonal,165,172,7,disneyland,1,1,0,rockhounding,188,191,3,regenerativeagriculture,70,76,6,scorpioseason,72,76,4,suits,140,149,9,2009,99,106,7,collegefootball,5,10,5,oldspice,82,88,6,tattooinspiration,23,23,0,aviationhistory,37,45,8,custombaits,149,155,6,wallet,79,82,3,dancecommunity,149,154,5,patatiiiiiiiiiiiiiiiiiiiiiiiiiiiiiiii🦋,12,16,4,animales,56,60,4,rabbitsoftiktok,77,80,3,bikipsongao,160,167,7,lifehelper,18,20,2,couplestok,38,41,3,spazio,176,183,7,ingrownhairpull,159,164,5,gravityfallscosplay,148,155,7,chatbot,30,34,4,,,,,cardinals,52,61,9,برشلونة,122,129,7,creepyvideos,57,64,7,3dprint,32,35,3,cooltoys,187,196,9,travelgram,78,83,5,teslatok,151,156,5,ranked,89,93,4,stickbug,117,121,4
jumpsuit,133,136,3,grade8,93,95,2,sungjinwoo,82,85,3,sculptureart,52,53,1,led,47,50,3,newbornmom,32,36,4,newbornmom,32,36,4,waterproofmakeup,109,119,10,glowyskin,85,96,11,manicuretools,155,167,12,stocks,14,14,0,stucco,162,173,11,tapchallenge,158,164,6,stucco,162,173,11,highered,120,126,6,relationshipmemes,143,153,10,naturaldisaster,75,77,2,diamantblazi,85,93,8,africanfood,159,167,8,washitape,131,134,3,慈悲月,125,129,4,danc,100,108,8,howmuchispendinaday,172,175,3,folgers,193,198,5,tastetesting,162,168,6,dailyinspiration,114,122,8,bts_official_bighit,17,20,3,,,,,gymmom,191,196,5,wrestlemania,40,44,4,prenatal,99,103,4,stocks,14,14,0,chocolates,166,172,6,hotdogs,87,94,7,foodtrucks,185,192,7,bluetoothearbuds,110,113,3,hok,77,81,4,travelvibes,93,98,5,bonnet,82,87,5,sidesleeper,78,84,6,sidesleeper,78,84,6,historiadevenezuela,156,161,5,apartmenthunting,110,117,7,apartmenthunting,110,117,7,jellycatcollection,61,69,8,hustleandheart,166,173,7,worldoffrozen,2,2,0,easycrafts,196,199,3,calvingseason,190,196,6,astrologysigns,74,78,4,team7bro,146,155,9,cancion,112,119,7,stevenuniverse,43,48,5,perfum,105,111,6,newpiercing,32,32,0,blackhawk,43,51,8,paddlefish,155,161,6,shoplocal,129,132,3,isthislove,154,159,5,bomerang,24,28,4,fishtank,69,73,4,catrescue,81,84,3,funphotoshoot,175,182,7,cocinalimpia,22,24,2,relacionadistancia,124,127,3,physicsexperiment,19,25,6,fidgetasmr,166,171,5,nightwingcosplay,169,176,7,computertips,43,47,4,,,,,miamihurricanes,69,77,8,horsesoftiktok,136,143,7,horroranalogico,74,81,7,3dprinted,35,38,3,jellycatcollection,61,69,8,travelvibes,93,98,5,gsxr,182,187,5,nikke,103,107,4,capybara,6,9,3
pushupbra,136,139,3,егэматематика,107,109,2,sanji,83,86,3,glitterpens,54,55,1,beat,52,55,3,milestone,49,53,4,milestone,49,53,4,tiktokshopfindsfyp,113,123,10,skincaretok,139,150,11,longnailsproblems,68,79,11,couponing,15,15,0,dewalttough,67,77,10,gamenights,159,165,6,dewalttough,67,77,10,uncp,169,175,6,funnypodcast,158,168,10,deportaciones,104,106,2,collegeathlete,172,180,8,cocinamexicana,179,187,8,diyforkids,133,136,3,liondanceculture,142,146,4,dancerlife,108,116,8,livingalone,9,11,2,fundrinks,108,112,4,chipotlehoneychicken,185,191,6,wisewords,144,152,8,premiosjuventud,25,28,3,,,,,conditioning,48,52,4,sxs,41,45,4,soldiercominghome,120,124,4,couponing,15,15,0,snackshack,167,173,6,fallbaking,92,99,7,frozenyogurt,35,41,6,privacyscreen,142,145,3,mobilegaming,81,85,4,nychotels,96,101,5,fallhair,87,92,5,holistichealing,125,131,6,holistichealing,125,131,6,psicoterapia,177,182,5,renters,142,149,7,renters,142,149,7,homemadesquishy,76,84,8,celebrityquotes,170,177,7,disneyadventureworld,3,3,0,livingalone,26,28,2,babygoats,10,15,5,witchtip,90,94,4,russianculture,64,72,8,sleeptoken,152,159,7,dragonballz,44,49,5,sweetperfume,123,129,6,tonguesplit,73,73,0,farmequipment,52,60,8,deadliestcatch,27,32,5,jumpsuit,131,134,3,ballroom,25,29,4,附近的人,37,41,4,catmemes,129,133,4,petgrooming,84,87,3,atlantaphotographer,17,23,6,usefulfinds,29,31,2,weddingspeech,139,142,3,cienciaentiktok,23,29,6,viralasmr,18,22,4,cosplayfyp,105,111,6,digitalnotes,58,62,4,,,,,coloradobuffaloes,97,105,8,cashnasty,168,175,7,alieninvasion,82,89,7,openai,58,61,3,homemadesquishy,76,84,8,nychotels,96,101,5,beat,53,57,4,wtfmoments,122,126,4,animaltok,44,47,3
y2kfashion,143,146,3,matematika,115,117,2,animefans,88,91,3,artcollector,73,74,1,digrig,55,58,3,babyhack,72,76,4,babyhack,72,76,4,eyeshadowpalette,155,165,10,easyhairstyles,66,76,10,nailremover,72,83,11,stockmarket,18,18,0,weld,70,80,10,guesstheanimal,175,181,6,weld,70,80,10,christianschool,181,187,6,comedylegend,184,194,10,protectchildren,150,152,2,runningback,178,186,8,hotdog,23,30,7,polymerclaytutorial,146,149,3,萬丹聖君堂,159,163,4,waterdance,109,117,8,payitforward,26,28,2,7brewenergy,149,153,4,wingstoppartner,52,57,5,lsatprep,148,156,8,maliah,64,67,3,,,,,gymgirlthings,97,101,4,mmafighter,51,55,4,coparentingstruggles,140,144,4,stockmarket,18,18,0,bubscandy,170,176,6,chipotlepartner,97,104,7,miamirestaurants,152,158,6,portablepowerstation,167,170,3,unstablesmp,85,89,4,couplestrip,118,123,5,twist,134,139,5,toothextraction,174,180,6,toothextraction,174,180,6,юрист,30,34,4,wayfairfinds,148,155,7,wayfairfinds,148,155,7,stemtoys,106,114,8,motivationalinspiration,45,51,6,disneylandparis,4,4,0,breastfeedingjourney,39,41,2,goatfarm,65,70,5,libragang,177,181,4,primevideo,86,94,8,clarinet,168,175,7,dbz,127,132,5,diorsauvage,162,168,6,skulltattoo,102,102,0,trike,59,67,8,outdoorchair,47,52,5,pushupbra,134,137,3,poledancing,27,31,4,batidasincronizada,58,62,4,doggroomer,142,146,4,veterinarymedicine,100,103,3,photoboothrental,35,41,6,trucosparaelhogar,61,63,2,eday,149,152,3,outerspace,26,32,6,asmrmedical,70,74,4,disfraces,116,122,6,windowstips,87,91,4,,,,,preseasonfootball,118,126,8,parissaintgermain,59,65,6,tiktokhorror,104,111,7,iphone17procase,150,153,3,stemtoys,106,114,8,couplestrip,118,123,5,digrig,56,60,4,nvidia,147,151,4,wildlifeawareness,64,67,3
smartglasses,158,161,3,mathematic,132,134,2,dragonballlegends,92,95,3,easydrawing,79,80,1,autos,57,60,3,littlebaby,82,86,4,littlebaby,82,86,4,diybeauty,172,182,10,curly,80,90,10,nailextension,73,84,11,paypalpartner,20,20,0,electricalwork,84,94,10,adivinanzas,179,185,6,electricalwork,84,94,10,montclairstateuniversity,40,45,5,mattrifeedit,59,68,9,criminaldefense,151,153,2,uefasupercup,43,50,7,cheese,29,36,7,jabonesnaturales,157,160,3,祖媽金順盛,162,166,4,westcoastswing,141,149,8,disabledlife,49,51,2,chocolatemilk,150,154,4,whatiatetoday,60,65,5,shs,149,157,8,redcarpet,76,79,3,,,,,gymgirlsoftiktok,107,111,4,supercross,65,69,4,siblingbond,190,194,4,paypalpartner,20,20,0,cakeshop,173,179,6,soupseason,109,116,7,londonhotspots,165,171,6,traveltech,182,185,3,wildrift,100,104,4,canadianrockies,158,163,5,texturedfringe,162,167,5,patientadvocacy,181,187,6,patientadvocacy,181,187,6,legaleducation,35,39,4,realestatetips,152,159,7,realestatetips,152,159,7,magnetictiles,107,115,8,meir9ether,75,81,6,halloweenhorrornights,7,7,0,diycraft,51,53,2,raisingchickens,100,105,5,intuitivereading,181,185,4,exposepoint,89,97,8,salsabaul,182,189,7,coraline,139,144,5,gourmandgirlies,172,178,6,blackandgreytattoos,142,142,0,citybike,107,115,8,wildernesssurvival,83,88,5,y2kfashion,141,144,3,ballroomdance,28,32,4,sweetmadness,74,78,4,catparents,157,161,4,catparents,115,118,3,cameraaccessories,43,49,6,生活小妙招,63,65,2,gaycouplegoals,161,164,3,aerogel,28,34,6,stressballs,98,102,4,darknights,131,137,6,ediciondevideo,101,105,4,,,,,lsufootball,13,20,7,back,73,79,6,truemystery,115,122,7,wiredheadphones,153,156,3,magnetictiles,107,115,8,canadianrockies,158,163,5,autos,58,62,4,3сентября,148,152,4,viralanimals,131,134,3
fitinspo,161,164,3,scholarshiptok,147,149,2,bfdi,101,104,3,cozycoloring,85,86,1,harley,68,71,3,playmat,93,97,4,playmat,93,97,4,eyeliner,29,38,9,nailideas,165,175,10,unhasdecoradas,98,109,11,socialsecurity,29,29,0,josueroofing,87,97,10,看完不笑算我输,186,192,6,josueroofing,87,97,10,upenn,86,91,5,poochina,74,83,9,humanitarianaid,175,177,2,footballtok,120,127,7,recipesoftiktok,44,51,7,balloonhack,173,176,3,集玄殿神將社,180,184,4,dancebrazil🇧🇷,170,178,8,rockhounding,52,54,2,pumpkincoffee,163,167,4,mukbanger,73,78,5,calculus,52,59,7,adinross,77,80,3,,,,,progressiveoverload,116,120,4,sanddunes,97,101,4,postpartumessentials,196,200,4,socialsecurity,29,29,0,sweetshop,66,71,5,mukbangasmr,129,136,7,sandiegoeats,174,180,6,emergencyprep,193,196,3,1v1,102,106,4,jacuzzi,166,171,5,hairstyleideas,25,29,4,headaches,183,189,6,headaches,183,189,6,geografia,47,51,4,realestatetiktok,184,191,7,realestatetiktok,184,191,7,minisoambassador,113,121,8,motivationalclip,126,132,6,disneyparks,8,8,0,dumpsterdiving,65,67,2,newbornfoal,105,110,5,zodiachumor,192,196,4,prettylittleliars,143,151,8,classicalmusic,189,196,7,ravensymone,164,169,5,oud,188,194,6,tattoolaser,151,151,0,spotting,110,118,8,saddlehunting,87,92,5,smartglasses,156,159,3,asisebailaenelrancho😍🌵,46,50,4,dhan_dhannn11,80,84,4,cathealth,184,188,4,cathealth,131,134,3,ocphotographer,113,119,6,kitchencleaner,66,68,2,relationshipadvice,2,4,2,анатомия,43,49,6,asmrbarbershop,107,111,4,starfirecosplay,19,24,5,creativeediting,110,114,4,,,,,texasfootball,71,78,7,celebration,82,88,6,hauntedobjects,120,127,7,solarpanel,167,170,3,minisoambassador,113,121,8,jacuzzi,166,171,5,harley,69,73,4,skibiditoilet,150,154,4,natureiswild,166,169,3
hoodie,23,25,2,homeschoolmath,150,152,2,whatif,105,108,3,tiktokartist,93,94,1,cartiktok,78,81,3,parentingwin,102,106,4,parentingwin,102,106,4,rhode,32,41,9,grwmforschool,185,195,10,naildaywithme,149,160,11,debtfreejourney,33,33,0,plumbinglife,92,102,10,adultgames,66,71,5,plumbinglife,92,102,10,школьнаяжизнь,87,92,5,funnydad,123,132,9,hurricane,7,8,1,betis,159,166,7,soulfood,53,60,7,wrappinghacks,174,177,3,善化六分寮一明堂,195,199,4,джамп,180,188,8,studyvlog,75,77,2,nespressopartner,179,183,4,chickensandwhich,78,83,5,worldhistory,69,76,7,chriseanjr,79,82,3,,,,,mompooch,156,160,4,terencecrawford,115,119,4,militaryfamily,41,44,3,debtfreejourney,33,33,0,warheads,85,90,5,crockpot,147,154,7,latinfood,178,184,6,vacuum,31,33,2,texts,111,115,4,deadsea,185,190,5,smoothhair,45,49,4,pmdd,193,199,6,pmdd,193,199,6,inmigraciónusa,52,56,4,apartmenttok,191,198,7,apartmenttok,191,198,7,legocity,156,164,8,motivationoftheday,141,147,6,universalstudioshollywood,9,9,0,hobonichi,84,86,2,حمام,107,112,5,witchyvibes,24,27,3,tonysoprano,175,183,8,malcolmtodd,74,80,6,harrypotter,24,28,4,handmadesoap,81,86,5,nctattooartist,152,152,0,limescooters,123,131,8,hoghunting,107,112,5,fitinspo,159,162,3,hupangos,81,85,4,mentalhealthconsultant,91,95,4,petcomedy,185,189,4,petcomedy,132,135,3,weddingphotographytips,118,124,6,limpiezaencasa,68,70,2,weddingtiktok,11,13,2,hubble,56,62,6,squishyfun,156,160,4,zenlesszonezerocosplay,88,93,5,smartphonetips,113,117,4,,,,,ncaafootball,17,23,6,skiing,140,146,6,hauntedhotels,159,166,7,portablespeaker,168,171,3,legocity,156,164,8,deadsea,185,190,5,cartiktok,79,83,4,rpg,163,167,4,animalfight,171,174,3
tiktokfashion,25,27,2,владич,155,157,2,mortysmith,118,121,3,acrylicpaint,104,105,1,classiccar,82,85,3,nephewlove,122,126,4,nephewlove,122,126,4,glowyskin,38,47,9,nailsalon,73,82,9,dazzledry,81,91,10,makemoney,48,48,0,silo,46,55,9,acertijo,77,82,5,silo,46,55,9,promo26,97,102,5,funnyskit,148,157,9,fdt,25,26,1,pregame,180,187,7,cinnamonroll,55,62,7,halloweendiy,6,8,2,0330,24,27,3,bahamiantiktok🇧🇸,35,42,7,friendappreciation,88,90,2,papasfreezeria,187,191,4,nothingbundtcakes,83,88,5,геометрия,93,100,7,realhousewives,104,107,3,,,,,latpulldown,174,178,4,amberglenn,122,126,4,bigbrotherlittlesister,82,85,3,makemoney,48,48,0,americansnacks,111,116,5,caprisun,158,165,7,sushilovers,182,188,6,gadget,42,44,2,nvidia,151,155,4,thingstodoinlasvegas,192,197,5,hairtools,53,57,4,teethcleaning,66,71,5,teethcleaning,66,71,5,tiktoklawyer,61,65,4,rug,63,69,6,rug,63,69,6,tokidoki,158,166,8,positivewords,147,153,6,disneylandcalifornia,12,12,0,spinalcordinjury,85,87,2,noanimalswereharmed,117,122,5,spells,28,31,3,appletv,187,195,8,beyhive,75,81,6,weather,34,38,4,lightening,90,95,5,semicolontattoo,166,166,0,f3promax,152,160,8,русскаярыбалка4,111,116,5,hoodie,22,24,2,animedance,89,93,4,thewhitesox,95,99,4,ganaderia,193,197,4,cavapoo,136,139,3,couplesshoot,132,138,6,familytips,70,72,2,fiancé,13,15,2,bodyscience,74,80,6,slimecommunity,181,185,4,scareactors,152,157,5,picsartpartner,127,131,4,,,,,collegegameday,20,25,5,lift,174,180,6,djinn,174,181,7,galaxy,10,12,2,tokidoki,158,166,8,thingstodoinlasvegas,192,197,5,classiccar,83,87,4,residentevil,19,22,3,reptiles,23,25,2
mensstyle,26,28,2,globalee,156,158,2,tpot,152,155,3,diamondpainting,1,1,0,subwoofer,85,88,3,firstfoods,137,141,4,firstfoods,137,141,4,blackgirlmakeup,59,68,9,dermatologist,82,91,9,nailvesta,94,104,10,targetdeals,55,55,0,bluecollarwomen,66,75,9,rebus,78,83,5,bluecollarwomen,66,75,9,collegeacceptance,107,112,5,schooljokes,165,174,9,usanews,54,55,1,espn,49,55,6,deliciousfood,84,91,7,dollartreediy,10,12,2,豐原凝聚社,60,63,3,dancestolearn2people,41,48,7,septembergoals,94,96,2,witchsbrew,190,194,4,officelunch,127,132,5,yourblessingiscoming,141,148,7,jin,106,109,3,,,,,flexibilitytraining,188,192,4,tkd,185,189,4,novemberbaby,92,95,3,targetdeals,55,55,0,newfoodfinds,141,146,5,birria,164,171,7,arizonafoodie,189,195,6,massager,43,45,2,3сентября,152,156,4,laketahoecalifornia,20,24,4,dyson,55,59,4,bloodpressuremonitor,87,92,5,bloodpressuremonitor,87,92,5,womeninhistory,62,66,4,bathroomorganization,92,98,6,bathroomorganization,92,98,6,toysrus,35,42,7,personaldevelopmentjourney,180,186,6,disneyvacation,15,15,0,payitforward,87,89,2,petchicken,180,185,5,psychicreading,58,61,3,selena,38,45,7,afrobeats,105,111,6,dragonball,40,44,4,neckcare,98,103,5,tattoosforwomen,180,180,0,canamdefender,162,170,8,bowhunt,122,127,5,tiktokfashion,24,26,2,bachatadancing,116,120,4,目界隈,115,119,4,dogmomlife,51,54,3,woof,162,165,3,eventphotographer,136,142,6,washercleaning,76,78,2,dismissiveavoidant,15,17,2,milkywaygalaxy,115,121,6,beautyasmr,196,200,4,makicosplay,192,197,5,chromeextension,189,193,4,,,,,coachprime,60,65,5,d1athlete,68,73,5,paranormaltok,30,36,6,techgadgets,22,24,2,toysrus,35,42,7,laketahoecalifornia,20,24,4,subwoofer,86,90,4,minigame,33,36,3,monyetlucu,123,125,2
streetstyle,33,35,2,highschoolmath,180,182,2,dragonball,8,10,2,draw,2,2,0,carguy,86,89,3,sleepregression,145,149,4,sleepregression,145,149,4,грвм,77,86,9,makeupinspo,83,92,9,apresgelx,105,115,10,nasdaq,63,63,0,machining,98,107,9,puzzletime,110,115,5,machining,98,107,9,businessschool,109,114,5,tiktokhumor,88,96,8,capitalism,64,65,1,raphinha,57,63,6,birria,85,92,7,yarn,13,15,2,屏東峰岳閣,67,70,3,poledancing,46,53,7,nyclifestyle,100,102,2,7brew,7,10,3,rainaiscrazy,130,135,5,deudas,156,163,7,finesse2tymes,119,122,3,,,,,gymaudio,193,197,4,mountainbiking,189,193,4,gravidez,106,109,3,nasdaq,63,63,0,publixcouponing,186,191,5,foodcritic,177,184,7,omakase,79,84,5,wirelessearbuds,52,54,2,skibiditoilet,154,158,4,familygetaway,88,92,4,wigs,58,62,4,sportsmedicine,89,94,5,sportsmedicine,89,94,5,juliuscaesar,95,99,4,lowes,94,100,6,lowes,94,100,6,timetome,59,66,7,athelete,29,34,5,hhnorlando,16,16,0,surrogacy,169,171,2,breeding,19,23,4,futuro,59,62,3,кино,82,89,7,musicvibes,114,120,6,chainsawman,88,92,4,purpletoothpaste,108,113,5,losangelestattoo,190,190,0,boatcharter,166,174,8,ultralightfishing,165,170,5,mensstyle,25,27,2,dancetricks,128,132,4,keşfetteyızzzzzz,132,136,4,highlandcow,55,58,3,funnycats,11,13,2,bridalportraits,142,148,6,parroti,84,86,2,datingadviceforwomen,16,18,2,anatomylab,131,137,6,badasmr,29,32,3,halloweencouplescostumes,95,99,4,seguridadonline,192,196,4,,,,,newenglandpatriots,95,100,5,drunktok,102,107,5,poltergeist,49,55,6,vacuum,34,36,2,timetome,59,66,7,familygetaway,88,92,4,carguy,87,91,4,zenlesszonezero,34,37,3,gorillafamily,143,145,2
blackfriday,44,46,2,maths,6,7,1,dragonballz,11,13,2,coloring,3,3,0,bagged,93,96,3,babyhalloween,146,150,4,babyhalloween,146,150,4,armanibeautypartner,92,101,9,mua,94,103,9,aillsa,129,139,10,grindset,74,74,0,amazonwarehouse,101,110,9,الغاز,139,144,5,amazonwarehouse,101,110,9,studytimelapse,122,127,5,alljokes,99,107,8,meteorologist,67,68,1,footballgame,61,67,6,готовка,137,144,7,birthdaycard,26,28,2,廖添丁,108,111,3,danceperformance,59,66,7,cozyroutine,119,121,2,7brewcoffee,22,25,3,foodeating,131,136,5,mathteacher,64,70,6,taekook,128,131,3,,,,,ehplabs,22,25,3,wrestletok,21,24,3,nycmom,133,136,3,grindset,74,74,0,fruitcuttingusa🇺🇸,135,139,4,coffeelovers,192,199,7,cafeteria,86,91,5,phonestorage,62,64,2,rpg,167,171,4,koreatravel,106,110,4,taper,71,75,4,knee,90,95,5,knee,90,95,5,legalupdates,117,121,4,chair,101,107,6,chair,101,107,6,eeveelution,70,77,7,gogetter,58,63,5,disneytips,17,17,0,makingfriends,175,177,2,blackfarmers,29,33,4,kendama,60,63,3,dcu,91,98,7,justintimberlake,155,161,6,rapper,149,153,4,عطور,119,124,5,medusapiercing,191,191,0,solis,188,196,8,campingequipment,176,181,5,streetstyle,31,33,2,sansimon,137,141,4,juniormineirinho,136,140,4,alligator,91,94,3,perros,23,25,2,vintagecamera,22,27,5,henk,155,157,2,onlinedating,28,30,2,scienceart,162,168,6,sponge,30,33,3,humanalastor,122,126,4,aiediting,28,31,3,,,,,daznboxing,165,170,5,mlsnext,121,126,5,日本一ビビりの山ちゃん,50,56,6,gadget,46,48,2,eeveelution,70,77,7,koreatravel,106,110,4,carenthusiast,98,102,4,gamingsetup,35,38,3,weirdanimals,148,150,2
totebag,53,55,2,nclexprep,12,13,1,chainsawman,20,22,2,sketchbook,4,4,0,zx6r,104,107,3,firsttimemama,192,196,4,firsttimemama,192,196,4,easybreezybeautiful,124,133,9,mensfragrance,116,125,9,miaminailtech,136,146,10,couponingforbeginners,91,91,0,amazonflexdriver,108,117,9,talentotikok,151,156,5,amazonflexdriver,108,117,9,collegeclasses,124,129,5,anatolyprank,122,130,8,immigrationlaw,79,80,1,touchdown,66,72,6,sweetpotato,145,152,7,fallcrafts,27,29,2,七股市場威聖壇轎班會,112,115,3,collegedanceteam,65,72,7,dailyplanner,175,177,2,vodka,44,47,3,spicychicken,136,141,5,алгебра,81,87,6,bougieshow,174,177,3,,,,,pilatesprincess,28,31,3,punch,37,40,3,birthplan,181,184,3,couponingforbeginners,91,91,0,cookielovers,160,164,4,fruits,61,67,6,localeats,88,93,5,actioncamera,71,73,2,vtuberclips,169,173,4,matterhorn,124,128,4,gingerhair,75,79,4,pcosawareness,103,108,5,pcosawareness,103,108,5,lahistory,133,137,4,organizer,108,114,6,organizer,108,114,6,halloweengift,73,80,7,motivationforlife,83,88,5,mickeysnotsoscaryhalloweenparty,18,18,0,pumpingatwork,177,179,2,gallo,45,49,4,tarotenespañol,62,65,3,hbomax,105,112,7,liltecca,162,168,6,boruto,174,178,4,bakingsodatoothpaste,125,130,5,tatuaje,7,6,-1,f15,34,41,7,inshorefishing,69,73,4,blackfriday,42,44,2,fancyfootwork,185,189,4,純情女高,140,144,4,parrotsoftiktok,106,109,3,petloss,25,27,2,seniorsunday,30,35,5,denkmit,187,189,2,bfgf,30,32,2,phoenixa,182,188,6,anticipatoryasmr,90,93,3,deatheatertiktok,165,168,3,aiagent,48,51,3,,,,,lsu,7,11,4,defense,125,130,5,horrotok,63,69,6,massager,47,49,2,halloweengift,73,80,7,matterhorn,124,128,4,carspotting,99,103,4,freefire_lover,41,44,3,serengeti,187,189,2
falloutfit,59,61,2,satmath,24,25,1,greenlantern,40,42,2,pottery,5,5,0,monaco,105,108,3,hydrocephalus,194,198,4,hydrocephalus,194,198,4,summerfridays,144,153,9,cleanlook,119,128,9,manicuristasdelmundo,164,174,10,privateequity,116,116,0,electriciansoftiktok,119,128,9,puzzlesolving,153,158,5,electriciansoftiktok,119,128,9,biddaybestday,134,139,5,britishmemes,163,171,8,storms,100,101,1,barça,127,133,6,garlicbread,149,156,7,diyideas,28,30,2,謝將軍,113,116,3,jellyous,70,77,7,dumpsterdiving,17,18,1,coffeerecipe,53,56,3,hospitalfood,139,144,5,spaceexploration,91,97,6,jimin,21,23,2,,,,,buckedup,34,37,3,shadowboxing,73,76,3,pregnantbelly,182,185,3,privateequity,116,116,0,grazingtable,78,81,3,brunch,78,84,6,atlantaeats,113,118,5,walkietalkie,102,104,2,funnygaming,176,180,4,marriottbonvoy,129,133,4,flipoverquickweave,143,147,4,brainfog,116,121,5,brainfog,116,121,5,worldwar2,19,22,3,porchdecor,128,134,6,porchdecor,128,134,6,puppeteer,130,137,7,bobproctor,109,114,5,disneylandresort,19,19,0,diml,5,6,1,dairyfarm,51,55,4,psychicreader,115,118,3,miniseries,152,159,7,hardtekk,164,170,6,reflexiones,175,179,4,viralperfume,139,144,5,tatuajesentiktok,18,17,-1,aviationgeek,39,46,7,wintercamping,78,82,4,totebag,51,53,2,randomplaydance,196,200,4,exlove,10,13,3,rabbitsoftiktok,107,110,3,labrador,34,36,2,halloweenphotoshoot,41,46,5,hometools,2,3,1,insecureattachment,35,37,2,alphacentauri,188,194,6,headmassager,106,109,3,königcod,193,196,3,gptzero,70,73,3,,,,,huskers,63,67,4,americanfootball,148,153,5,lizzieborden,76,82,6,vacuumcleaner,52,54,2,puppeteer,130,137,7,marriottbonvoy,129,133,4,dragracing,102,106,4,mario,51,54,3,parrotlovers,189,191,2
jewelrytiktok,69,71,2,teas7,68,69,1,zoro,50,52,2,oilpainting,8,8,0,teslatok,146,149,3,suni,26,29,3,suni,26,29,3,copperpeptides,178,187,9,extensions,125,134,9,weddingnails,64,73,9,businessmindset,119,119,0,plumbersoftiktok,122,131,9,juegosenpareja,161,166,5,plumbersoftiktok,122,131,9,uchicago,137,142,5,lourdasprec,176,184,8,urgente,167,168,1,tigerwoods,146,152,6,crockpotmeals,193,200,7,giftwrapping,29,31,2,1027,6,8,2,nortenas,74,81,7,fnd,29,30,1,drinkideas,83,86,3,spicychallenge,144,149,5,mathtok,117,123,6,judge,52,54,2,,,,,creatina,85,88,3,snowmobile,136,139,3,specialneedsfamily,189,192,3,businessmindset,119,119,0,charcuterieboardsoftiktok,97,100,3,whatsfordinner,94,100,6,fooddeals,28,32,4,anker,108,110,2,residentevil,19,22,3,riucancun,85,88,3,freeform,171,175,4,highcortisol,124,129,5,highcortisol,124,129,5,africanhistory,34,37,3,furnitureflip,156,162,6,furnitureflip,156,162,6,snoopydog,182,189,7,unlockpotential,134,139,5,mnsshp,20,20,0,momtobe,20,21,1,hooftrimming,62,66,4,astrologyvibes,130,133,3,hulu,46,52,6,lionelrichie,193,199,6,disneychannel,188,192,4,fragtok,141,146,5,tattooapprentice,19,18,-1,bicicletaelectrica,42,49,7,рр4,85,89,4,falloutfit,57,59,2,tutting,43,46,3,haveagooday,26,29,3,catrescue,111,114,3,кот,35,37,2,g7xmarkiii,45,50,5,limpiezadelhogar,3,4,1,datingadviceformen,36,38,2,sciencehack,193,199,6,cornstarchaddiction,129,132,3,dragoncon,3,5,2,aiforbusiness,73,76,3,,,,,fernandomendoza,160,164,4,gameday,12,16,4,sighting,78,84,6,fanttik,64,66,2,snoopydog,182,189,7,riucancun,85,88,3,zx6r,107,111,4,wildrift,99,102,3,moth,52,53,1
sweater,90,92,2,mathproblems,127,128,1,kakashi,62,64,2,sculpture,11,11,0,trucks,12,14,2,newbornnights,66,69,3,newbornnights,66,69,3,mua,42,50,8,colorwow,155,164,9,ctnailtech,103,112,9,usdt,122,122,0,amazonworker,128,137,9,gamechallenge,33,37,4,amazonworker,128,137,9,collegesucks,161,165,4,comedyreels,65,72,7,lindsayclancy,1,1,0,deportesentiktok,55,60,5,cookie,41,47,6,craftnight,42,44,2,0907,27,29,2,dancemashup,80,87,7,missouritok,45,46,1,mocha,115,118,3,eatingfood,176,181,5,historicalfacts,119,125,6,tarayummy,68,70,2,,,,,hyroxtraining,101,104,3,rollerskates,146,149,3,motherhoodunplugged,39,41,2,usdt,122,122,0,cookiebox,121,124,3,outdoorcooking,101,107,6,foodvlog,34,38,4,timcook,117,119,2,gamingsetup,36,39,3,tokyotravel,87,90,3,hairclip,174,178,4,prostatehealth,159,164,5,prostatehealth,159,164,5,oldphotos,37,40,3,mesa,175,181,6,mesa,175,181,6,miniverse,47,53,6,motivationalspirit,143,148,5,disneycaliforniaadventure,21,21,0,dollartreediy,50,51,1,animalchiropractic,112,116,4,angeles,159,162,3,loki,68,74,6,brysontiller,22,27,5,dancingwiththestars,78,81,3,perfumemasculino,153,158,5,facepainting,20,19,-1,euc,51,58,7,bushcraftshelter,89,93,4,jewelrytiktok,67,69,2,pointe,63,66,3,green💚,27,30,3,petgrooming,114,117,3,adorable,36,38,2,chicagophotographer,46,51,5,bathroomhack,5,6,1,weddingvideo,53,55,2,planeta,15,20,5,cuttingart,170,173,3,cosplaytiktok,17,19,2,foodscanner,104,107,3,,,,,ohiostate,10,13,3,laliga,26,30,4,crimenesreales,90,96,6,photoediting,73,75,2,miniverse,47,53,6,tokyotravel,87,90,3,monaco,108,112,4,1v1,100,103,3,otters,58,59,1
camo,100,102,2,concursos,129,130,1,gon,65,67,2,lapiz,14,14,0,trucking,15,17,2,boymum,100,103,3,boymum,100,103,3,diylashes,57,65,8,cuidadodelapiel,81,89,8,nudenails,67,75,8,xrppriceprediction,125,125,0,dewaltpartner,146,155,9,drinkinggames,37,41,4,dewaltpartner,146,155,9,nycschool,190,194,4,laughter,70,77,7,breakingnews,2,2,0,womensbasketball,68,73,5,hotdogs,46,52,6,cricutprojects,43,45,2,女子英歌,47,49,2,nortenasconsax🎷🎶,92,99,7,zayynelly,81,82,1,drinkpoppi,123,126,3,pumpkinbagel,178,183,5,collegevlog,132,138,6,jhope,71,73,2,,,,,workoutfromhome,136,139,3,ilia,191,194,3,parentinghack,68,70,2,xrppriceprediction,125,125,0,hotcheetoballs,138,141,3,friedchicken,108,114,6,allyoucaneat,45,49,4,wiredheadphones,134,136,2,freefire_lover,42,45,3,trekking,103,106,3,lahairstylist,185,189,4,intimatehealth,170,175,5,intimatehealth,170,175,5,tudorhistory,59,62,3,falldecorideas,180,186,6,falldecorideas,180,186,6,pokemontcgcommunity,48,54,6,mentalgrowth,182,187,5,fairseason,31,31,0,lifeafterloss,67,68,1,choosecompassion,161,165,4,theta,165,168,3,pen15hulu,71,77,6,rave,26,31,5,kimetsunoyaiba,133,136,3,showertiktok,174,179,5,animetattoo,21,20,-1,privatepilot,64,71,7,deerhunter,96,100,4,sweater,88,90,2,dancerlife,65,68,3,snejanaonopkareal,28,31,3,pethairremoval,190,193,3,golden,40,42,2,tiktokphotography,123,128,5,toiletcleaning,15,16,1,loveadvice,57,59,2,anatomylesson,63,68,5,sleeptriggers,171,174,3,teentitanscosplay,28,30,2,whatsappbusiness,142,145,3,,,,,seahawks,28,30,2,arsenal,46,50,4,historiasdemiedo,103,109,6,automation,78,80,2,pokemontcgcommunity,48,54,6,trekking,103,106,3,carbuild,178,182,4,texts,109,112,3,hummingbirds,69,70,1
faja,109,111,2,acttips,146,147,1,nezuko,73,75,2,calligraphy,23,23,0,wheelie,16,18,2,sindromededown,127,130,3,sindromededown,127,130,3,olaypartner,61,69,8,hairhack,89,97,8,naillamp,90,98,8,badcredit,131,131,0,paving,160,169,9,riddles,46,50,4,paving,160,169,9,collegeapplications,36,39,3,workplacehumor,124,131,7,truecrime,3,3,0,realbetis,71,76,5,soup,61,67,6,needlefelting,50,52,2,múalan2025,57,59,2,pointe,107,114,7,bookstores,87,88,1,greygoose,138,141,3,mozzarellasticks,48,52,4,motivationalspeaker,138,144,6,coryxkenshin,72,74,2,,,,,yogatok,146,149,3,iliatopuria,7,9,2,mymom,79,81,2,badcredit,131,131,0,matildacake,171,174,3,sweettreats,111,117,6,sandiegofood,47,51,4,portablespeaker,150,152,2,mario,52,55,3,chengdu,134,137,3,easyhairstyles,22,25,3,digestion,45,49,4,digestion,45,49,4,ancienthumans,66,69,3,christmasdecor,13,18,5,christmasdecor,13,18,5,tabasquishy,68,74,6,filosofiaestoica,192,197,5,silverstar,54,54,0,morninginmylife,77,78,1,backyardpoultry,191,195,4,karmicrelationships,169,172,3,harrypottertiktok,76,82,6,jcole,53,58,5,workhumor,192,195,3,fragrancecollection,63,67,4,lasertattooremoval,22,21,-1,cornsilage,70,77,7,cpk,97,101,4,camo,98,100,2,danzafolklorica,73,76,3,soinlovewithyoubaby😘💖🔐,61,64,3,funnycats,13,15,2,animales,42,44,2,posingcoach,124,129,5,dailyhacks,21,22,1,infidelity,58,60,2,jameswebb,73,78,5,tappingsounds,175,178,3,hatsunemikucosplay,39,41,2,cricutdesignspace,143,146,3,,,,,buffalobills,33,35,2,universalstudioshollywood,58,62,4,ceritahoror,112,118,6,actioncamera,82,84,2,tabasquishy,68,74,6,chengdu,134,137,3,garagetools,194,198,4,rainbowsix,117,120,3,primate,140,141,1
menfashion,146,148,2,grade11,154,155,1,animecommunity,74,76,2,realism,32,32,0,auction,17,19,2,babyreaction,135,138,3,babyreaction,135,138,3,makeuplook,81,89,8,fade,96,104,8,greennails,109,117,8,debtrelief,150,150,0,tablesaw,167,176,9,rockpaperscissor,59,63,4,tablesaw,167,176,9,shs,43,46,3,humortiktok🤣😜😅😂🤪,152,159,7,migracion,4,4,0,beisbol,74,79,5,recipeideas,72,78,6,paperairplane,54,56,2,lansurong2025,58,60,2,sonidero,121,128,7,nospendseptember,106,107,1,halloweendrinks,155,158,3,trippledipper,49,53,4,sciencetok,28,33,5,armybts,111,113,2,,,,,gymfit,8,10,2,gokart,14,16,2,csectiondelivery,84,86,2,debtrelief,150,150,0,traderjoesfoodreviews,11,13,2,lunchbox,115,121,6,shakeshack,76,80,4,bloodpressurecheck,171,173,2,arknights,99,102,3,worktravel,188,191,3,freeforms,29,32,3,dentalhygiene,47,51,4,dentalhygiene,47,51,4,localhistory,92,95,3,bathroommakeover,47,52,5,bathroommakeover,47,52,5,sensorytoys,69,75,6,unstoppablemindset,193,198,5,selvamagica,77,77,0,kodak,82,83,1,minicow,16,19,3,بطاقات,172,175,3,guardiansofthegalaxy,94,100,6,guitarist,100,105,5,musica,29,31,2,facials,100,104,4,linework,26,25,-1,vesc,74,81,7,peixe,100,104,4,faja,107,109,2,westcoastswing,85,88,3,chetwa,63,66,3,perros,27,29,2,frenchiesoftiktok,44,46,2,dallasweddingphotographer,130,135,5,naturalcleaning,28,29,1,nycdating,74,76,2,meteorologisttodd,86,91,5,cleanphone,185,188,3,фокус,44,46,2,kalilinux,145,148,3,,,,,calebwilliams,87,89,2,statefair,65,69,4,spiritboxsession,122,128,6,privacyscreen,163,165,2,sensorytoys,69,75,6,worktravel,188,191,3,silverado,20,23,3,2kcontent,143,146,3,camels,169,170,1
tiktokshopblackfriday,9,10,1,3класс,160,161,1,isagi,75,77,2,potterypainting,34,34,0,squattedtrucks🤢,18,20,2,babyhacks,152,155,3,babyhacks,152,155,3,garnier,96,104,8,slickback,101,109,8,cheetahnails,114,122,8,cakepop,11,10,-1,stepful,53,61,8,bargames,130,134,4,stepful,53,61,8,studymotivaton,67,70,3,englandmemes,166,173,7,emergencianacional,5,5,0,برشلونة,80,85,5,jerseymikes,87,93,6,papeleriacreativa,79,81,2,麥寮拱範宮,75,77,2,adultballet,129,136,7,romanticizelife,108,109,1,coffeesyrups,165,168,3,notalking,71,75,4,personalinjurylawyer,55,60,5,farandula,112,114,2,,,,,pilatesworkout,10,12,2,skiing,16,18,2,stepdadgoals,104,106,2,cakepop,11,10,-1,halloweencandy,23,25,2,aldi,117,123,6,houstonrestaurants,83,87,4,smarttv,175,177,2,indiegame,106,109,3,animejapan,13,15,2,wavytalk,30,33,3,strokesurvivor,53,57,4,strokesurvivor,53,57,4,cortedeinmigracion,119,122,3,bienesraices,49,54,5,bienesraices,49,54,5,legoset,75,81,6,motivationalspeeches,25,29,4,dlp,91,91,0,motherhoodunplugged,98,99,1,funnyhorse,17,20,3,توقعاتالتارو,175,178,3,novela,108,114,6,durk,128,133,5,nflfootball,30,32,2,brazilianwaxspecialist,117,121,4,tatt,93,92,-1,helicoptertour,120,127,7,tidewe,110,114,4,menfashion,144,146,2,伝統芸能,106,109,3,jollibae,68,71,3,labrador,40,42,2,dogparents,54,56,2,northcarolinaphotographer,135,140,5,ropalimpia,31,32,1,emotionalconnection,76,78,2,wowsignal,95,100,5,licecheck,189,192,3,roguecosplay,70,72,2,datacollection,152,155,3,,,,,seattleseahawks,89,91,2,winterarc,72,76,4,extraterrestriallife,176,182,6,dataprivacy,170,172,2,legoset,75,81,6,animejapan,13,15,2,musclecar,47,50,3,deadlock,156,159,3,animalfamily,174,175,1
gold,22,23,1,уравнение,196,197,1,zenitsu,76,78,2,tiktokart,35,35,0,liftedtrucks,42,44,2,diaperchange,157,160,3,diaperchange,157,160,3,acneskincare,97,105,8,parfum,105,113,8,easynailart,144,152,8,makemoneyonline,17,16,-1,tradeschool,80,88,8,matchinggame,133,137,4,tradeschool,80,88,8,spelmancollege,82,85,3,ezekyal,191,198,7,weather,6,6,0,basket,189,194,5,desayuno,115,121,6,preschoolcrafts,172,174,2,淡水清水龍,104,106,2,bachatadancing,189,196,7,hobonichitecho,116,117,1,mollytea,181,184,3,hotchips,133,137,4,derecho,90,95,5,suga,114,116,2,,,,,workoutsforwomen,49,51,2,fightnight,23,25,2,pregnancyfacts,109,111,2,makemoneyonline,17,16,-1,traderjoesfall,52,54,2,mariscos,137,143,6,caribbeanfood,97,101,4,headphonesrecommended,181,183,2,minecraftbuilds,115,118,3,amalficoast,15,17,2,curlyhead,31,34,3,nutritiontips,59,63,4,nutritiontips,59,63,4,historicalmysteries,126,129,3,wayfair,77,82,5,wayfair,77,82,5,myminisousa,101,107,6,frasesmotivacionales,63,67,4,hauntedattraction,92,92,0,eveningroutine,99,100,1,babycow,22,25,3,ابراج,194,197,3,hbo,133,139,6,karolgfans,169,174,5,loveislandreunion,32,34,2,armaf,122,126,4,playpiercing,99,98,-1,boeing777,121,128,7,huntingtips,131,135,4,everydaybag,189,191,2,beginnerdance,124,127,3,ugaasada🥷,104,107,3,кот,41,43,2,catdad,60,62,2,camerarecommendation,139,144,5,pinkstuff,32,33,1,possessivebookboyfriends,92,94,2,tiktokciencia,96,101,5,asmrwater,194,197,3,costumeparty,89,91,2,digitalnotetaking,178,181,3,,,,,mufc,184,186,2,prowrestling,86,90,4,cryptidsighting,181,187,6,bloodpressurecheck,192,194,2,myminisousa,101,107,6,amalficoast,15,17,2,led,48,51,3,vtuberclips,165,168,3,tarantulasoftiktok,183,184,1
shapewear,29,30,1,math,1,1,0,animefan,79,81,2,potterytiktok,39,39,0,tires,49,51,2,mysonshine,160,163,3,mysonshine,160,163,3,skincarecoreano,114,122,8,facemask,106,114,8,aznailtech,49,56,7,xrp,26,25,-1,rampagent,91,99,8,triviaquiz,138,142,4,rampagent,91,99,8,sma,83,86,3,couplehumor,53,59,6,charliekirk,16,16,0,manchesterunited,45,49,4,buldakcarbonara,162,168,6,handmadeflowers,178,180,2,新竹城隍祭,128,130,2,ballroom,44,50,6,photodump,1,1,0,witchesbrew,46,48,2,proteinbarreview,142,146,4,holocaust,94,99,5,btsedit,121,123,2,,,,,shoulderworkout,84,86,2,rampagejackson,26,28,2,childpsychology,112,114,2,xrp,26,25,-1,candylover,70,72,2,recipeideas,138,144,6,costamesa,122,126,4,galaxy,9,10,1,2kcontent,147,150,3,japananime,16,18,2,thinninghair,43,46,3,sleeptok,69,73,4,sleeptok,69,73,4,navalhistory,149,152,3,apartmentforrent,80,85,5,apartmentforrent,80,85,5,beybladex,105,111,6,quotesaboutlife,72,76,4,parkfun,94,94,0,crianza,114,115,1,horselovers,25,28,3,levitationwand,195,198,3,adamsandler,135,141,6,vallenatos,177,182,5,dwts,37,39,2,smellgoodfeelgood,131,135,4,tattoopain,100,99,-1,fa18,145,152,7,dovehunting,19,22,3,tiktokshopblackfriday,9,10,1,хореография,135,138,3,❤🔥❤,111,114,3,turtle,46,48,2,dogfood,93,95,2,tamron,171,176,5,dicasdelimpeza,41,42,1,relationshippsychology,100,102,2,scitok,102,107,5,putty,10,12,2,cosplayideas,125,127,2,agentesia,183,186,3,,,,,fantasyfootballadvice,30,31,1,libero,124,128,4,mysterytok,17,22,5,smarttv,197,199,2,beybladex,105,111,6,japananime,16,18,2,supercars,65,68,3,funnygaming,172,175,3,crowtok,194,195,1
sale,31,32,1,studytips,2,2,0,itadori,80,82,2,diyart,40,40,0,supercars,64,66,2,babylife,58,60,2,babylife,58,60,2,sephorahaul,118,126,8,curlygirl,118,126,8,blacknails,50,57,7,creditscore,31,30,-1,factorylife,130,138,8,tabletopgame,173,177,4,factorylife,130,138,8,firstlastday,94,97,3,comedyvideos,56,62,6,mistrial,34,34,0,celebration,53,57,4,comidamexicana,40,45,5,handmadechristmas,193,195,2,新竹鑫泉會館,131,133,2,ballroomdance,48,54,6,ditl,2,2,0,milkshake,47,49,2,japanesesnacks,159,163,4,motivacionpersonal,97,102,5,celebritynews,13,14,1,,,,,homeworkouts,93,95,2,snowboarding,28,30,2,firstgrandbaby,128,130,2,creditscore,31,30,-1,birthdaycakeideas,134,136,2,cinnamonrolls,154,160,6,flautas,128,132,4,techgadgets,19,20,1,deadlock,160,163,3,windowseat,46,48,2,cleanlook,47,50,3,adhdprobs,95,99,4,adhdprobs,95,99,4,tudortok,171,174,3,amazonhome,81,86,5,amazonhome,81,86,5,photocard,114,120,6,embracechange,99,103,4,guardiansofthegalaxycosmicrewind,121,121,0,infertilityjourney,126,127,1,cob,31,34,3,spiritualtok,26,28,2,paulwalker,136,142,6,lofi,178,183,5,ted,57,59,2,vanillascent,152,156,4,facepiercings,109,108,-1,johndeeregreen,155,162,7,ryobi,54,57,3,gold,21,22,1,forró,150,153,3,mocayyinhere,112,115,3,otter,47,49,2,catcare,127,129,2,cameradigital,172,177,5,quitamanchas,51,52,1,flirtingtips,130,132,2,geología,111,116,5,squeeze,11,13,2,shinobucosplay,138,140,2,androidtips,24,26,2,,,,,touchdown,32,33,1,billiards,128,132,4,thelocust,34,39,5,projector,24,25,1,photocard,114,120,6,windowseat,46,48,2,gmcsierra,67,70,3,siege,18,20,2,monkey,1,1,0
boots,38,39,1,mathematics,3,3,0,hatsunemiku,85,87,2,coloringpages,41,41,0,gmcsierra,66,68,2,babyoutfit,70,72,2,babyoutfit,70,72,2,cejas,119,127,8,eyecream,123,131,8,manicurist,52,59,7,finanzas,43,42,-1,cementeros,133,141,8,تحدي_الثلاثين,183,187,4,cementeros,133,141,8,aud,98,101,3,dank,82,88,6,immigrationnews,63,63,0,drunktok,65,69,4,soupseason,60,65,5,diycrafts,4,5,1,國定古蹟,149,151,2,tanging,77,83,6,diml,3,3,0,starbuckscreator,51,53,2,jackingthebox,184,188,4,cuny,102,107,5,lacasadelosfamososmx,14,15,1,,,,,hotsculpt,95,97,2,grappling,29,31,2,travelstroller,150,152,2,finanzas,43,42,-1,crumblspoilers,178,180,2,costcodeals,156,162,6,sanantoniofoodie,187,191,4,projector,21,22,1,siege,18,20,2,catalinaisland,66,68,2,extensions,51,54,3,microingredients,96,100,4,microingredients,96,100,4,annefrankhouse,178,181,3,comforter,89,94,5,comforter,89,94,5,americangirl,29,34,5,gentlereminders,125,129,4,playplace,170,170,0,parentinghack,153,154,1,babygoatsoftiktok,37,40,3,abundancia,30,32,2,مسلسلات_تركية,159,165,6,rapper,20,24,4,goku,59,61,2,jomalonelondonpartner,183,187,4,smalltattoos,114,113,-1,planeedit,156,163,7,salmonfishing,58,61,3,sale,29,30,1,christiandance,155,158,3,gemhour,117,120,3,corgi,65,67,2,petgrief,157,159,2,cameraunboxing,174,179,5,strongglue,56,57,1,cheatersneverchange,135,137,2,internationalspacestation,120,125,5,unintentionalasmr,28,30,2,marvelcosplay,8,9,1,dataprotection,33,35,2,,,,,nflplayoffs,46,47,1,marathontraining,61,64,3,relatosdeterror,52,57,5,electronics,26,27,1,americangirl,29,34,5,catalinaisland,66,68,2,carmeet,72,75,3,rainbowsixsiege,21,23,2,deer,2,2,0
loungewear,50,51,1,математика,4,4,0,animeclips,87,89,2,sketches,44,44,0,carmeet,71,73,2,babyactivities,96,98,2,babyactivities,96,98,2,lashmap,123,131,8,dryhair,130,138,8,gelxnailtech,54,61,7,lifeinsurance,61,60,-1,firedepartment,41,48,7,cardgame,7,10,3,firedepartment,41,48,7,collegecommuter,102,105,3,grumpyleanne,86,92,6,classaction,72,72,0,horsesoftiktok,91,95,4,dinnerwithme,70,75,5,knitting,5,6,1,破壞王,196,198,2,summerdance,82,88,6,minivlog,4,4,0,zerosugar,65,67,2,crunchygrapes,192,196,4,studyaesthetic,140,145,5,queenopp,39,40,1,,,,,postpartumworkout,162,164,2,combat,31,33,2,breastfeedingsupport,165,167,2,lifeinsurance,61,60,-1,traderjoes,2,3,1,falldrinks,163,169,6,froyo,19,22,3,electronics,23,24,1,rainbowsixsiege,21,23,2,craterlake,107,109,2,lorealparishaircare,57,60,3,anxietyrelief,7,10,3,anxietyrelief,7,10,3,worldhistory,18,20,2,holidaydecor,124,129,5,holidaydecor,124,129,5,legomarvel,57,62,5,认知思维,132,136,4,coastershauntsdarkrides,197,197,0,pregnant,1,1,0,drafthorse,48,51,3,libra♎️,32,34,2,plotwist,167,173,6,otf,41,45,4,jungkook,63,65,2,borninroma,41,44,3,watercolortattoo,155,154,-1,gardentractor,168,175,7,goosehunting,64,67,3,boots,36,37,1,groupdance,41,43,2,blackrose04🖤🌹,124,127,3,dogparents,73,75,2,catmom,9,10,1,iphonecamerahacks,182,187,5,usefulhacks,57,58,1,singleman,154,156,2,cosmicmystery,123,128,5,asmrnotalking,32,34,2,cos,10,11,1,weddingwebsite,39,41,2,,,,,nfldraft,72,73,1,flagfootball,79,82,3,bizarro,67,72,5,hypic,31,32,1,legomarvel,57,62,5,craterlake,107,109,2,машина,89,92,3,zombies,24,26,2,zoo,3,3,0
matchingset,51,52,1,studyhacks,5,5,0,mad,90,92,2,logodesign,57,57,0,машина,88,90,2,мамавдекрете,98,100,2,мамавдекрете,98,100,2,wonderskin,134,142,8,acrylicnails,62,69,7,pressonnail,56,63,7,xrpnews,69,68,-1,careers,55,62,7,tiktokgames,16,19,3,careers,55,62,7,prom2026🎓,104,107,3,funnyreaction,87,93,6,severeweather,78,78,0,runclub,137,141,4,рецепт,76,81,5,manualidades,8,9,1,御恩少年輩,68,69,1,dancestodo,85,91,6,morningvlog,5,5,0,falldrinks🍂,147,149,2,thefoodguy,69,72,3,genealogy,159,164,5,jaidynalexxis,41,42,1,,,,,disciplineyourself,164,166,2,sk8,35,37,2,adhdparenting,178,180,2,xrpnews,69,68,-1,snacktok,10,11,1,eatingshow,66,71,5,mulletreview,20,23,3,robotics,35,36,1,zombies,24,26,2,gatlinburgtn,150,152,2,drgroot,108,111,3,pharmacist,42,45,3,pharmacist,42,45,3,derecho,24,26,2,vintagedecor,147,152,5,vintagedecor,147,152,5,toysforkids,58,63,5,人生智慧,142,146,4,universalstudios,6,5,-1,photodump,2,2,0,goosetok,140,143,3,channeledmessage,34,36,2,spn,180,186,6,popmusic,42,46,4,policeofficer,64,66,2,naturalbrows,145,148,3,tattooshoplife,186,185,-1,johndeeretractor,185,192,7,treestand,84,87,3,loungewear,48,49,1,jellyous,42,44,2,imygirls🏴‍☠️,139,142,3,catsofttiktok,158,160,2,funnypets,19,20,1,filmlab,188,193,5,desatascador,86,87,1,divorcedwomen,166,168,2,astrofotografia,155,160,5,slimetutorial,35,37,2,halloweenmask,15,16,1,opensource,40,42,2,,,,,anthonygordon,189,190,1,kawhileonard,133,136,3,ghosthunters,68,73,5,subwoofer,33,34,1,toysforkids,58,63,5,gatlinburgtn,150,152,2,singlecab,101,104,3,leagueoflegends,25,27,2,chimpanzee,4,4,0
thrifted,76,77,1,phonics,8,8,0,stevenuniversefuture,122,124,2,colormemine,60,60,0,carenthusiast,96,98,2,babywalking,178,180,2,babywalking,178,180,2,ultabeauties,142,150,8,darkspots,65,72,7,tortoiseshell,58,65,7,xrpcommunity,73,72,-1,treeservice,60,67,7,rebuspuzzle,81,84,3,treeservice,60,67,7,lsattips,106,109,3,мемчик,105,111,6,ftrump,81,81,0,uefachampionsleague,191,195,4,postres,77,82,5,crochettiktok,9,10,1,虎尾德興宮,70,71,1,tambourine,88,94,6,dailyvlog,6,6,0,proteinsoda,159,161,2,tryingnewthings,70,73,3,mcatprep,160,165,5,kevingates,42,43,1,,,,,deadlifts,189,191,2,boxingtraining,45,47,2,pumpingtips,46,47,1,xrpcommunity,73,72,-1,baskinrobbins,25,26,1,comidamexicana,77,82,5,thingstodoinorlando,55,58,3,airpurifier,45,46,1,leagueoflegends,25,27,2,vegastrip,151,153,2,cutehairstyles,130,133,3,headache,51,54,3,headache,51,54,3,deudas,41,43,2,facebookmarketplacefinds,182,187,5,facebookmarketplacefinds,182,187,5,screenfreeactivities,74,79,5,inspiretoaspire,174,178,4,universalorlando,11,10,-1,crochet,3,3,0,cattletok,174,177,3,магия,52,54,2,pelicula,188,194,6,postmalone,43,47,4,funnymemes,155,157,2,perfumehombre,150,153,3,tatuajes,5,3,-2,pulling,31,37,6,girlswhohunt,104,107,3,matchingset,49,50,1,adultballet,76,78,2,zapobedu🇷🇺,158,161,3,قرود,183,185,2,animalrescue,22,23,1,filmmakinggear,189,194,5,kenhatam,100,101,1,datingtalk,183,185,2,astronomytiktok,169,174,5,notalking,40,42,2,disfraz,16,17,1,tiktokfeatures,41,43,2,,,,,nfl,1,1,0,mvp,159,162,3,spookystory,86,91,5,robotics,39,40,1,screenfreeactivities,74,79,5,vegastrip,151,153,2,chevysilverado,115,118,3,pokemongo,29,31,2,insects,17,17,0
matching,80,81,1,algebra,9,9,0,hololive,123,125,2,ohuhu,62,62,0,carspotting,97,99,2,babytok,8,9,1,babytok,8,9,1,pimplepatches,177,185,8,clearskin,95,102,7,rednailtheory,63,70,7,inversiones,76,75,-1,nowhiring,63,70,7,filterchangechallenge,91,94,3,nowhiring,63,70,7,prepromo,114,117,3,nurseproblems,111,117,6,bankofamerica,132,132,0,laliga,15,18,3,crockpot,79,84,5,crafty,12,13,1,黎山聖南宮,80,81,1,toprock,94,100,6,spendthedaywithme,7,7,0,caramelfrappe,160,162,2,whatiate,76,79,3,herencia,193,198,5,bangtan,46,47,1,,,,,oxyshred,3,4,1,luchalibre,57,59,2,twoundertwo,49,50,1,inversiones,76,75,-1,candyshop,44,45,1,cookie,80,85,5,mangostickyrice,58,61,3,vacuumcleaner,47,48,1,pokemongo,29,31,2,turksandcaicosislands,162,164,2,dreadhead,24,26,2,medicalanimation,52,55,3,medicalanimation,52,55,3,herencia,55,57,2,kitchendecor,67,71,4,kitchendecor,67,71,4,giftideasforkids,98,103,5,getuncomfortable,187,191,4,halloweenhorrornightsorlando,14,13,-1,ditl,4,4,0,meatchickens,188,191,3,sentimental,54,56,2,thesopranos,53,58,5,rockmusic,47,51,4,truecrime,10,11,1,perfumearabe,170,173,3,tatted,6,4,-2,bikeaccessories,44,50,6,pescar,145,148,3,thrifted,74,75,1,patosdeminas,97,99,2,capcutpictureedit,65,67,2,catmom,10,11,1,pettok,30,31,1,fotosconcelular,191,196,5,pembersihkamarmandi,103,104,1,avoidant,4,5,1,relatividad,190,195,5,personalattentionasmr,41,43,2,disfrazhalloween,41,42,1,بنكك,44,46,2,,,,,collegefootball,2,2,0,footballskills,176,179,3,aswang,156,161,5,airpurifier,49,50,1,giftideasforkids,98,103,5,turksandcaicosislands,162,164,2,carlover,116,119,3,hsr,38,40,2,beardeddragon,19,19,0
fallstyle,95,96,1,calculus,10,10,0,cartoonbeatboxbattles,127,129,2,coloringtok,68,68,0,dragracing,100,102,2,csectiondelivery,77,78,1,csectiondelivery,77,78,1,cuidadodelapiel,35,42,7,houstonhairstylist,122,129,7,nailspo,65,72,7,cvscouponing,94,93,-1,surgicaltechnologist,64,71,7,halloweengames,96,99,3,surgicaltechnologist,64,71,7,fullride,125,128,3,ukmemes,141,147,6,emergencia,194,194,0,arsenal,30,33,3,biscoff,81,86,5,halloweencrafts,15,16,1,马来西亚舞狮,83,84,1,jerseyyjoe,119,125,6,sobriety,8,8,0,specialtycoffee,175,177,2,kingcrablegs,90,93,3,napoleonbonaparte,45,49,4,verdict,48,49,1,,,,,strength,4,5,1,randyorton,79,81,2,emotionalregulation,55,56,1,cvscouponing,94,93,-1,haribo,77,78,1,nycfood,85,90,5,eatlocal,64,67,3,3dprinter,51,52,1,hsr,39,41,2,irelandtravel,164,166,2,slickback,36,38,2,suplementos,55,58,3,suplementos,55,58,3,coolfacts,58,60,2,houseplants,68,72,4,houseplants,68,72,4,kidsgift,108,113,5,laughhard__,8,11,3,oogieboogiebash,26,25,-1,journaling,13,13,0,silkiechickens,194,197,3,شعروقصايد,55,57,2,thepunisher,85,90,5,90smusic,49,53,4,squishy,11,12,1,whiteningtoothpaste,26,28,2,tattooshop,12,10,-2,fendt,76,82,6,kingmackerel,190,193,3,matching,78,79,1,katseye_debut,160,162,2,kittydoan,72,74,2,funnypets,21,22,1,americanbully,33,34,1,compactcamera,192,197,5,cleaningpaste,114,115,1,2027bride,5,6,1,anatomyclass,31,35,4,colourmixing,59,61,2,plaguedoctor,75,76,1,oreateai,46,48,2,,,,,cfb,3,3,0,hhn,19,21,2,mysteriouscreature,173,178,5,rgblights,77,78,1,kidsgift,108,113,5,irelandtravel,164,166,2,avgeek,120,123,3,highlight,43,45,2,animalcomedy,22,22,0
casualstyle,112,113,1,геометрия,16,16,0,meimei,129,131,2,caricature,72,72,0,chevysilverado,111,113,2,highchair,79,80,1,highchair,79,80,1,dermatologist,36,43,7,nailcare,146,153,7,cateyenail,79,86,7,estateplanning,103,102,-1,firstgradeteacher,69,76,7,cardsagainsthumanity,98,101,3,firstgradeteacher,69,76,7,collegedayinmylife,128,131,3,restaurantcomedy,149,155,6,policeofficer,10,9,-1,parissaintgermain,40,43,3,cinnamonrolls,82,87,5,handmadegifts,16,17,1,邢德力士團,95,96,1,calidances,151,157,6,dailyroutine,12,12,0,winelover,197,199,2,eatingchallenge,91,94,3,apclasses,53,57,4,sandrabullock,65,66,1,,,,,winterarc,5,6,1,mmatok,84,86,2,infertilityjourney,56,57,1,estateplanning,103,102,-1,bluecollarlunch,100,101,1,wine,114,119,5,chicagosuburbs,68,71,3,smartring,54,55,1,highlight,44,46,2,cliffsofmoher,173,175,2,halfwig,38,40,2,migrainerelief,56,59,3,migrainerelief,56,59,3,megaprojects,65,67,2,mansion,69,73,4,mansion,69,73,4,korilakkuma,126,131,5,motivacionpersonal,9,12,3,balloonmuseum,27,26,-1,pregnancytiktok,14,14,0,highlandcow,4,6,2,destino,57,59,2,growtogether,96,101,5,paradedicar,60,64,4,onepiece,25,26,1,glutathione,33,35,2,necktattoo,17,15,-2,gulfstream,80,86,6,basspro,36,38,2,fallstyle,93,94,1,dancemovie,165,167,2,ムービングgs,96,98,2,doglife,23,24,1,rabbit,38,39,1,freelancephotographer,193,198,5,usefullifehacks,138,139,1,ldr,6,7,1,neuroanatomy,32,36,4,squeaky,85,87,2,maskedwomen,81,82,1,techhack,47,49,2,,,,,nflfootball,4,4,0,figureskating,41,43,2,maryvincent,190,195,5,nokia,117,118,1,korilakkuma,126,131,5,cliffsofmoher,173,175,2,caressentials,154,157,3,zzz,44,46,2,sharkattack,41,41,0
wholesale,151,152,1,earlyliteracy,18,18,0,patrick,131,133,2,sipandpaint,77,77,0,carlover,112,114,2,dikadikadoo,86,87,1,dikadikadoo,86,87,1,makeupinspo,37,44,7,barbertok,164,171,7,nailsathome💅,89,96,7,impuestos,114,113,-1,metalart,99,106,7,tipsyland,172,175,3,metalart,99,106,7,collegelist,130,133,3,humorcristiano,171,177,6,flood,13,12,-1,mlsnext,79,82,3,chickenrecipe,89,94,5,kidscrafts,17,18,1,臺北鈊泰美禮生,109,110,1,cantdance,160,166,6,soberlife,13,13,0,drinks,5,6,1,eatlunchwithme,101,104,3,космос,67,71,4,wildnout,98,99,1,,,,,back,6,7,1,edge,109,111,2,surrogate,93,94,1,impuestos,114,113,-1,cheesemonger,120,121,1,tequila,132,137,5,carnitas,73,76,3,fanttik,56,57,1,zzz,45,47,2,viajandoporelmundo,9,10,1,curlygirl,46,48,2,naturalremedies,58,61,3,naturalremedies,58,61,3,royalhistory,70,72,2,mattresstopper,71,75,4,mattresstopper,71,75,4,fullbodysiliconebaby,145,150,5,yourblessingiscoming,17,20,3,universalstudiosorlando,28,27,-1,sobriety,22,22,0,horsecare,12,14,2,sagitario,64,66,2,vikings,119,124,5,coachella,65,69,4,мем,28,29,1,bodyscrub,66,68,2,mehndi,28,26,-2,aviationtok,99,105,6,fishman,42,44,2,casualstyle,110,111,1,broadwayshow,179,181,2,asalamualaikumwrwb,98,100,2,animalrescue,25,26,1,corgi,48,49,1,photography101,36,40,4,economiadoméstica,175,176,1,datingtips,7,8,1,simply,44,48,4,squishylover,113,115,2,couplecostume,82,83,1,figma,50,52,2,,,,,fantasyfootball,5,5,0,barca,50,52,2,fantasma,33,37,4,компьютер,137,138,1,fullbodysiliconebaby,145,150,5,viajandoporelmundo,9,10,1,trucks,12,14,2,projectsekai,54,56,2,seacreatures,65,65,0
gdwm,165,166,1,matematica,20,20,0,umamusumeprettyderby,141,143,2,bulletjournal,91,91,0,caressentials,148,150,2,twinmomlife,106,107,1,twinmomlife,106,107,1,lipbalm,41,48,7,atlantahairstylist,174,181,7,miaminails,96,103,7,itin,170,169,-1,craftsman,105,112,7,puzzlegame,6,8,2,craftsman,105,112,7,physicaltherapyschool,141,144,3,imjokingfam,173,179,6,extremeweather,14,13,-1,defense,83,86,3,asianfood,103,108,5,resinart,18,19,1,月港寶聖宮神將團,138,139,1,伝統芸能,177,183,6,longdistancefriendship,14,14,0,wine,21,22,1,eateat,107,110,3,highpointuniversity,85,89,4,popculturenews,107,108,1,,,,,powerlifting,7,8,1,growwomenswrestling,131,133,2,breakingcycles,97,98,1,itin,170,169,-1,eatingclean,137,138,1,dinnerwithme,135,140,5,localfood,91,94,3,rgblights,66,67,1,projectsekai,55,57,2,glamping,10,11,1,healthyhairjourney,59,61,2,womenhealth,65,68,3,womenhealth,65,68,3,factsoftheday,73,75,2,homemaintenance,83,87,4,homemaintenance,83,87,4,plushdolls,149,154,5,lifeadvicetiktok,28,31,3,disneydeals,29,28,-1,diycrafts,23,23,0,ganaderia,15,17,2,alchemy,66,68,2,hermionegranger,126,131,5,banda,72,76,4,demonslayer,36,37,1,trulybeauty,77,79,2,handtattoo,29,27,-2,citybus,134,140,6,archeryhunting,81,83,2,wholesale,149,150,1,danceislife,186,188,2,cewekpink,99,101,2,zoo,26,27,1,animalcomedy,69,70,1,cinematicphotographer,70,74,4,厨房用品,198,199,1,intimacy,8,9,1,astronomytok,52,56,4,cuttingasmr,153,155,2,fursuitfriday,83,84,1,whatsapptips,54,56,2,,,,,49ers,6,6,0,oxyshred,52,54,2,心霊スポット,38,42,4,keebtok,144,145,1,plushdolls,149,154,5,glamping,10,11,1,trucking,15,17,2,mcyt,66,68,2,deertok,83,83,0
jewelrytok,179,180,1,apcalc,23,23,0,scoobydoo,143,145,2,cuadrospersonalizados,101,101,0,carbuild,170,172,2,preemiestrong,111,112,1,preemiestrong,111,112,1,nighttimeroutine,54,61,7,halfuphalfdown,178,185,7,uñaselegantes,120,127,7,xrpholders,180,179,-1,plaster,125,132,7,familygame,25,27,2,plaster,125,132,7,escolapublica,170,173,3,stanclickin,186,192,6,forestfire,20,19,-1,cashnasty,109,112,3,cookingathometiktoktv,106,111,5,cricut,21,22,1,中壢仁海宮,167,168,1,pledgetok,22,27,5,rutina,15,15,0,frostbuddy,37,38,1,crunchysounds,115,118,3,brainscience,167,171,4,entertainmentnews,120,121,1,,,,,bodytransformation,12,13,1,prowrestling,10,11,1,nonverbalautism,168,169,1,xrpholders,180,179,-1,pinkcake,157,158,1,biscoff,152,157,5,njfoodie,94,97,3,speakers,88,89,1,mcyt,67,69,2,weekendgetaway,12,13,1,jetblack,62,64,2,nitricoxcide,107,110,3,nitricoxcide,107,110,3,nefertiti,77,79,2,memoryfoam,97,101,4,memoryfoam,97,101,4,btsmerch,155,160,5,motivaciónpersonal,44,47,3,disneyday,30,29,-1,fatherhood,24,24,0,wildhorses,24,26,2,libraseason,70,72,2,comictok,128,133,5,kehlani,84,88,4,lildurk,39,40,1,scentlayering,104,106,2,bodyart,30,28,-2,aviationmechanic,163,169,6,campinglight,94,96,2,gdwm,163,164,1,dancecover,12,13,1,47y,100,102,2,petloss,30,31,1,pugs,85,86,1,instantcamera,76,80,4,cleaningtools,1,1,0,avoidantattachment,9,10,1,marte,54,58,4,триггеры,160,162,2,fryboydb,87,88,1,selfiehack,56,58,2,,,,,nfltiktok,14,14,0,strength,53,55,2,aihorror,46,50,4,telefono,165,166,1,btsmerch,155,160,5,weekendgetaway,12,13,1,wheelie,16,18,2,esports,81,83,2,funnyparrot,97,97,0
everydaybag,192,193,1,digitalsat,29,29,0,vtuberclips,165,167,2,paintandsip,103,103,0,gsxr,174,176,2,20monthsold,163,164,1,20monthsold,163,164,1,viralmakeup,66,73,7,niacinamide,184,191,7,sallyhansenpartner,38,44,6,shopify,21,19,-2,residentialcleaning,139,146,7,scavengerhunt,27,29,2,residentialcleaning,139,146,7,intramurals,192,195,3,rire,189,195,6,courtroom,23,22,-1,setter,175,178,3,cottagebakery,114,119,5,journalwithme,31,32,1,左營心轎班情,174,175,1,dancetiktok,31,36,5,romanticizeyourlife,16,16,0,coffeelovers,38,39,1,seagrapes,151,154,3,humanbody,21,24,3,pinkypromise,183,184,1,,,,,lift,18,19,1,bjj,13,14,1,nieta,180,181,1,shopify,21,19,-2,costcofinds,1,1,0,jerseymikes,170,175,5,desayunos,117,120,3,solarlight,105,106,1,esports,82,84,2,cherryblossoms,39,40,1,syntheticwig,63,65,2,saluddigestiva,108,111,3,saluddigestiva,108,111,3,medievaltok,79,81,2,firstapartment,127,131,4,firstapartment,127,131,4,snoopyfinds,162,167,5,opendiscussion,70,73,3,universalorlandoresort,43,42,-1,ultrasound,25,25,0,racehorse,71,73,2,reconciliation,78,80,2,powerrangers,139,144,5,techno,104,108,4,guitar,45,46,1,bodyaccel,132,134,2,houstontattooartist,31,29,-2,militaryaviation,17,22,5,duckcall,141,143,2,jewelrytok,177,178,1,dancetrends,13,14,1,中性的女子,106,108,2,americanbully,38,39,1,gatostiktok,105,106,1,auraphotography,97,101,4,cloggeddrain,7,7,0,relationshiptok,10,11,1,learnphysics,55,59,4,mouthsounds,6,7,1,ladybugcosplay,107,108,1,aivideoediting,82,84,2,,,,,patriots,24,24,0,crosscountry,55,57,2,terrorsobrenatural,47,51,4,powerstrip,185,186,1,snoopyfinds,162,167,5,cherryblossoms,39,40,1,auction,17,19,2,arknights,98,100,2,antfarm,109,109,0
tiktokshop,1,1,0,профмат,35,35,0,мультик,176,178,2,cuadros,136,136,0,mechanic,3,4,1,mommytiktok,169,170,1,mommytiktok,169,170,1,niacinamide,73,80,7,dyedhair,57,63,6,septembernails,40,46,6,digitalmarketing,23,21,-2,firewood,149,156,7,funnygame,28,30,2,firewood,149,156,7,collegefreshman,6,8,2,homeritachi,30,35,5,copsusa,30,29,-1,gameday,10,12,2,cookingathome,124,129,5,homecomingmums,34,35,1,閻羅天子,191,192,1,groupdance,71,76,5,lifelately,19,19,0,bloomenergy,58,59,1,fastfoodhacks,182,185,3,ancientegypt,43,46,3,bts,1,1,0,,,,,bodyrecomposition,61,62,1,rally,38,39,1,pregnant,1,1,0,digitalmarketing,23,21,-2,fruits,4,4,0,spicyfood,176,181,5,mexicanrestaurant,134,137,3,telefono,146,147,1,bug,94,96,2,nyctravel,42,43,1,karseellcollagen,68,70,2,hidradenitissuppurativa,109,112,3,hidradenitissuppurativa,109,112,3,inmigrandoconkathia,85,87,2,steamcleaning,136,140,4,steamcleaning,136,140,4,reborncommunity,56,60,4,believelnyourself,74,77,3,frightfest,44,43,-1,wedorecover,27,27,0,highlandcowsoftiktok,73,75,2,capricornio,81,83,2,netflixseries,147,152,5,independentartist,106,110,4,bleach,46,47,1,bodyroutine,161,163,2,bodymods,33,31,-2,aircraftcarrier,20,25,5,beaufortsc,148,150,2,tiktokshop,1,1,0,cumbiasonidera,14,15,1,unimaginablefeelings,123,125,2,golden,52,53,1,zoomies,110,111,1,fantasyphotography,99,103,4,washingmachinecleaner,17,17,0,weddingvibes,18,19,1,uzay,67,71,4,satisfyingcleaning,9,10,1,harrypottercosplay,141,142,1,videoeditingtips,92,94,2,,,,,cubs,26,26,0,injury,64,66,2,horrorshorts,56,60,4,portablepowerstation,189,190,1,reborncommunity,56,60,4,nyctravel,42,43,1,squattedtrucks🤢,18,20,2,indiegame,104,106,2,قرد,124,124,0
streetwear,2,2,0,nursingnotes,58,58,0,bugsbunny,182,184,2,скульптура,151,151,0,honda,4,5,1,estimulaciontemprana,173,174,1,estimulaciontemprana,173,174,1,grwmforschool,74,81,7,purplehair,61,67,6,brokennail,62,68,6,entrepreneurship,24,22,-2,underwaterwelding,32,38,6,braingames,32,34,2,underwaterwelding,32,38,6,pennstateuniversity,33,35,2,funnyreels,36,41,5,accidente,53,52,-1,redsox,56,58,2,reposteria,136,141,5,easycrafts,36,37,1,敬上道壇,192,193,1,alphaphialpha,81,86,5,75hard,20,20,0,icecoffee,82,83,1,chipotlepartner,12,14,2,dailyquotes,49,52,3,blueface,2,2,0,,,,,halfmarathontraining,63,64,1,rollerskate,47,48,1,girldad,2,2,0,entrepreneurship,24,22,-2,wieiad,5,5,0,asianfood,195,200,5,dallasthingstodo,151,154,3,creatortools,156,157,1,chess,95,97,2,travelsafety,43,44,1,karseellhairmask,78,80,2,neuro,110,113,3,neuro,110,113,3,lawoffice,182,184,2,homecomfort,138,142,4,homecomfort,138,142,4,puzzletok,63,67,4,motivaciondelavida,80,83,3,disneylandtips,45,44,-1,dailyroutine,30,30,0,donkeysoftiktok,77,79,2,tarotreadings,118,120,2,youngsheldon,11,15,4,alabanzas_cristianas,144,148,4,btsarmy,53,54,1,spiderveins,193,195,2,finelinetattooartist,35,33,-2,flighttraining,25,30,5,takeakidfishing,160,162,2,streetwear,2,2,0,sturdy,15,16,1,บังบอส,144,146,2,catvideos,79,80,1,catsofttiktok,116,117,1,instaxmini,102,106,4,floorbrush,19,19,0,datinglife,19,20,1,diyscience,81,85,4,pimples,14,15,1,фокусы,150,151,1,تطبيق,96,98,2,,,,,giants,29,29,0,deerhunting,76,78,2,blackfigure,83,87,4,capcutpioneer,1,1,0,puzzletok,63,67,4,travelsafety,43,44,1,liftedtrucks,43,45,2,minecraftbuilds,113,115,2,greencheekconure,137,137,0
tiktokshopfinds,3,3,0,studyguide,71,71,0,hunterxhunter,15,16,1,handwritingpractice,168,168,0,chevy,5,6,1,babybooks,176,177,1,babybooks,176,177,1,lash,89,96,7,makeuptransformation,68,74,6,fallnailsinspo,93,99,6,memecoins,25,23,-2,middleschoolteacher,33,39,6,rockpaperscissorschallange,52,54,2,middleschoolteacher,33,39,6,lsatprep,42,44,2,brincosdierasofficial,66,71,5,crimenews,57,56,-1,fantasyfootballadvice,64,66,2,cookware,172,177,5,toddlercrafts,39,40,1,0209,1,1,0,newdances,114,119,5,morninginmylife,22,22,0,bottleopener,93,94,1,crumblecookie,18,20,2,blackhole,58,61,3,loveislandreunion,3,3,0,,,,,athletictraining,64,65,1,snowboard,48,49,1,pregnancytiktok,5,5,0,memecoins,25,23,-2,birthdaycake,6,6,0,tiktokgo,20,24,4,crepas,163,166,3,powerstrip,164,165,1,zen,96,98,2,mtrainier,44,45,1,hairhacks,94,96,2,nitricoxide,111,114,3,nitricoxide,111,114,3,testament,191,193,2,spacesaving,139,143,4,spacesaving,139,143,4,jellycats,81,85,4,quoteaesthetic,82,85,3,uoap,49,48,-1,cleaningtools,40,40,0,babycows,80,82,2,energía,120,122,2,sheldoncooper,29,33,4,salsaromantica,145,149,4,attackontitan,66,67,1,perfumecollection,17,18,1,tatuagem,36,34,-2,kukiring2,27,32,5,deercamp,163,165,2,tiktokshopfinds,3,3,0,ballettok,16,17,1,laylersss💃🏻,152,154,2,donkey,85,86,1,spoileddog,119,120,1,houstonweddingphotographer,104,108,4,limpiezadecocina,23,23,0,aircanadalanding,25,26,1,3danatomy,83,87,4,cleaningasmr,16,17,1,hellencristinaaaa,186,187,1,aiineducation,106,108,2,,,,,womensbasketball,34,34,0,psl,81,83,2,podcastextraanormal,94,98,4,tech,2,2,0,jellycats,81,85,4,mtrainier,44,45,1,tires,50,52,2,ps5,11,12,1,greatwhite,142,142,0
autumn,4,4,0,mathtest,83,83,0,goku,16,17,1,ceramics,7,6,-1,caraccessories,6,7,1,babybath,187,188,1,babybath,187,188,1,tretinoin,91,98,7,foundation,71,77,6,acrilico,102,108,6,tjr,28,26,-2,weldinglife,35,41,6,homegame,55,57,2,weldinglife,35,41,6,mcatprep,46,48,2,schoolmemes,73,78,5,hurricaneseason,94,93,-1,libero,82,84,2,fromscratch,176,181,5,piñataspersonalizadas,40,41,1,0609,2,2,0,coreografia,124,129,5,spinalcordinjury,24,24,0,hennessy,106,107,1,buffalowildwingspartner,20,22,2,yearbook,59,62,3,celebrity,4,4,0,,,,,reformerpilates,65,66,1,armantsarukyan,49,50,1,momtobe,9,9,0,tjr,28,26,-2,aldi,7,7,0,drinks,31,35,4,mofongo,175,178,3,bluetoothheadphones,191,192,1,slowedandreverb,110,112,2,colosseum,60,61,1,modcut,179,181,2,cavity,150,153,3,cavity,150,153,3,darkhistory,2,3,1,wayfaircreator,143,147,4,wayfaircreator,143,147,4,hellokittyandfriends,85,89,4,motivationalqoutes,90,93,3,carnivalgames,65,64,-1,longdistancefriendship,42,42,0,ganaderia🐂🐎,83,85,2,oshun,122,124,2,wolverine,47,51,4,estadosparawhatsapp,161,165,4,comic,115,116,1,teethtok,19,20,1,flashtattoo,49,47,-2,boatbuild,28,33,5,campvibes,166,168,2,autumn,4,4,0,dancebreak,17,18,1,미니미,156,158,2,animalcomedy,97,98,1,mascota,121,122,1,waterphotography,107,111,4,washingmachineclean,25,25,0,harbourfronttoront,26,27,1,astronauta,94,98,4,relaxingsounds,22,23,1,fursuit,1,1,0,glowcam,123,125,2,,,,,deionsanders,66,66,0,redsox,87,89,2,leyendasmexicanas,101,105,4,iphone,3,3,0,hellokittyandfriends,85,89,4,colosseum,60,61,1,f250,59,61,2,redditstories,12,13,1,drivethrusafari,160,160,0
unboxing,5,5,0,mathforkids,87,87,0,narutoshippuden,23,24,1,diamondart,10,9,-1,biker,7,8,1,baby,1,1,0,baby,1,1,0,lip,104,111,7,creativemakeup,72,78,6,longnailscheck,112,118,6,investment,37,35,-2,wfhmom,37,43,6,retomental,63,65,2,wfhmom,37,43,6,gradschoollife,47,49,2,funnycouples,97,102,5,climate,98,97,-1,collegefootball,2,3,1,outdoorcooking,54,58,4,craftsupplies,41,42,1,liondancesg,3,3,0,sturdydance,125,130,5,lifestylevlog,25,25,0,drinkresponsibly,116,117,1,dininghall,32,34,2,studentcouncil,78,81,3,dwts,5,5,0,,,,,oneractive,66,67,1,boxeomexicano,50,51,1,breastfeedingjourney,18,18,0,investment,37,35,-2,traderjoeshaul,8,8,0,tastetest,32,36,4,downtowndetroit,197,200,3,tech,1,1,0,oncehuman,121,123,2,solofemaletraveler,70,71,1,headbandwig,180,182,2,bienestarfemenino,158,161,3,bienestarfemenino,158,161,3,napoleonbonaparte,13,14,1,cleaningmotivation,26,29,3,cleaningmotivation,26,29,3,ちいかわ,128,132,4,feelingstuck,92,95,3,knottsscaryfarm,68,67,-1,breastfeedingtips,43,43,0,palomino,99,101,2,tarotreading,3,4,1,actors,115,119,4,2hollis,176,180,4,celebritynews,126,127,1,vanillaperfume,22,23,1,fullsleevetattoo,60,58,-2,outboardmotor,29,34,5,bearhunting,169,171,2,unboxing,5,5,0,tiktokdancechallenge,18,19,1,занашихсолдат,163,165,2,crocodile,137,138,1,toletole,160,161,1,ediciondefotos,129,133,4,limpiezafacil,26,26,0,relationshiptalk,32,33,1,плоскаяземля,139,143,4,hairplay,26,27,1,nikke,2,2,0,aestheticphone,161,163,2,,,,,diamondbacks,194,194,0,nebraskavolleyball,91,93,2,warrenmuseum,108,112,4,apple,4,4,0,ちいかわ,128,132,4,solofemaletraveler,70,71,1,usedcars,70,72,2,2kcommunity,14,15,1,foxesoftiktok,161,161,0
fallfashion,6,6,0,studyhelp,91,91,0,hxh,24,25,1,colortok,13,12,-1,tesla,8,9,1,toddlersoftiktok,2,2,0,toddlersoftiktok,2,2,0,acnejourney,105,112,7,acneproneskin,78,84,6,jellynails,119,125,6,dollargeneralcouponing,38,36,-2,sparky,59,65,6,rompecabezas,70,72,2,sparky,59,65,6,mbg,56,58,2,ariesspears,103,108,5,protectourchildren,112,111,-1,usopen,7,8,1,sweettreats,62,66,4,craftymoms,48,49,1,1207,5,5,0,easytiktokdance,128,133,5,plannertok,27,27,0,providenceri,120,121,1,crumblecookiereview,34,36,2,lastyear,83,86,3,btsarmy,7,7,0,,,,,homefitness,90,91,1,caneloalvarez,55,56,1,babyregistrymusthaves,51,51,0,dollargeneralcouponing,38,36,-2,costcodeals,9,9,0,pumpkinspice,43,47,4,buffalowildwingspartner,18,20,2,iphone,2,2,0,kingdomhearts,134,136,2,banffnationalpark,81,82,1,heatlesshairstyles,188,190,2,neurosurgery,189,192,3,neurosurgery,189,192,3,personalinjurylawyer,15,16,1,kitchenfinds,35,38,3,kitchenfinds,35,38,3,bjd,147,151,4,epictetus,108,111,3,gci,70,69,-1,manualidades,48,48,0,corral,162,164,2,zodiac,4,5,1,pakistanidrama,124,128,4,beckyg,183,187,4,russianstars,157,158,1,dove,24,25,1,blackink,67,65,-2,p51,33,38,5,bait,8,9,1,fallfashion,6,6,0,hiphopdance,19,20,1,美男美女しか変身できないらしい,192,194,2,veterinarymedicine,139,140,1,aquascape,179,180,1,cutecamera,150,154,4,생활꿀팁,43,43,0,marriedcouple,33,34,1,cienciaparaniños,146,150,4,woodcutting,34,35,1,fursuiter,6,6,0,logoanimation,163,165,2,,,,,premierleague,8,7,-1,gymfit,95,97,2,casocriminal,134,138,4,techtok,5,5,0,bjd,147,151,4,banffnationalpark,81,82,1,motovlog,84,86,2,update,15,16,1,turtle,7,6,-1
falloutfits,7,7,0,subtraction,92,92,0,alightmotion,28,29,1,woodcarving,16,15,-1,mustang,9,10,1,newborn,3,3,0,newborn,3,3,0,skinhealth,108,115,7,lipbalm,92,98,6,abstractnails,187,193,6,taxes,39,37,-2,pipefitter,72,78,6,conocimientosgenerales,126,128,2,pipefitter,72,78,6,gradstudentlife,60,62,2,dentalhumor,104,109,5,cubanosenusa,128,127,-1,runner,25,26,1,lunchbox,64,68,4,diygifts,60,61,1,0904,9,9,0,danceitout,134,139,5,spendthemorningwithme,38,38,0,shakerbottle,129,130,1,bigbackactivities,45,47,2,ptschool,105,108,3,chriseanrock,12,12,0,,,,,nutricost,91,92,1,brandrisk,71,72,1,pumping,52,52,0,taxes,39,37,-2,mealplanning,15,15,0,energydrink,55,59,4,ceviche,24,26,2,apple,3,3,0,tierlist,177,179,2,mustvisit,102,103,1,hairextensions,12,13,1,obgyn,22,24,2,obgyn,22,24,2,holocaust,26,27,1,bathroomdecor,42,45,3,bathroomdecor,42,45,3,rideoncar,170,174,4,jimrohnmotivation,117,120,3,claw,83,82,-1,crochettiktok,49,49,0,pigeon,3,4,1,estadosunidos🇱🇷,5,6,1,sandrabullock,131,135,4,guitar,6,9,3,movie,1,1,0,fragancias,30,31,1,tattoostencil,98,96,-2,yatch,57,62,5,whitetail,14,15,1,falloutfits,7,7,0,balletcore,20,21,1,71bếntre🌴chàocáctỉnhthành❤,193,195,2,dogmom,1,1,0,dogmom,1,1,0,portraits,28,31,3,jaropener,45,45,0,datingtok,34,35,1,spacetechnology,153,157,4,beginnerasmr,38,39,1,magictrick,7,7,0,tiktoksetting,164,166,2,,,,,bonnieblue,9,8,-1,footbal,104,106,2,alienencounter,138,142,4,3dprinting,6,6,0,rideoncar,170,174,4,mustvisit,102,103,1,motor,91,93,2,valorant,16,17,1,otter,8,7,-1
vintage,8,8,0,matheducation,99,99,0,comic,29,30,1,canvas,17,16,-1,offroad,10,11,1,toddler,4,4,0,toddler,4,4,0,lipcare,111,118,7,barberlife,93,99,6,shortsquarenails,191,197,6,dollargeneraldeals,42,40,-2,woodworkingtools,103,109,6,categories,134,136,2,woodworkingtools,103,109,6,whitecoatceremony,71,73,2,eseperez,108,113,5,sandyhook,147,146,-1,barca,34,35,1,bacon,93,97,4,decoden,74,75,1,0914,26,26,0,milwaukeedance,156,161,5,makingfriends,48,48,0,icetray,131,132,1,seafoodmukbang,67,69,2,meteorologisttoddgross,113,116,3,tlc,16,16,0,,,,,classpass,104,105,1,pbr,72,73,1,parto,54,54,0,dollargeneraldeals,42,40,-2,gummy,18,18,0,recetasfaciles,59,63,4,dintaifung,31,33,2,techtok,4,4,0,freddy,184,186,2,cabintrip,139,140,1,dyedhair,18,19,1,sleepbetter,25,27,2,sleepbetter,25,27,2,texashistory,60,61,1,makeover,74,77,3,makeover,74,77,3,pokemonetb,180,184,4,motivationalsaturday,137,140,3,disneylandcaliforniaadventure,88,87,-1,yarn,54,54,0,horsesoftiktok,6,7,1,scorpio,6,7,1,thechosen,168,172,4,marchingband,17,20,3,dance,2,2,0,bacne,44,45,1,phoenixtattoo,120,118,-2,electricwheelchair,61,66,5,troutfishing,18,19,1,vintage,8,8,0,breakdance,22,23,1,pictok,6,7,1,pet,2,2,0,pet,2,2,0,mobilephotography,40,43,3,trucosdelhogar,46,46,0,myperson,39,40,1,humanreproduction,185,189,4,paintmixing,47,48,1,couplecostumes,12,12,0,digitalscrapbook,165,167,2,,,,,footy,16,15,-1,bjj,117,119,2,espanto,148,152,4,headphones,7,7,0,pokemonetb,180,184,4,cabintrip,139,140,1,acura,95,97,2,genshin,17,18,1,animales,11,10,-1
jeans,17,17,0,sathacks,102,102,0,coraline,34,35,1,lettering,18,17,-1,automotive,11,12,1,newmom,5,5,0,newmom,5,5,0,matureskincare,128,135,7,silkpress,100,106,6,fallnailinspo,14,19,5,method,47,45,-2,constructiontok,117,123,6,balloonchallenge,150,152,2,constructiontok,117,123,6,lastyearofschool,80,82,2,beejaytv,157,162,5,asheville,149,148,-1,crosscountry,37,38,1,cleaneating,95,99,4,diykit,82,83,1,liondancegirls,32,32,0,kappaalphapsi,30,34,4,ileostomy,59,59,0,alkalinewater,158,159,1,everythingiate,72,74,2,histoireafricaine,185,188,3,evelynortiz,29,29,0,,,,,beginnerworkout,108,109,1,skatingrink,74,75,1,pumpwithme,60,60,0,method,47,45,-2,cakesoftiktok,19,19,0,lunchideas,62,66,4,antojitos,51,53,2,3dprinting,5,5,0,ps5,11,12,1,falltravel,180,181,1,purplehair,20,21,1,healthyaging,30,32,2,healthyaging,30,32,2,historicalphotos,69,70,1,deskdecor,85,88,3,deskdecor,85,88,3,puzzlelover,194,198,4,katamotivasi,186,189,3,universaljapan,99,98,-1,wearablebreastpump,56,56,0,donkey,7,8,1,libra,7,8,1,сериалы,194,198,4,corridos,18,21,3,nfl,3,3,0,burberryher,46,47,1,strechedseptum,131,129,-2,usaairforce,89,94,5,redfish,25,26,1,jeans,16,16,0,chambelanes,23,24,1,facecardvalid🥰,8,9,1,catlover,3,3,0,catlover,3,3,0,analogphotography,44,47,3,hackchahiye,47,47,0,microcheating,41,42,1,космос,12,15,3,rugtok,50,51,1,scareactor,13,13,0,outlooktips,167,169,2,,,,,philadelphiaeagles,45,44,-1,strava,145,147,2,historiasparanormales,149,153,4,bend,8,8,0,puzzlelover,194,198,4,falltravel,180,181,1,mobilemechanic,105,107,2,gamer,20,21,1,gorilla,12,11,-1
vinted,19,19,0,tracingbook,106,106,0,vegeta,37,38,1,artreveal,19,18,-1,audi,14,15,1,breastfeeding,6,6,0,breastfeeding,6,6,0,piel,130,137,7,elfcosmetics,104,110,6,brownnails,30,35,5,creditcard,51,49,-2,cosecha,155,161,6,speedpuzzling,155,157,2,cosecha,155,161,6,businessstudent,117,119,2,dadjoke,182,187,5,inmigracionusa,159,158,-1,marathontraining,41,42,1,рассказ,120,124,4,velasartesanales,84,85,1,舞狮生活,35,35,0,dancepartner,47,51,4,chiarimalformation,67,67,0,juicerecipe,195,196,1,foodcombo,79,81,2,mathhelp,191,194,3,7littlejohnstons,32,32,0,,,,,momfitness,111,112,1,penta,77,78,1,autismfamily,67,67,0,creditcard,51,49,-2,customcake,20,20,0,juice,70,74,4,durhamnc,66,68,2,headphones,6,6,0,redditstories,12,13,1,tiktokgo,1,1,0,salonlife,21,22,1,massager,35,37,2,massager,35,37,2,aztecs,114,115,1,kitchenmusthaves,86,89,3,kitchenmusthaves,86,89,3,getahugco,195,199,4,修心修行,190,193,3,disneyworldvacation,111,110,-1,septemberbaby,62,62,0,cowsoftiktok,8,9,1,virgoseason,8,9,1,practicalmagic2,36,39,3,tour,19,22,3,lindsayclancy,4,4,0,gucciguilty,49,50,1,customtattoos,150,148,-2,golfcarts,103,108,5,fisher,28,29,1,vinted,18,18,0,zapateado,24,25,1,selfiedump,9,10,1,goldenretriever,4,4,0,goldenretriever,4,4,0,disposablecamera,49,52,3,cleanhack,48,48,0,bumblepartner,42,43,1,meteorologisttoddgross,20,23,3,asmrpackaging,53,54,1,fnafcosplay,14,14,0,instagramdisabled,193,195,2,,,,,jahmyrgibbs,126,125,-1,soccermom,185,187,2,historiasdeterror,14,17,3,desksetup,9,9,0,getahugco,195,199,4,tiktokgo,1,1,0,mechanictools,106,108,2,overwatch,23,24,1,reptile,14,13,-1
falldealsforyou,20,20,0,learningmath,111,111,0,otaku,39,40,1,stainedglass,20,19,-1,trucksoftiktok,21,22,1,babies,7,7,0,babies,7,7,0,prpackage,138,145,7,hairgoals,111,117,6,nycnailtech,57,62,5,fba,52,50,-2,tiles,184,190,6,rockpaperfoodchallenge,3,4,1,tiles,184,190,6,hocsinh,145,147,2,crowdwork,25,29,4,aubreighwyatt,170,169,-1,d1athlete,47,48,1,yogurt,123,127,4,craftingcommunity,152,153,1,múalan,39,39,0,newdancetrend,69,73,4,afterschoolroutine,85,85,0,starbucks,1,1,0,sushimonsters,98,100,2,ancient,24,26,2,lacasadelosfamosos,35,35,0,,,,,creatinemonohydrate,124,125,1,judo,81,82,1,duedate,83,83,0,fba,52,50,-2,drizzilicious,21,21,0,macandcheese,106,110,4,ayce,70,72,2,bend,7,7,0,2kcommunity,14,15,1,hotel,2,2,0,fade,34,35,1,bajardepeso,88,90,2,bajardepeso,88,90,2,apostilla,131,132,1,mancave,93,96,3,mancave,93,96,3,giftsforkids,45,48,3,txlchris,11,13,2,howloscream,126,125,-1,halloweencrafts,63,63,0,farmanimals,9,10,1,witchy,9,10,1,easterneurope,37,40,3,edm,25,28,3,animeedit,13,13,0,perfumesmasculinos,75,76,1,tattootransformation,163,161,-2,helicoptero,142,147,5,nash,73,74,1,falldealsforyou,19,19,0,balletdancer,26,27,1,はじめての自画像,20,21,1,dogtok,5,5,0,dogtok,5,5,0,localphotographer,53,56,3,disposabletoiletbrush,67,67,0,breakupadvice,45,46,1,astrophotography,21,24,3,asmrhairbrushing,80,81,1,simonriley,18,18,0,hypiccreator,5,6,1,,,,,dakprescott,155,154,-1,collegefootball,2,3,1,aliensighting,22,25,3,earbuds,13,13,0,giftsforkids,45,48,3,hotel,2,2,0,carbuyingtips,111,113,2,honkaistarrail,27,28,1,safari,16,15,-1
targetfinds,21,21,0,mathedit,116,116,0,umamusume,42,43,1,originalart,21,20,-1,motos,40,41,1,firstbirthday,16,16,0,firstbirthday,16,16,0,clearskin,43,49,6,garnierpartner,124,130,6,dippowder,66,71,5,micropayments,53,51,-2,construcion,191,197,6,guessthenumber,12,13,1,construcion,191,197,6,stanforduniversity,165,167,2,shamar,29,33,4,robbelementaryschool,189,188,-1,flagfootball,51,52,1,cinnamon,138,142,4,cricutforbeginners,169,170,1,liondancegirl,48,48,0,turns,76,80,4,ditlvlog,86,86,0,coffee,2,2,0,spicyramen,125,127,2,collegefreshman,25,27,2,chrisean,36,36,0,,,,,workoutwithme,151,152,1,elitomac,87,88,1,familyphotos,88,88,0,micropayments,53,51,-2,traderjoesmusthaves,22,22,0,latte,123,127,4,chicagoeats,72,74,2,desksetup,8,8,0,update,15,16,1,eiffeltower,3,3,0,silkpress,35,36,1,physiotherapy,91,93,2,physiotherapy,91,93,2,legaltalk,176,177,1,homerepair,100,103,3,homerepair,100,103,3,monsterhighdolls,52,55,3,raylewis,12,14,2,disneyfriends,163,162,-1,handmadegifts,64,64,0,babygoat,21,22,1,aries,10,11,1,disneychannel,43,46,3,80smusic,27,30,3,concert,14,14,0,phlur,91,92,1,freshink,185,183,-2,xcmg,161,166,5,spearo,112,113,1,targetfinds,20,20,0,dancepartner,29,30,1,womenwithgoals,21,22,1,cattok,6,6,0,cattok,6,6,0,posingideas,72,75,3,limpiezafácil,71,71,0,ldrcouple,46,47,1,cuerpohumano,30,33,3,scraping,87,88,1,jjkcosplay,20,20,0,godpic,7,8,1,,,,,arsenalfc,172,171,-1,worldoffrozen,6,7,1,mysteries,26,29,3,smarthome,14,14,0,monsterhighdolls,52,55,3,eiffeltower,3,3,0,electricscooter,113,115,2,rdr2,28,29,1,alligator,21,20,-1
tshirt,24,24,0,phonicsfun,135,135,0,boruto,43,44,1,fineart,22,21,-1,carplay,45,46,1,aibaby,17,17,0,aibaby,17,17,0,eyecream,50,56,6,lipoil,135,141,6,gelxapplication,125,130,5,realestatetips,54,52,-2,drywall,11,16,5,couplegame,14,15,1,drywall,11,16,5,выпускныеленты,177,179,2,mattrife,33,37,4,trial,9,7,-2,psl,52,53,1,foodblogger,192,196,4,ハンドメイド,177,178,1,liondancechina,50,50,0,guapangos,152,156,4,collegediaries,171,171,0,matcha,3,3,0,freezedry,129,131,2,legaladvice,29,31,2,yurnboi,38,38,0,,,,,fitnesstransformation,179,180,1,stroll,128,129,1,diaperreview,90,90,0,realestatetips,54,52,-2,customcakes,28,28,0,matchalatte,125,129,4,dominospizza,81,83,2,smarthome,11,11,0,valorant,16,17,1,japantravel,4,4,0,houstonhairstylist,50,51,1,neckmassager,99,101,2,neckmassager,99,101,2,historytok,1,1,0,cloudcouch,117,120,3,cloudcouch,117,120,3,porchgoose,54,57,3,dailyinspiration,13,15,2,disneytrip,24,22,-2,blendedfamily,71,71,0,ranching,23,24,1,virgo♍️,11,12,1,fastandfurious,66,69,3,dontoliver,33,36,3,tvshow,16,16,0,strongerwithyou,96,97,1,tatoo,25,22,-3,miniskidsteer,174,179,5,hoyt,130,131,1,tshirt,23,23,0,sonideros,32,33,1,自撮り,23,24,1,monkey,7,7,0,funnyanimals,7,7,0,pinkcamera,87,90,3,staintreater,77,77,0,cheatingwife,47,48,1,physicstok,34,37,3,sudsycleaning,91,92,1,ghostfacecosplay,25,25,0,photoediting,10,11,1,,,,,cowboys,11,9,-2,usopen,9,10,1,ghoststory,27,30,3,android,15,15,0,porchgoose,54,57,3,japantravel,4,4,0,trailerosmexicanos🇲🇽💯😎,119,121,2,umamusume,31,32,1,parrotsoftiktok,25,24,-1
designer,34,34,0,equations,137,137,0,rezero,45,46,1,colouring,51,50,-1,f250,58,59,1,nicubaby,22,22,0,nicubaby,22,22,0,skincaretok,58,64,6,teethtok,152,158,6,nailtechtiktok,140,145,5,cryptonews,81,79,-2,herramientas,18,23,5,gamefilter,30,31,1,herramientas,18,23,5,maestramieldemaple,179,181,2,brincosdieras,48,52,4,truecrimetiktok,22,20,-2,nebraskavolleyball,58,59,1,chocolate,11,14,3,mosaiccrochet,190,191,1,我要流量回來ಥ_ಥ,64,64,0,kidsdance,154,158,4,wedorecover,10,9,-1,coffeetiktok,4,4,0,cookiereview,145,147,2,medicalanimation,30,32,2,btsdisband,44,44,0,,,,,kegels,181,182,1,steez,130,131,1,paternidad,96,96,0,cryptonews,81,79,-2,hebfinds,29,29,0,caffeine,127,131,4,wheretoeat,107,109,2,earbuds,12,12,0,genshin,17,18,1,viajes,5,5,0,garnierpartner,52,53,1,vitaminas,123,125,2,vitaminas,123,125,2,historyfacts,4,4,0,dreamhouse,129,132,3,dreamhouse,129,132,3,stuffedanimals,62,65,3,mindest,14,16,2,attraction,25,23,-2,fnd,95,95,0,gallos,26,27,1,sagittarius,14,15,1,peliculas,67,70,3,firstofthemonth,34,37,3,emergencianacional,33,33,0,unisexfragrance,116,117,1,realismtattoo,27,24,-3,mccormick,10,14,4,ikan,135,136,1,shapewear,28,28,0,danceperformance,37,38,1,vampireフィルター,33,34,1,funnyanimals,8,8,0,dachshund,8,8,0,fineartphotography,91,94,3,tarpaulin,79,79,0,weddingflowers,52,53,1,stemforkids,35,38,3,donotconsume,169,170,1,creepypastacosplay,37,37,0,adobe,14,15,1,,,,,rams,12,10,-2,halloweenhorrornights,25,26,1,ufosighting,29,32,3,iphone18,16,16,0,stuffedanimals,62,65,3,viajes,5,5,0,exhaust,128,130,2,fortnitememes,32,33,1,jumpingspider,30,29,-1
whimsical,36,36,0,lectoescritura,138,138,0,animeedits,46,47,1,blackart,53,52,-1,usedcars,69,70,1,nicu,23,23,0,nicu,23,23,0,elf,71,77,6,bodycareroutine,163,169,6,coffinnails,150,155,5,salestips,96,94,-2,milwaukeetools,22,27,5,couplegames,39,40,1,milwaukeetools,22,27,5,выпускники,180,182,2,shanegillis,50,54,4,evacuation,26,24,-2,giants,63,64,1,kitchenhacks,20,23,3,crochet,1,1,0,臺南响齊社三通鼓,132,132,0,patosdeminas,161,165,4,dailylife,11,10,-1,icedcoffee,8,8,0,wasabichallenge,149,151,2,motivationalspeech,33,35,2,actors,55,55,0,,,,,fittness,185,186,1,tonyhawk,135,136,1,dementiacaregiver,100,100,0,salestips,96,94,-2,foodnews,32,32,0,рецепт,144,148,4,comidavenezolana,110,112,2,android,13,13,0,gamer,20,21,1,eiffel,6,6,0,dryhair,54,55,1,fertilidad,148,150,2,fertilidad,148,150,2,legal,5,5,0,sofacover,132,135,3,sofacover,132,135,3,kuromi,67,70,3,takeaction,15,17,2,velocicoaster,36,34,-2,militaryfamily,103,103,0,foal,28,29,1,tarotcards,18,19,1,hannahmontana,83,86,3,cumbia,36,39,3,celebrity,35,35,0,colonge,127,128,1,tattoostudio,39,36,-3,pilots,15,19,4,риболовля,162,163,1,designer,32,32,0,dancevibes,38,39,1,videogen,60,61,1,dachshund,9,9,0,cutecat,12,12,0,lightingsetup,127,130,3,consejosdelhogar,81,81,0,whychooseromance,60,61,1,quimica,37,40,3,squishy,1,1,0,fursuitersoftiktok,103,103,0,adobeillustrator,17,18,1,,,,,nflnews,18,16,-2,chelsea,48,49,1,casos,41,44,3,speaker,17,17,0,kuromi,67,70,3,eiffel,6,6,0,loweredtrucks,173,175,2,hoyoverse,40,41,1,whitetail,37,36,-1
shirt,37,37,0,profeluis,140,140,0,cartoonnetwork,48,49,1,artdrawing,65,64,-1,motovlog,83,84,1,kiyomi,35,35,0,kiyomi,35,35,0,serum,86,92,6,vanillaperfume,170,176,6,manicureathome,152,157,5,moneytalk,135,133,-2,pressurewashing,28,33,5,shadanddes,48,49,1,pressurewashing,28,33,5,co2027,14,15,1,lospollostvmoments,69,73,4,inmigrantes,27,25,-2,footbal,67,68,1,recetasfaciles,31,34,3,journaling,2,2,0,highpoleperformance,160,160,0,easydances,25,28,3,dayinmylifevlog,18,17,-1,beer,9,9,0,compamunchies,165,167,2,spacetok,41,43,2,rhoa,59,59,0,,,,,gymgirl,1,1,0,prichardcolon,137,138,1,gestationaldiabetes,107,107,0,moneytalk,135,133,-2,costcoshopping,48,48,0,postres,145,149,4,bayareafoodie,125,127,2,iphone18,14,14,0,overwatch,23,24,1,grandcanyon,7,7,0,colorwow,65,66,1,optometrist,156,158,2,optometrist,156,158,2,americanhistory,6,6,0,bathroomcleaning,135,138,3,bathroomcleaning,135,138,3,toddlergiftideas,137,140,3,highiq,16,18,2,disneylandhalloween,42,40,-2,crochettutorial,123,123,0,thoroughbred,34,35,1,espiritualidad,19,20,1,avengersendgame,93,96,3,concierto,40,43,3,gojo,41,41,0,dovemencare,180,181,1,snakebites,40,37,-3,waverunner,19,23,4,coyotehunting,187,188,1,whimsical,34,34,0,collegedanceteam,40,41,1,68kiengiang🇻🇳,110,111,1,deer,12,12,0,orangecat,14,14,0,canonr6,162,165,3,ropablanca,92,92,0,navywife,66,67,1,solarflares,38,41,3,squishyasmr,2,2,0,harleyquinncosplay,104,104,0,windows11,26,27,1,,,,,espn,23,21,-2,mancity,57,58,1,spookystories,51,54,3,phoneaccessories,18,18,0,toddlergiftideas,137,140,3,grandcanyon,7,7,0,ranger,179,181,2,minecraftbuilding,57,58,1,wildliferescue,38,37,-1
hollister,41,41,0,teastest,148,148,0,erenyeager,49,50,1,paintedbanner,67,66,-1,motor,90,91,1,2yearsold,84,84,0,2yearsold,84,84,0,skincareover40,87,93,6,cuidadodelcabello,181,187,6,russianpedicure,159,164,5,monthlybudget,191,189,-2,electrical,39,44,5,puzzlechallenge,50,51,1,electrical,39,44,5,apclasses,15,16,1,هههههههههههههههههههههههههههههههههههههه,94,98,4,cop,35,33,-2,billiards,86,87,1,sandwich,37,40,3,bouquet,3,3,0,persatuantariansingakeongfattsabah,164,164,0,jiraikei,26,29,3,eveningroutine,32,31,-1,pumpkinspice,11,11,0,561,198,200,2,alexanderthegreat,75,77,2,nct,115,115,0,,,,,pilates,2,2,0,demolitionderby,153,154,1,autismdad,119,119,0,monthlybudget,191,189,-2,traderjoesnewitems,56,56,0,nyceats,159,163,4,hotchicken,129,131,2,speaker,15,15,0,honkaistarrail,27,28,1,honeymoon,8,8,0,clawclip,81,82,1,urinaryhealth,186,188,2,urinaryhealth,186,188,2,ancient,7,7,0,arquitectura,145,148,3,arquitectura,145,148,3,vendorpov,152,155,3,wisewords,19,21,2,disneytravelagent,47,45,-2,emotionalregulation,125,125,0,minidonkey,35,36,1,horoscopo,20,21,1,wildchild,100,103,3,hiphopmusic,58,61,3,manga,42,42,0,fragrance,1,1,0,dallastattooartist,41,38,-3,tractors,22,26,4,hunting,1,1,0,shirt,35,35,0,dancemashup,47,48,1,pal10jambi,129,130,1,cutecat,14,14,0,chihuahua,15,15,0,35mmphotography,177,180,3,estufalimpia,93,93,0,myforever,82,83,1,cognitivescience,39,42,3,satisfyingvideos,3,3,0,costumecontest,114,114,0,uxdesign,52,53,1,,,,,kawhileonard,43,41,-2,fantasyfootballtips,67,68,1,horrorpodcast,55,58,3,aitools,19,19,0,vendorpov,152,155,3,honeymoon,8,8,0,escalade,183,185,2,дота2,59,60,1,قرود,47,46,-1
menswear,42,42,0,គណិតវិទ្យា,166,166,0,gojosatoru,58,59,1,artclass,96,95,-1,singlecab,99,100,1,babyvideos,92,92,0,babyvideos,92,92,0,lashtok,88,94,6,hairextensions,35,40,5,chicagonails,186,191,5,shopifypartner,27,24,-3,howitsmade,42,47,5,charlieandauntie,58,59,1,howitsmade,42,47,5,sophomoreyear,16,17,1,relatablememe,101,105,4,courttok,50,48,-2,kawhileonard,89,90,1,easydinnerideas,45,48,3,polymerclay,7,7,0,聖軍轎班團,171,171,0,twopersondance,32,35,3,vlogger,33,32,-1,coffeetok,12,12,0,tastetest,5,6,1,collegeessay,77,79,2,jungkookedit,129,129,0,,,,,pump,9,9,0,glamis,160,161,1,pregnancysymptoms,123,123,0,shopifypartner,27,24,-3,nerdsgummyclusters,57,57,0,bacon,181,185,4,disneyfoodie,155,157,2,phoneaccessories,16,16,0,rdr2,28,29,1,californiatravel,22,22,0,washday,83,84,1,medical,1,2,1,medical,1,2,1,militaryhistory,8,8,0,cozybedroom,161,164,3,cozybedroom,161,164,3,yugiohcommunity,160,163,3,growbeyondyourlimits,31,33,2,smiler,73,71,-2,familyphotos,197,197,0,horsetiktok,40,41,1,virgoenergy,21,22,1,sopranos,144,147,3,nursehumor,71,74,3,hunterxhunter,58,58,0,perfume,2,2,0,colortattoo,43,40,-3,mudmower,32,36,4,survival,2,2,0,hollister,39,39,0,toprock,56,57,1,往前作品來認識我😘,148,149,1,orangecat,16,16,0,frenchie,16,16,0,уличныйфотограф,197,200,3,clogremover,96,96,0,forbiddenromance,86,87,1,astronauts,47,50,3,waxcracking,4,4,0,xmencosplay,115,115,0,goodnotes,62,63,1,,,,,lions,78,76,-2,practice,70,71,1,internetmystery,64,67,3,solarlights,20,20,0,yugiohcommunity,160,163,3,californiatravel,22,22,0,mechanic,3,4,1,textstory,69,70,1,elk,61,60,-1
heels,45,45,0,algebrahelp,177,177,0,tanjiro,59,60,1,artteachersoftiktok,100,99,-1,mobilemechanic,102,103,1,miprincesa👑,101,101,0,miprincesa👑,101,101,0,guccibeauty,103,109,6,makeuphacks,37,42,5,rednails,27,31,4,finanzaspersonales,46,43,-3,highschoolteacher,44,49,5,christmasgames,85,86,1,highschoolteacher,44,49,5,yearbook,17,18,1,comedyshow,102,106,4,viralnews,52,50,-2,strava,96,97,1,macandcheese,58,61,3,hobonichi,20,20,0,曾府大元帥,178,178,0,balletcore,34,37,3,morningroutines,34,33,-1,energydrink,13,13,0,spicy,7,8,1,medievaltimes,92,94,2,canal5,136,136,0,,,,,arms,20,20,0,islammakhachev,1,1,0,amordehermanos,141,141,0,finanzaspersonales,46,43,-3,foodlabels,105,105,0,cleaneating,183,187,4,miamifoodie,158,160,2,solarlights,17,17,0,umamusume,31,32,1,lakecomo,23,23,0,frizzyhair,84,85,1,menopause,12,13,1,menopause,12,13,1,legaladvice,9,9,0,homestyle,169,172,3,homestyle,169,172,3,3dprinted,22,24,2,shihengyi,39,41,2,disneyonabudget,82,80,-2,girldad,6,5,-1,dairyfarming,64,65,1,lecturadetarot,22,23,1,pennywise,155,158,3,soundcloud,96,99,3,hiphop,68,68,0,perfumetiktok,3,3,0,frogeyes,71,68,-3,diyboat,35,39,4,deerhunting,3,3,0,menswear,40,40,0,randomdance,59,60,1,trendmatmoc,151,152,1,chihuahua,17,17,0,frenchbulldog,17,17,0,fallphotoshoot,13,15,2,limpiezaefectiva,102,102,0,surprisingmybf,115,116,1,spacetravel,70,73,3,squishytoys,5,5,0,relatableanime,119,119,0,bypassai,64,65,1,,,,,runningback,104,102,-2,jadennewman,97,98,1,ufosky,71,74,3,carterpcs,21,21,0,3dprinted,22,24,2,lakecomo,23,23,0,honda,4,5,1,bug,93,94,1,leopardgecko,67,66,-1
twopieceset,47,47,0,examprep,7,6,-1,hinata,67,68,1,colorfulart,111,110,-1,mechanictools,103,104,1,onemonthold,124,124,0,onemonthold,124,124,0,glittermakeup,146,152,6,redhair,41,46,5,manicura,46,50,4,llc,49,46,-3,madera,49,54,5,a1saud,86,87,1,madera,49,54,5,syllabusweek,18,19,1,amricantiktok,136,140,4,poweroutage,60,58,-2,soccermom,121,122,1,meat,66,69,3,diyhalloween,23,23,0,大書佛就是舒服,190,190,0,breakdance,37,40,3,livertransplant,35,34,-1,starbucksdrinks,14,14,0,wieiad,8,9,1,galaxia,158,160,2,peanut,152,152,0,,,,,fitnesstok,21,21,0,khabib,2,2,0,postpartumsupport,146,146,0,llc,49,46,-3,dessertcups,126,126,0,chocolate,17,20,3,thingstodoinaustin,173,175,2,carterpcs,18,18,0,fortnitememes,32,33,1,grouptravel,25,25,0,hairproduct,90,91,1,menshealth,13,14,1,menshealth,13,14,1,archaeology,10,10,0,floridarealestate,171,174,3,floridarealestate,171,174,3,reborndoll,43,45,2,weswatson,48,50,2,amusementequipment,132,130,-2,digitalcamera,8,7,-1,hoof,87,88,1,divinefeminine,23,24,1,emmawatson,171,174,3,anuelaa,110,113,3,twilight,122,122,0,cologne,4,4,0,floridatattooartist,85,82,-3,kukiring4,38,42,4,howtofish,4,4,0,heels,43,43,0,danc,61,62,1,5pasidebine💫🖤foryu❤,172,173,1,frenchie,18,18,0,blackcat,18,18,0,nightphotography,26,28,2,pembersih,113,113,0,divorcedmom,142,143,1,universesandbox,99,102,3,asmrmassage,8,8,0,wholewheatpete,139,139,0,datasecurity,77,78,1,,,,,miamidolphins,113,111,-2,fantasyfootballadvice,101,102,1,mountshasta,72,75,3,flashlight,29,29,0,reborndoll,43,45,2,grouptravel,25,25,0,chevy,5,6,1,chess,94,95,1,polarbear,70,69,-1
leopardprint,49,49,0,mathteacher,13,12,-1,mikasa,68,69,1,miniart,124,123,-1,carbuyingtips,108,109,1,pediatricot,142,142,0,pediatricot,142,142,0,longlastingmakeup,148,154,6,fallnails,48,53,5,watchmework,48,52,4,credittips,50,47,-3,toolsofthetrade,58,63,5,shutthebox,90,91,1,toolsofthetrade,58,63,5,csuf,19,20,1,boyfriendprank,142,146,4,unsolvedmysteries,61,59,-2,swimmer,150,151,1,buldakramen,67,70,3,etsycreatorco,24,24,0,0816,18,17,-1,zapateado,40,43,3,bookshopping,41,40,-1,juice,15,15,0,eatingshow,9,10,1,darkhistory,9,10,1,dubfamily,160,160,0,,,,,crossfit,24,24,0,racing,3,3,0,expecting,157,157,0,credittips,50,47,-3,groceryprices,131,131,0,sushi,30,33,3,tiktokgo,3,4,1,flashlight,26,26,0,hoyoverse,41,42,1,zionnationalpark,27,27,0,starterlocs,96,97,1,nervoussystem,19,20,1,nervoussystem,19,20,1,abogadodeinmigracion,11,11,0,cabinlife,194,197,3,cabinlife,194,197,3,mysterydumpling,66,68,2,successmindsets,51,53,2,hauntedmansionholiday,139,137,-2,minivlog,9,8,-1,horselove,103,104,1,lecturadecartas,25,26,1,finalgirl,179,182,3,edmtiktok,125,128,3,hazbinhotel,181,181,0,perfumetok,5,5,0,latattooartist,88,85,-3,flightschool,66,70,4,bowhunting,5,5,0,twopieceset,45,45,0,sonidero,71,72,1,raytemplate,179,180,1,frenchbulldog,19,19,0,doglife,21,21,0,pictureideas,32,34,2,暮らしの記録,167,167,0,lovequote,171,172,1,miwuscience,100,103,3,asmrmakeup,24,24,0,lucykushinada,164,164,0,googletips,91,92,1,,,,,aarondonald,15,12,-3,rampagejackson,188,189,1,liminalspacecore,73,76,3,honor,43,43,0,mysterydumpling,66,68,2,zionnationalpark,27,27,0,caraccessories,6,7,1,zen,95,96,1,fauna,112,111,-1
weddingguestdress,65,65,0,алгебра,15,14,-1,projectsekai,69,70,1,halloweenart,125,124,-1,trailerosmexicanos🇲🇽💯😎,115,116,1,3rdbirthday,158,158,0,3rdbirthday,158,158,0,browtint,150,156,6,acnetreatment,60,65,5,privatenailtech,107,111,4,girlyaesthetic,56,53,-3,civilengineering,78,83,5,dadvsdaughter,147,148,1,civilengineering,78,83,5,collegeessay,22,23,1,cfn,192,196,4,socialsecurity,68,66,-2,uconn,171,172,1,lunchtime,73,76,3,crochettutorial,25,25,0,1109,20,19,-1,dentontx,42,45,3,schoolmorning,42,41,-1,energydrinks,16,16,0,crunchy,10,11,1,selfawareness,14,15,1,jungkook,9,8,-1,,,,,posturecorrection,30,30,0,aew,6,6,0,parentingtips,4,3,-1,girlyaesthetic,56,53,-3,tinismacncheese,161,161,0,kitchenhacks,39,42,3,buffet,10,11,1,subwoofer,29,29,0,minecraftbuilding,58,59,1,cozumel,56,56,0,hairwashday,106,107,1,oralhygiene,21,22,1,oralhygiene,21,22,1,ancientegypt,12,12,0,bedroomdecor,28,30,2,bedroomdecor,28,30,2,fingerboard,90,92,2,katabijak,52,54,2,disneylandvlog,167,165,-2,parentingtips,10,9,-1,petturkey,126,127,1,witches,36,37,1,thementalistedit,184,187,3,dubstep,160,163,3,movieedit,186,186,0,fragrancetiktok,6,6,0,tatooideas,91,88,-3,pilotview,68,72,4,deerseason,6,6,0,leopardprint,47,47,0,forrodasantigas,80,81,1,ivaa🏴‍☠️,183,184,1,blackcat,20,20,0,vetmed,41,41,0,utahphotographer,34,36,2,thepinkstuff,10,9,-1,romancerecs,175,176,1,asteroide,126,129,3,softspoken,44,44,0,murderdronescosplay,170,170,0,herramientasdigitales,98,99,1,,,,,fantasyfootballtips,22,19,-3,football,1,1,0,hauntedforest,87,90,3,phonestand,45,45,0,fingerboard,90,92,2,cozumel,56,56,0,biker,7,8,1,slowedandreverb,108,109,1,попугай,154,153,-1
whatnothaul,72,72,0,matematicas,22,21,-1,coyotevsacme,71,72,1,glasspen,142,141,-1,exhaust,123,124,1,toddlerlife,9,8,-1,toddlerlife,9,8,-1,makeuptutorials,162,168,6,salonlife,63,68,5,dallasnails,178,182,4,solana,57,54,-3,stihl,86,91,5,чтобытывыбрал,166,167,1,stihl,86,91,5,lastyear,26,27,1,momhumor,22,25,3,banjirbandang,71,69,-2,football,1,1,0,caramel,112,115,3,epoxyresin,33,33,0,新營太子宮,22,21,-1,414milwaukee,49,52,3,birthdaycountdown,57,56,-1,cocktails,17,17,0,foodasmr,11,12,1,studyhacks,19,20,1,dancingwiththestars,10,9,-1,,,,,lowbackpain,96,96,0,knockout,8,8,0,coparenting,7,6,-1,solana,57,54,-3,publixdeals,175,175,0,pasta,41,44,3,thaifood,43,44,1,huawei,50,50,0,дота2,60,61,1,cruisevacation,58,58,0,hairstyletutorial,111,112,1,cortisol,24,25,1,cortisol,24,25,1,ancientrome,17,17,0,sofa,44,46,2,sofa,44,46,2,clawdeenwolf,91,93,2,estoicismoenespañol,56,58,2,nakedeye3d,179,177,-2,morningvlog,11,10,-1,esel,173,174,1,acuario,46,47,1,britishcelebrities,12,14,2,popout,175,178,3,80smusic,193,193,0,fragrancetok,7,7,0,dfwtattooartist,122,119,-3,su57,69,73,4,duckhunting,7,7,0,weddingguestdress,63,63,0,forrozeiros,111,112,1,photogenic,1,1,0,pettok,35,35,0,aicat,51,51,0,aperture,57,59,2,superglue,12,11,-1,grumpysunshine,176,177,1,sergiosacani,166,169,3,mouthsoundsasmr,56,56,0,cosplays,4,3,-1,areyouaneditor,114,115,1,,,,,redsox,25,22,-3,volleyball,4,4,0,horrorslideshow,98,101,3,wirelessearbuds,60,60,0,clawdeenwolf,91,93,2,cruisevacation,58,58,0,tesla,8,9,1,kingdomhearts,131,132,1,snakes,18,16,-2
lululemon,74,74,0,scholarshiptips,25,24,-1,spyxfamily,72,73,1,potteryart,149,148,-1,garagetools,185,186,1,babymusthaves,11,10,-1,babymusthaves,11,10,-1,loreal,180,186,6,hairmask,102,107,5,halloweennails,17,20,3,sidehustleideas,68,65,-3,contruction,90,95,5,waqaskhalil,194,195,1,contruction,90,95,5,highpointuniversity,27,28,1,nursehumor,31,34,3,gypsyroseblanchard,84,82,-2,volleyball,4,4,0,easydessert,113,116,3,badgereels,46,46,0,0818,23,22,-1,رقص,52,55,3,fallbooks,71,70,-1,alani,18,18,0,crumblcookies,14,15,1,seniorsunrise,20,21,1,selenagomez,11,10,-1,,,,,gluteos,110,110,0,fighter,12,12,0,specialneeds,8,7,-1,sidehustleideas,68,65,-3,graduationcake,181,181,0,groceryshopping,54,57,3,vegaslocal,53,54,1,earphones,53,53,0,textstory,70,71,1,mountainviews,62,62,0,maintenanceday,114,115,1,teethtok,28,29,1,teethtok,28,29,1,abogada,23,23,0,diyhome,46,48,2,diyhome,46,48,2,figurecollector,136,138,2,morninginspiration,60,62,2,carsland,56,53,-3,dailyvlog,12,11,-1,veterinarycare,181,182,1,collectivereading,50,51,1,frenchstyle,27,29,2,pioneertemplate,12,14,2,prank,6,5,-1,perfumes,8,8,0,oufer,146,143,-3,patpat,71,75,4,catfishing,10,10,0,whatnothaul,70,70,0,джамп,113,114,1,halloweenvibe,2,2,0,pigeon,50,50,0,catvideo,52,52,0,dmvphotographer,60,62,2,lifehacking,13,12,-1,modernwomen,194,195,1,expariment,167,170,3,restockwithme,58,58,0,animenyc,5,4,-1,capcuttips,120,121,1,,,,,steelers,31,28,-3,disneyland,5,5,0,creepyhistory,111,114,3,smartring,62,62,0,figurecollector,136,138,2,mountainviews,62,62,0,mustang,9,10,1,cosplays,139,140,1,dolphins,20,18,-2
vintagefashion,83,83,0,mcatprep,27,26,-1,tokyorevengers,78,79,1,writech,180,179,-1,brez,1,1,0,babyessentials,12,11,-1,babyessentials,12,11,-1,deinfluencing,186,192,6,lips,103,108,5,cateyenails,18,21,3,wallstreet,70,67,-3,mason,93,98,5,rockpaperscissors,1,1,0,mason,93,98,5,mastersdegree,28,29,1,mattmathews,35,38,3,ultimahora🚨,92,90,-2,realmadrid,5,5,0,реддит,117,120,3,flowerbouquets,47,47,0,繞境大典,25,24,-1,gabber,60,63,3,movingaway,79,78,-1,pumpkinspicelatte,19,19,0,buldakramen,15,16,1,militaryhistory,27,28,1,survivor,26,25,-1,,,,,dips,154,154,0,box,15,15,0,fatherhood,11,10,-1,wallstreet,70,67,-3,freshlybaked,188,188,0,breakfastideas,67,70,3,cheapeats,54,55,1,solarpower,60,60,0,cosplays,143,144,1,cabosanlucas,74,74,0,quickhairstyle,161,162,1,nad,33,34,1,nad,33,34,1,medievaltimes,25,25,0,apartmentliving,53,55,2,apartmentliving,53,55,2,blindbox,3,4,1,motivationforwomen,68,70,2,fantasmic,58,55,-3,spendthedaywithme,16,15,-1,cow,1,1,0,zodiaco,51,52,1,ravensymone,35,37,2,2000sthrowback,21,23,2,breakingnews,7,6,-1,hairremoval,9,9,0,houstontattooshop,156,153,-3,honda300,98,102,4,fisherman,11,11,0,lululemon,72,72,0,philippians413,169,170,1,fotitos❤📸,3,3,0,farmchores,57,57,0,veterinarian,57,57,0,strangerphotography,62,64,2,homecleaninghacks,14,13,-1,longdistance,1,1,0,partesdelcuerpo,184,187,3,tiktokasmr,66,66,0,mentalist,9,8,-1,illustratortutorial,129,130,1,,,,,guardians,119,116,-3,disneyadventureworld,8,8,0,criatura,152,155,3,solarpower,69,69,0,blindbox,3,4,1,cabosanlucas,74,74,0,offroad,10,11,1,donutsmp,155,156,1,birdtok,28,26,-2
y2kstyle,105,105,0,nclextips,28,27,-1,lookism,110,111,1,artchallenge,15,13,-2,cartok,2,2,0,bebes,14,13,-1,bebes,14,13,-1,makeuptransformation,27,32,5,halfwig,107,112,5,nailhacks,19,22,3,financetok,88,85,-3,tigwelding,109,114,5,guessinggame,2,2,0,tigwelding,109,114,5,cuny,30,31,1,humorlatino,37,40,3,classactionlawsuit,114,112,-2,disneyadventureworld,6,6,0,onepotmeals,122,125,3,christmasdiy,51,51,0,廟會攝影,31,30,-1,hakken,62,65,3,begtok,105,104,-1,dutchbros,20,20,0,rockpaperfoodchallenge,16,17,1,ucberkeley,39,40,1,kekepalmer,31,30,-1,,,,,hotpilates,15,14,-1,ski,20,20,0,ultrasound,12,11,-1,financetok,88,85,-3,snackpacks,197,197,0,cakepops,69,72,3,thingstodoindallas,62,63,1,hometheater,97,97,0,donutsmp,159,160,1,virginvoyages,76,76,0,locstylesforwomen,178,179,1,toothinfection,41,42,1,toothinfection,41,42,1,historicalfacts,32,32,0,halloweenfinds,59,61,2,halloweenfinds,59,61,2,buildingblocks,21,22,1,inspiraciondiaria,100,102,2,sixflagsfiestatexas,61,58,-3,coparenting,17,16,-1,cows,2,2,0,brujomayordecatemaco,85,86,1,aestheticedits,60,62,2,housemusic,23,25,2,jjk,8,7,-1,deodorant,10,10,0,birdtattoo,171,168,-3,amphibious,135,139,4,huntinggear,12,12,0,vintagefashion,81,81,0,theaterlife,176,177,1,nymedit,4,4,0,aicat,70,70,0,catvideos,59,59,0,pumpkinheadphotoshoot,64,66,2,consejosdelimpieza,36,35,-1,lovequotes,12,12,0,atomo,194,197,3,sponges,84,84,0,simonghostriley,11,10,-1,smartphonehacks,159,160,1,,,,,eagles,21,17,-4,tennis,11,11,0,casosreales,12,14,2,speakers,100,100,0,buildingblocks,21,22,1,virginvoyages,76,76,0,automotive,11,12,1,tierlist,173,174,1,kangaroo,29,27,-2
comfortable,121,121,0,mathhelp,32,31,-1,mediatok,138,139,1,gelpens,31,29,-2,diesel,13,13,0,babywearing,40,39,-1,babywearing,40,39,-1,acneproneskin,34,39,5,colognetiktok,113,118,5,nailtrends,20,23,3,retire,109,106,-3,roughneck,121,126,5,familygamenight,5,5,0,roughneck,121,126,5,ptschool,31,32,1,sketchcomedy,39,42,3,stormchaser,127,125,-2,tennis,9,9,0,homemadebread,128,131,3,christmascrafts,53,53,0,0512,34,33,-1,地雷系,68,71,3,75hardjourney,131,130,-1,latte,24,24,0,mukbangasmr,17,18,1,fallsemester,40,41,1,downtown,49,48,-1,,,,,walkingpad,16,15,-1,dragracing,27,27,0,breastpump,13,12,-1,retire,109,106,-3,groceryshopping,3,2,-1,energydrinks,72,75,3,kingcrab,65,66,1,nokia,103,103,0,thesims4,189,190,1,couplestravel,146,146,0,hairtok,1,1,0,nutricion,61,62,1,nutricion,61,62,1,genealogy,44,44,0,outdoorlighting,66,68,2,outdoorlighting,66,68,2,disneypins,38,39,1,elonmuskquotes,105,107,2,magickeyholder,63,60,-3,bouquet,18,17,-1,farmchores,5,5,0,spiritualguidance,92,93,1,novelas,73,75,2,mashup,24,26,2,bts,9,8,-1,dovepartner,11,11,0,thightattoo,173,170,-3,deliverybike,164,168,4,huntingtiktok,13,13,0,y2kstyle,103,103,0,dance,1,1,0,protheme,5,5,0,catvideo,71,71,0,fishkeeping,123,123,0,canong7xmarkii,67,69,2,sinkorganizer,37,36,-1,mymanmymanmyman,14,14,0,cosmos,9,11,2,diytoys,86,86,0,masked,24,23,-1,texttovideo,181,182,1,,,,,raiders,41,37,-4,fnl,15,15,0,misterios,16,18,2,wearabletech,101,101,0,disneypins,38,39,1,couplestravel,146,146,0,audi,14,15,1,freddy,180,181,1,babymonkey,36,34,-2
weddingdress,10,9,-1,профильнаяматематика,33,32,-1,chickenjoe,146,147,1,colorwithme,38,36,-2,gmc,24,24,0,babyoftheyear,56,55,-1,babyoftheyear,56,55,-1,matureskin,40,45,5,nightroutine,43,47,4,nailarttutorial,21,24,3,giftcards,118,115,-3,constructionequipment,180,185,5,footballcards,9,9,0,constructionequipment,180,185,5,studyaesthetic,39,40,1,baileylavender,40,43,3,medicare,162,160,-2,athlete,13,13,0,instantnoodles,130,133,3,floreseternas,58,58,0,高桩舞狮,37,36,-1,x2sisters,117,120,3,terminalcancer,132,131,-1,matchalatte,26,26,0,jerseymikes,22,23,1,collegetips,44,45,1,realityshow,53,52,-1,,,,,gymtransformation,17,16,-1,fights,34,34,0,infertility,14,13,-1,giftcards,118,115,-3,proteinbar,13,12,-1,sandwich,73,76,3,fresasconcrema,84,85,1,endoscope,112,112,0,motonovel,196,197,1,disneytravelagent,156,156,0,hairstyle,2,2,0,dolordeespalda,101,102,1,dolordeespalda,101,102,1,histoireafricaine,54,54,0,hobbylobbyfinds,76,78,2,hobbylobbyfinds,76,78,2,babytoys,42,43,1,vindieselmotivation,115,117,2,kingdaka,69,66,-3,specialneeds,19,18,-1,caballo,11,11,0,zodiactok,94,95,1,lordoftherings,127,129,2,flstudio,30,32,2,rap,22,21,-1,smellgood,12,12,0,piercersoftiktok,174,171,-3,bnsf,172,176,4,waterfowl,16,16,0,comfortable,119,119,0,dancechallenge,2,2,0,bigkahuna,14,14,0,horsesoftiktok,76,76,0,dogtoys,198,198,0,diyphotoshoot,68,70,2,tipsdehogar,38,37,-1,billybishopairport,29,29,0,blackhole,10,12,2,powderdetergent,94,94,0,furryfyp,29,28,-1,capcutpioneer,1,1,0,,,,,bills,49,45,-4,athlete,17,17,0,ghosttok,21,23,2,hometheater,110,110,0,babytoys,42,43,1,disneytravelagent,156,156,0,trucksoftiktok,21,22,1,thesims4,184,185,1,monkeys,45,43,-2
walmartfinds,12,11,-1,mathtrick,40,39,-1,familyguyclips,148,149,1,watercolorpainting,50,48,-2,f150,25,25,0,twinlife,91,90,-1,twinlife,91,90,-1,lips,46,51,5,haircareroutine,44,48,4,autumnnails,22,25,3,commercialrealestate,120,117,-3,powertools,16,20,4,gameideas,11,11,0,powertools,16,20,4,collegecampus,62,63,1,mem,43,46,3,conservativesoftiktok,176,174,-2,premierleague,14,14,0,gamedayfood,132,135,3,nanotape,59,59,0,舞狮运动,38,37,-1,gabberina,144,147,3,lifeinyour30s,163,162,-1,caffeine,27,27,0,spicyfood,23,24,1,co2027,46,47,1,arianamadix,87,86,-1,,,,,backday,19,18,-1,motorsports,43,43,0,griefandloss,16,15,-1,commercialrealestate,120,117,-3,costcotiktok,17,16,-1,cocktails,83,86,3,bayareaeats,102,103,1,компьютер,120,120,0,minecraft,1,1,0,hoteldeals,157,157,0,barber,3,3,0,estres,105,106,1,estres,105,106,1,nativeamericanhistory,71,71,0,beddingset,88,90,2,beddingset,88,90,2,kidsgifts,49,50,1,dailymantra,188,190,2,lasertag,86,83,-3,autismacceptance,21,20,-1,piglet,30,30,0,taro,95,96,1,emotionalscene,138,140,2,omarcourtz,31,33,2,animefyp,23,22,-1,vaseline,13,13,0,floraltattoos,179,176,-3,yachtrental,180,184,4,strike,17,17,0,weddingdress,10,9,-1,dancetrend,3,3,0,🇲🇱🇲🇱🇧🇫🇧🇫🇳🇪🇳🇪,17,17,0,veterinarian,77,77,0,funnydogs,10,9,-1,beginnerphotography,79,81,2,householdgadgets,40,39,-1,loml💍,44,44,0,telescope,14,16,2,cornstarchsqueaks,96,96,0,furrygirl,36,35,-1,capcutforus,2,2,0,,,,,joshallen,59,55,-4,gymgirl,18,18,0,cryptids,24,26,2,walkietalkie,119,119,0,kidsgifts,49,50,1,hoteldeals,157,157,0,motos,41,42,1,motonovel,191,192,1,talkingparrot,78,76,-2
tattooartist,13,12,-1,nclexpn,73,72,-1,dcuniverse,151,152,1,coloringtutorial,56,54,-2,truckdriver,26,26,0,babyplay,144,143,-1,babyplay,144,143,-1,elfcosmetics,47,52,5,curlyhairroutine,45,49,4,nailhack,23,26,3,fetchrewards,35,31,-4,elementaryteacher,17,21,4,puzzles,18,18,0,elementaryteacher,17,21,4,premedmotivation,64,65,1,шарага,54,57,3,jacksonms,187,185,-2,fcbarcelona,16,16,0,goodfood,156,159,3,artandcraft,68,68,0,高桩舞狮🦁,41,40,-1,boogiewoogie,178,181,3,lifeupdate,23,21,-2,matchalover,28,28,0,foodcritic,24,25,1,abogado,47,48,1,namjoon,113,112,-1,,,,,aclrecovery,39,38,-1,racedrama,120,120,0,specialneedsmom,20,19,-1,fetchrewards,35,31,-4,charcuterie,24,23,-1,asmrfood,100,103,3,dallaseats,105,106,1,humidifier,126,126,0,gta6,2,2,0,caribbeantravel,167,167,0,hairtutorial,4,4,0,panicattack,106,107,1,panicattack,106,107,1,britishempire,94,94,0,renterfriendly,91,93,2,renterfriendly,91,93,2,blindbag,55,56,1,motivationalspeaker,18,19,1,freekidsactivities,93,90,-3,knitting,32,31,-1,horsefacts,32,32,0,hecate,96,97,1,tiktokmovies,182,184,2,regionalmexicano,32,34,2,rickandmorty,31,30,-1,parfum,14,14,0,inkart,187,184,-3,aviationlovers,7,10,3,campingchair,23,23,0,walmartfinds,12,11,-1,ballet,4,4,0,alvmask,18,18,0,beardeddragon,88,88,0,catlife,20,19,-1,boudoirposing,86,88,2,goingzerowaste,50,49,-1,lesbiancouple,51,51,0,galaxia,24,26,2,dentalasmr,125,125,0,sallyfacecosplay,45,44,-1,aitools,3,3,0,,,,,manunited,143,139,-4,universalstudios,20,20,0,ufos,25,27,2,anker,125,125,0,blindbag,55,56,1,caribbeantravel,167,167,0,carplay,46,47,1,minecraft,1,1,0,animalbehavior,91,89,-2
crochet,14,13,-1,activerecall,77,76,-1,shadow,156,157,1,рисунки,63,61,-2,trucker,28,28,0,2under2,20,18,-2,2under2,20,18,-2,facemask,48,53,5,dovepartner,51,55,4,nailtransformation,24,27,3,memecoin,36,32,-4,machine,20,24,4,fungame,20,20,0,machine,20,24,4,freshmenyear,68,69,1,comdey,55,58,3,justice,18,15,-3,footballseason,24,24,0,breakfast,17,19,2,вязаниекрючком,71,71,0,高桩舞狮表演,42,41,-1,forrozeiros,183,186,3,errands,28,26,-2,dietcoke,32,32,0,proteinbar,25,26,1,syllabusweek,63,64,1,karina,125,124,-1,,,,,sculpt,42,41,-1,taichi,132,132,0,breastfeedingtips,21,20,-1,memecoin,36,32,-4,pastelespersonalizados,40,39,-1,noodles,103,106,3,losangelesfood,112,113,1,keebtok,127,127,0,pokemon,3,3,0,sunsetvibes,29,28,-1,hairstylist,5,5,0,vidasana,131,132,1,vidasana,131,132,1,tramites,108,108,0,cleaningproducts,125,127,2,cleaningproducts,125,127,2,onepiecetcg,87,88,1,mindsettransformation,21,22,1,diversiónenfamilia,107,104,-3,specialneedsmom,45,44,-1,خيل_وخياله🐎,39,39,0,collectivemessage,101,102,1,allamerican,2,3,1,reggaeton,38,40,2,aot,54,53,-1,colognetiktok,15,15,0,tonguering,198,195,-3,boatcrash,18,21,3,foldingchair,50,50,0,crochet,13,12,-1,easydance,5,5,0,selfievibes,19,19,0,cattoys,89,89,0,puppylove,27,26,-1,streetshoot,95,97,2,homecleaningtips,54,53,-1,angstyromance,54,54,0,brainscience,25,27,2,noborax,172,172,0,umamusumecosplay,51,50,-1,hypic,4,4,0,,,,,purdue,148,144,-4,pilates,22,22,0,cementerio,39,41,2,chatgpttips,127,127,0,onepiecetcg,87,88,1,sunsetvibes,29,28,-1,cartips,57,58,1,gta6,2,2,0,cockatoo,93,91,-2
womensfashion,15,14,-1,learnmath,90,89,-1,hakari,157,158,1,handlettering,69,67,-2,scooter,31,31,0,newparents,21,19,-2,newparents,21,19,-2,darkcircles,49,54,5,макияж,75,79,4,uñasbonitas,25,28,3,investmentbanking,90,86,-4,dewalt,21,25,4,cardgames,21,21,0,dewalt,21,25,4,последнийзвонок,74,75,1,parodia,58,61,3,crimetok,24,21,-3,chelsea,32,32,0,dumplings,19,21,2,diyflowers,72,72,0,liondancesabah,43,42,-1,palillonas,196,199,3,dailyvlogs,31,29,-2,caprisun,33,33,0,eatingsounds,26,27,1,умскул,66,67,1,parkjimin,141,140,-1,,,,,academia,46,45,-1,kickflip,142,142,0,septemberbaby,28,27,-1,investmentbanking,90,86,-4,foodpuns,43,42,-1,coffeelover,143,146,3,genkoreanbbq,116,117,1,iphonecharger,168,168,0,gta,4,4,0,banff,31,30,-1,hairinspo,6,6,0,naturalhealing,137,138,1,naturalhealing,137,138,1,historiademéxico,127,127,0,makeupvanity,134,136,2,makeupvanity,134,136,2,montessoritoys,151,152,1,gentlereminder,22,23,1,universalhorrornights,141,138,-3,breastmilk,46,45,-1,pollitos,42,42,0,unicornionegro,106,107,1,michaelevansbehling,3,4,1,spamaccount,39,41,2,ironman,65,64,-1,mensfragrance,16,16,0,tattooflash,46,42,-4,excavators,21,24,3,knots,56,56,0,womensfashion,14,13,-1,viraldance,6,6,0,strawberrycloud,39,39,0,kangaroo,122,122,0,dachshundsoftiktok,29,28,-1,fortworthphotographer,103,105,2,meovatcuocsong,55,54,-1,workplaceromance,56,56,0,iss,29,31,2,hairasmr,7,6,-1,gojocosplay,57,56,-1,creatortips,9,9,0,,,,,aaronhernandez,163,159,-4,hunting,23,23,0,gettysburg,45,47,2,humidifier,146,146,0,montessoritoys,151,152,1,banff,31,30,-1,coyote,63,64,1,pokemon,3,3,0,jumpingspideroftiktok,114,112,-2
sneakers,16,15,-1,actmath,108,107,-1,jjk,1,1,0,ceramicart,78,76,-2,droppedtrucks,33,33,0,bossbaby,28,26,-2,bossbaby,28,26,-2,pestañas,62,67,5,shinyhair,84,88,4,nailtips,26,29,3,options,102,98,-4,careerchange,25,29,4,generalknowledge,22,22,0,careerchange,25,29,4,apclass,95,96,1,humormexicano,62,65,3,murder,31,28,-3,mancity,39,39,0,pasta,22,24,2,rosaseternas🌹,91,91,0,liondancedrum,44,43,-1,dancetrends,19,21,2,augustdump,46,44,-2,falldrinks,34,34,0,pregnancycraving,27,28,1,ww2history,74,75,1,santosbravos,142,141,-1,,,,,тренировка,54,53,-1,takedown,143,143,0,blendedfamily,32,31,-1,options,102,98,-4,fruitlover,68,67,-1,breakfast,25,27,2,orlandoeats,121,122,1,projectorscreen,199,199,0,freefire,5,5,0,disneycruiseline,36,35,-1,hairloss,7,7,0,prevencion,139,140,1,prevencion,139,140,1,toweroflondon,144,144,0,texasrealestate,149,151,2,texasrealestate,149,151,2,essacommunity🤍🦮🐕‍🦺,164,165,1,martamarcilla,23,24,1,crazyjump,152,149,-3,daddydaughter,47,46,-1,dairy,43,43,0,ritualesdeamor,107,108,1,ted,7,8,1,kencarson,46,48,2,britishcelebrities,77,76,-1,bodycareroutine,21,21,0,tattooing,47,43,-4,caseih,24,27,3,penn,71,71,0,sneakers,15,14,-1,bailando,7,7,0,6secondschallenge,88,88,0,dogfood,128,128,0,doghealth,31,30,-1,nikoncreators,141,143,2,cleantips,74,73,-1,traumabond,72,72,0,астрономия,41,43,2,visualasmr,12,11,-1,kigurumi,59,58,-1,googlechrome,12,12,0,,,,,ketelmarte,192,188,-4,premierleague,24,24,0,mysterystory,69,71,2,adobeacrobatpartner,154,154,0,essacommunity🤍🦮🐕‍🦺,164,165,1,disneycruiseline,36,35,-1,auctions,75,76,1,gta,4,4,0,endangeredspecies,122,120,-2
tattooideas,30,29,-1,mathteachersoftiktok,125,124,-1,animeedit,2,2,0,artisticprocess,115,113,-2,carhacks,35,35,0,bebé,30,28,-2,bebé,30,28,-2,cliniquepartner,102,107,5,matureskin,90,94,4,manicuristas,34,37,3,immunesupport,104,100,-4,chainsaw,26,30,4,familychallenge,23,23,0,chainsaw,26,30,4,northeasternuniversity,121,122,1,memetok,63,66,3,accountability,33,30,-3,injury,44,44,0,recetas,24,26,2,custombottle,112,112,0,台中忠福堂,45,44,-1,sturdy,23,25,2,unwindwithme,62,60,-2,cheers,36,36,0,carneseca,28,29,1,highiq,136,137,1,bluefacebleedem,171,170,-1,,,,,gimnasio,58,57,-1,johnnygargano,172,172,0,pregnancytok,44,43,-1,immunesupport,104,100,-4,proteingoal,76,75,-1,dumplings,36,38,2,jerkchicken,135,136,1,robot,10,9,-1,genshinimpact,6,6,0,expediapartner,40,39,-1,locs,8,8,0,alimentacionsaludable,140,141,1,alimentacionsaludable,140,141,1,learnvietnamese,153,153,0,carpet,159,161,2,carpet,159,161,2,juguetesparaniños,168,169,1,overachiever,24,25,1,колесообозрения,164,161,-3,crafty,53,52,-1,piegon,52,52,0,starseed,113,114,1,ironman,9,10,1,singersongwriter,48,50,2,pioneertemplate,80,79,-1,hygienetok,29,29,0,blackouttattoo,54,50,-4,heavydsparks,40,43,3,denton,72,72,0,tiktokfinds,30,29,-1,duodance,8,8,0,โสดไม่มีข้อแม้,89,89,0,zoomies,152,152,0,guineapig,46,45,-1,editarfotos,176,178,2,toilettips,75,74,-1,secondchanceromance,75,75,0,anatomie,42,44,2,bouncingball,15,14,-1,residentevilcosplay,65,64,-1,adobeacrobatpartner,19,19,0,,,,,packers,37,32,-5,fcbarcelona,27,27,0,horrror,91,93,2,worklight,169,169,0,juguetesparaniños,168,169,1,expediapartner,40,39,-1,jeepwrangler,76,77,1,freefire,5,5,0,humpbackwhales,130,128,-2
tiktokfinds,32,31,-1,studyskills,130,129,-1,naruto,3,3,0,graffitiforyou,129,127,-2,carros,36,36,0,babyproducts,33,31,-2,babyproducts,33,31,-2,primer,153,158,5,hairaccessories,168,172,4,nailtools,36,39,3,escapethematrix,155,151,-4,apprentice,27,31,4,partygame,24,24,0,apprentice,27,31,4,americanhighschool,157,158,1,comedyclips,64,67,3,courtroomdrama,39,36,-3,fantasyfootballtips,46,46,0,lunchideas,33,35,2,crochettutorials,126,126,0,girlliondance,46,45,-1,dancebreak,28,30,2,ditlofamom,63,61,-2,liquidivpartner,40,40,0,crumblcookiesoftheweek,29,30,1,sightwords,181,182,1,hollywoodwalkoffame,180,179,-1,,,,,10ksteps,59,58,-1,wrestle,182,182,0,bumpdate,47,46,-1,escapethematrix,155,151,-4,caloriecounting,81,80,-1,icedcoffee,37,39,2,peruvianfood,160,161,1,magsafe,20,19,-1,brainrot,7,7,0,cabañas,90,89,-1,wig,9,9,0,habitossaludables,155,156,1,habitossaludables,155,156,1,leydefamilias,158,158,0,limpiezadecasa,178,180,2,limpiezadecasa,178,180,2,optcg,176,177,1,temachmotivacion,27,28,1,bumpercar,176,173,-3,twinpregnancy,58,57,-1,babypig,59,59,0,قصيد,114,115,1,frenchmusic,15,16,1,musiconstage,55,57,2,sasuke,81,80,-1,smoothskin,34,34,0,customtattoo,61,57,-4,airtrafficcontrol,53,56,3,castnet,102,102,0,bracelet,55,54,-1,danceteam,9,9,0,spiderlily🕷️,93,93,0,spoileddog,164,164,0,bullies,61,60,-1,birthdayphotoshoot,19,20,1,mopa,83,82,-1,agegaprelationship,79,79,0,spaceweather,45,47,2,claycracking,17,16,-1,coser,79,78,-1,dataprivacy,20,20,0,,,,,nfledit,47,42,-5,zidane,29,29,0,abandonedhospital,93,95,2,comfyfit,184,184,0,optcg,176,177,1,cabañas,90,89,-1,mecanica,77,78,1,genshinimpact,6,6,0,foxes,145,143,-2
bracelet,57,56,-1,матикович,161,160,-1,animefyp,4,4,0,sketchbookideas,134,132,-2,cadillac,43,43,0,babycarrier,39,37,-2,babycarrier,39,37,-2,projectpan,161,166,5,elf,180,184,4,babyboomer,37,40,3,digitalproducts,64,59,-5,firefighters,30,34,4,maroi700,42,42,0,firefighters,30,34,4,senioryear,1,1,0,workmemes,67,70,3,newsupdate,45,42,-3,jadennewman,62,62,0,breakfastideas,35,37,2,knittersoftiktok,145,145,0,0928,52,51,-1,tiktokdancechallenge,29,31,2,thingsilove,89,87,-2,pumpkinspiceseason,41,41,0,spicynoodles,30,31,1,senioryear,1,1,0,kpoptiktok,193,192,-1,,,,,bulk,71,70,-1,figureskating,5,4,-1,schooldropoff,73,72,-1,digitalproducts,64,59,-5,durian,93,92,-1,beer,38,40,2,dfweats,166,167,1,airpods,22,21,-1,cs2,8,8,0,marriott,92,91,-1,blowout,10,10,0,masajes,176,177,1,masajes,176,177,1,maritimehistory,196,196,0,garageorganization,183,185,2,garageorganization,183,185,2,magicwand,177,178,1,growbeyoundyourlimits,35,36,1,tulsastatefair,181,178,-3,romanticizeyourlife,59,58,-1,poultry,60,60,0,манифестация,124,125,1,movietok,17,18,1,lyric,66,68,2,selenagomez,84,83,-1,bodymist,36,36,0,tattoosartist,79,75,-4,skidoo,60,63,3,huntingseason,9,8,-1,pants,56,55,-1,dancetutorial,10,10,0,sannu❤️,135,135,0,mascota,166,166,0,cattoys,64,63,-1,posesforpictures,23,24,1,suavizante,85,84,-1,udy,136,136,0,geomagneticstorm,49,51,2,asmrtapping,20,19,-1,jjbacosplay,80,79,-1,appdevelopment,21,21,0,,,,,quarterback,48,43,-5,psg,32,32,0,misteriossinresolver,102,104,2,capcutforus,11,10,-1,magicwand,177,178,1,marriott,92,91,-1,polo,78,79,1,brainrot,7,7,0,alligatorsoftiktok,178,176,-2
pants,58,57,-1,chemistryhelp,169,168,-1,onepiece,5,5,0,ilustracion,173,171,-2,carmaintenance,54,54,0,bottlefeeding,42,40,-2,bottlefeeding,42,40,-2,matureskinmakeup,171,176,5,cosmetologyschool,190,194,4,naildrill,42,45,3,coupons,71,66,-5,homerepair,31,35,4,gamenightfun,43,43,0,homerepair,31,35,4,freshmanyear,2,2,0,dailylaughs,77,80,3,climatechange,47,44,-3,americanfootball,99,99,0,cakepops,36,38,2,archbackdrop,183,183,0,xuanlong,54,53,-1,chambelanes,39,41,2,surgeryrecovery,91,89,-2,starbucksorder,52,52,0,drizzilicious,31,32,1,historytok,2,2,0,army,8,6,-2,,,,,womensfitness,75,74,-1,combatsports,11,10,-1,pumpingatwork,78,77,-1,coupons,71,66,-5,mesadepostres,96,95,-1,coffeetok,46,48,2,quesabirria,193,194,1,tecnologia,24,23,-1,reddit,9,9,0,huastecapotosina,108,107,-1,barbershop,11,11,0,massage,3,3,0,massage,3,3,0,blackhistory,3,2,-1,arch,188,190,2,arch,188,190,2,squishy,1,1,0,iveseensomethings,43,44,1,oldforge,182,179,-3,babybump,60,59,-1,silkies,93,93,0,santisimamuerte,126,127,1,twilight,25,26,1,anuel,69,71,2,standup,96,95,-1,shaver,37,37,0,houstontattoo,84,80,-4,cockpit,65,68,3,outdoorboys,15,14,-1,activewear,61,60,-1,dancevideo,11,11,0,yantemplate,147,147,0,fishkeeping,168,168,0,perro,67,66,-1,photographers,29,30,1,householdcleaning,90,89,-1,engagment,162,162,0,blackholes,50,52,2,fastasmr,21,20,-1,knycosplay,101,100,-1,onlineprivacy,22,22,0,,,,,chargers,86,81,-5,runner,40,40,0,mistis,154,156,2,robot,12,11,-1,squishy,1,1,0,huastecapotosina,108,107,-1,cargadgets,88,89,1,cs2,8,8,0,animalfacts,15,12,-3
activewear,63,62,-1,ilovemath,170,169,-1,rickandmorty,6,6,0,coloringasmr,186,184,-2,cartips,56,56,0,aiunii,46,44,-2,aiunii,46,44,-2,makeuplover,174,179,5,sheglam,193,197,4,catnails,44,47,3,credito,87,82,-5,amazondriver,36,40,4,puzzlelover,44,44,0,amazondriver,36,40,4,seniors,3,3,0,videosgraciosos,96,99,3,courtcase,48,45,-3,mvp,103,103,0,schoollunch,48,50,2,cricuttips,187,187,0,liondance2025,55,54,-1,balletdancer,45,47,2,5to9,115,113,-2,ghostenergy,55,55,0,culvers,36,37,1,math,3,3,0,sayyestothedress,15,13,-2,,,,,stayhard,80,79,-1,sparring,33,32,-1,adultchildren,98,97,-1,credito,87,82,-5,freezerorganization,112,111,-1,recetas,48,50,2,foodie,1,1,0,electrictoothbrush,36,35,-1,mlbb,10,10,0,flightdeals,112,111,-1,redhair,14,14,0,oralhealth,4,4,0,oralhealth,4,4,0,abogado,14,13,-1,homeimprovement,3,4,1,homeimprovement,3,4,1,pokemon,2,2,0,motivaciontiktok,67,68,1,theparenthood,185,182,-3,maternidade,61,60,-1,gallinasponedoras,97,97,0,manifestingtips,129,130,1,britishculture,26,27,1,vallenato,73,75,2,longdistance,116,115,-1,scent,38,38,0,lasertattoo,113,109,-4,самокаты,77,80,3,sitka,37,36,-1,giftguide,62,61,-1,turns,45,45,0,reemareditz,190,190,0,monkeys,191,191,0,vettech,76,75,-1,michiganphotographer,31,32,1,kenhavesinh,99,98,-1,billionaireromancereads,173,173,0,spacenews,61,63,2,makeupasmr,39,38,-1,thewaltenfilescosplay,108,107,-1,freenotes,23,23,0,,,,,nfledits,90,85,-5,disneylandcalifornia,75,75,0,reptilianos,163,165,2,magsafe,23,22,-1,pokemon,2,2,0,flightdeals,112,111,-1,highclass,93,94,1,reddit,9,9,0,animallovers,24,21,-3
giftguide,64,63,-1,virtualschool,199,198,-1,demonslayer,7,7,0,diamondartaddict,30,27,-3,coyote,62,62,0,babycute,64,62,-2,babycute,64,62,-2,bridalmakeupartist,175,180,5,sephora,25,28,3,glitternails,45,48,3,sephorasquad,93,88,-5,junkremoval,48,52,4,mahjongtok,45,45,0,junkremoval,48,52,4,seniorsunrise,4,4,0,maxamini,98,101,3,coldcase,76,73,-3,tennistiktok,145,145,0,fallbaking,51,53,2,weddingbouquetpreservation,188,188,0,barongsai2025,56,55,-1,sonideros,54,56,2,surgey,117,115,-2,cerveza,57,57,0,crumblcookie,37,38,1,physics,4,4,0,peacock,23,21,-2,,,,,dumbbellworkout,115,114,-1,smackdown,39,38,-1,milksupply,113,112,-1,sephorasquad,93,88,-5,bdaycake,123,122,-1,cafe,56,58,2,foodreview,2,2,0,honor,39,38,-1,mobilelegends,30,30,0,hawaiitravel,122,121,-1,haircareroutine,15,15,0,perimenopause,5,5,0,perimenopause,5,5,0,historytiktok,16,15,-1,cleanwithme,11,12,1,cleanwithme,11,12,1,fugglers,5,5,0,instaquotes,89,90,1,carnivalvibes,189,186,-3,caregiving,66,65,-1,horsegirlvibes,124,124,0,fal,150,151,1,russianstars,33,34,1,ravetok,80,82,2,britishculture,124,123,-1,drsquatch,40,40,0,jesustattoo,121,117,-4,ausom,81,84,3,texasfishing,46,45,-1,sweaterweather,65,64,-1,tambourine,52,52,0,faceman,7,6,-1,cavapoo,194,194,0,puglife,91,90,-1,couplesphotos,52,53,1,laundrystainremover,101,100,-1,relationshipquestions,174,174,0,biologyfacts,68,70,2,crackingasmr,63,62,-1,ghostfacemask,110,109,-1,digitalprivacy,29,29,0,,,,,jalenhurts,109,104,-5,giants,100,100,0,espiritos,175,177,2,tecnologia,27,26,-1,fugglers,5,5,0,hawaiitravel,122,121,-1,kukirin,153,154,1,mlbb,10,10,0,lizard,26,23,-3
sweaterweather,67,66,-1,spm,17,15,-2,stevenuniverse,12,12,0,coloringcommunity,110,107,-3,auctions,74,74,0,tiktoktako,73,71,-2,tiktoktako,73,71,-2,acnetreatment,24,28,4,lipcombo,28,31,3,phillynailtech,61,64,3,tradingstrategy,137,132,-5,hvaclife,52,56,4,brainchallenge,47,47,0,hvaclife,52,56,4,lastfirstday,5,5,0,funnyscare,179,182,3,courttv,95,92,-3,baseball,3,2,-1,whatsfordinner,52,54,2,journaltok,22,21,-1,鈊泰美禮生,86,85,-1,keepdancing,67,69,2,gallbladderremoval,166,164,-2,donjulio,70,70,0,crumblreview,38,39,1,anatomy,5,5,0,bluefacebaby,24,22,-2,,,,,forearms,117,116,-1,canelo,42,41,-1,hyperlexia,118,117,-1,tradingstrategy,137,132,-5,costcotok,183,182,-1,spicy,63,65,2,tacos,5,5,0,phonestand,41,40,-1,rockpaperscissors,35,35,0,floridatravel,14,12,-2,curlyhairroutine,16,16,0,dental,6,6,0,dental,6,6,0,alexanderthegreat,22,21,-1,decor,12,13,1,decor,12,13,1,fivebelow,6,6,0,mensmotivation,96,97,1,smugglersrun,194,191,-3,pumping,119,118,-1,donkeylove,129,129,0,sagittariuszodiac,163,164,1,movieedit,42,43,1,егэ,81,83,2,tour,148,147,-1,nichefragrance,42,42,0,dallastattoo,159,155,-4,bicicletas,93,96,3,commercialfishing,48,47,-1,giftforhim,66,65,-1,calebrown,64,64,0,saltnpepper,13,12,-1,funnydogs,11,10,-1,bunniesoftiktok,92,91,-1,photographygear,56,57,1,dicaútil,106,105,-1,breakuprecovery,180,180,0,heartanatomy,72,74,2,fruitcutting,68,67,-1,zzzcosplay,113,112,-1,techtools,32,32,0,,,,,billsmafia,136,131,-5,footballvideo,163,163,0,ufologia,177,179,2,nightlight,38,37,-1,fivebelow,6,6,0,floridatravel,14,12,-2,truckers,189,190,1,mobilelegends,30,30,0,wildanimals,33,30,-3
giftforhim,68,67,-1,asvab,19,17,-2,aot,14,14,0,artstudent,117,114,-3,jeepwrangler,75,75,0,малыш,90,88,-2,малыш,90,88,-2,darkspots,26,30,4,lorealparismakeup,38,41,3,goldnails,87,90,3,creditunion,147,142,-5,metalworking,54,58,4,chessstrategy,64,64,0,metalworking,54,58,4,communitycollege,9,9,0,shitposts,194,197,3,hialeah,125,122,-3,running,8,7,-1,oreo,71,73,2,snowglobetumbler,44,43,-1,後驛莊公舘,92,91,-1,burningup,91,93,2,messyvlog,182,180,-2,athomecoffee,71,71,0,koreansnacks,53,54,1,astronomy,6,6,0,billie,33,31,-2,,,,,weights,127,126,-1,wwenxt,58,57,-1,genderrevealideas,167,166,-1,creditunion,147,142,-5,aldifinds,12,10,-2,easydinnerideas,86,88,2,sushi,6,6,0,iphonetips,44,43,-1,r6siege,40,40,0,dolomites,21,19,-2,quickweave,17,17,0,lymphaticdrainage,9,9,0,lymphaticdrainage,9,9,0,ancientmysteries,29,28,-1,cozyhome,14,15,1,cozyhome,14,15,1,kidstoys,7,7,0,mindsets,97,98,1,universalstudiosflorida,50,46,-4,schoolmorning,156,155,-1,foalcare,136,136,0,libraenergy,176,177,1,cdrama,77,78,1,violin,98,100,2,skit,17,15,-2,spraytan,48,48,0,эскизытату,183,179,-4,triciclo,148,151,3,fishnets,76,75,-1,westernstyle,85,84,-1,coupledance,70,70,0,instantfilm,16,15,-1,catlife,22,21,-1,catstory,98,97,-1,photographystudio,66,67,1,yugouclean,108,107,-1,datingstorytime,17,16,-1,sciencetiktok,84,86,2,rainasmr,119,118,-1,meguminkonosuba,134,133,-1,premierepro,36,36,0,,,,,bensimmons,200,195,-5,studentathlete,173,173,0,scaryencounters,195,197,2,electrictoothbrush,40,39,-1,kidstoys,7,7,0,dolomites,21,19,-2,chevelle,192,193,1,r6siege,39,39,0,crocodile,34,31,-3
westernstyle,87,86,-1,mathtok,21,19,-2,attackontitan,18,18,0,windowpainting,138,135,-3,mecanica,76,76,0,secondchild,138,136,-2,secondchild,138,136,-2,garnierpartner,51,55,4,antiaging,40,43,3,uñasnaturales,92,95,3,truefriendship,158,153,-5,ibew,56,60,4,juegosenfamilia,68,68,0,ibew,56,60,4,ksu,10,10,0,funnyprankvideo,17,19,2,trialwatch,141,138,-3,cheer,11,10,-1,homemadefood,75,77,2,вязание,55,54,-1,梓官盧家玉皇四殿下,94,93,-1,randomdance,102,104,2,beforework,193,191,-2,bartending,72,72,0,buldakchallenge,54,55,1,freshmanyear,7,7,0,impracticaljokers,60,58,-2,,,,,rutinaencasa,131,130,-1,claressashields,80,79,-1,surrogacyjourney,169,168,-1,truefriendship,158,153,-5,samsclubfinds,16,14,-2,schoollunch,89,91,2,burger,7,7,0,techfinds,48,47,-1,gamers,62,62,0,brooklynbridge,33,31,-2,heatlesscurls,23,23,0,diabetes,11,11,0,diabetes,11,11,0,abrahamlincoln,48,47,-1,apartment,15,16,1,apartment,15,16,1,fuggler,8,8,0,elcambioeshoy,114,115,1,disneylandtiktok,51,47,-4,34weekspregnant,165,164,-1,chickenfeed,189,189,0,тарогадание,189,190,1,cobrakai,80,81,1,musicamexicana,123,125,2,naruto,19,17,-2,veneers,55,55,0,denvertattoo,197,193,-4,bobcatequipment,178,181,3,speckledtrout,80,79,-1,fallfashiontrends,105,104,-1,guapangos,91,91,0,eyesarea,34,33,-1,cow,24,23,-1,yorkiesoftiktok,99,98,-1,sonya7iv,71,72,1,thepinkstuffpaste,112,111,-1,cutecouple,22,21,-1,telescopio,108,110,2,clickyasmr,182,181,-1,cosplayphotography,154,153,-1,beautyplusapp,37,37,0,,,,,bears,42,36,-6,backday,178,178,0,warrenoccultmuseum,198,200,2,iphonetips,48,47,-1,fuggler,8,8,0,brooklynbridge,33,31,-2,wrx,193,194,1,gamers,61,61,0,hummingbird,35,32,-3
fallfashiontrends,107,106,-1,огэматематика,38,36,-2,sasuke,19,19,0,artlover,153,150,-3,polo,77,77,0,momcozyie,147,145,-2,momcozyie,147,145,-2,lipoil,55,59,4,quickweave,47,50,3,burgundynails,131,134,3,asb,160,155,-5,yarderos,75,79,4,riddlechallenge,89,89,0,yarderos,75,79,4,ucberkeley,11,11,0,darkhumor,26,28,2,milton,200,197,-3,fnl,12,11,-1,crockpotrecipes,83,85,2,miniatureart,65,64,-1,引路童子,143,142,-1,countrydancing,111,113,2,productive,39,36,-3,chug,73,73,0,chipotlebowl,57,58,1,nasa,8,8,0,katseye_megan,185,183,-2,,,,,constancia,134,133,-1,boulder,88,87,-1,pumpingmom,6,4,-2,asb,160,155,-5,reeses,26,24,-2,alani,93,95,2,cafe,8,8,0,noisecancelling,59,58,-1,subway,64,64,0,poconos,34,32,-2,curly,27,27,0,ashwagandha,15,15,0,ashwagandha,15,15,0,ancientcivilizations,50,49,-1,blanket,18,19,1,blanket,18,19,1,sanrio,9,9,0,智慧人生,122,123,1,xcelerator,53,49,-4,diaperreview,193,192,-1,goatsoftiktok,13,12,-1,virgo,1,1,0,tobeymaguire,90,91,1,concerttok,130,132,2,blueface,20,18,-2,bodyacne,61,61,0,facepainter,50,45,-5,jacksonfarmer,187,190,3,reddrum,91,90,-1,oldmoney,111,110,-1,theatertiktok,94,94,0,caradeemoji,41,40,-1,gorilla,60,59,-1,bassethound,101,100,-1,tampaphotographer,77,78,1,kechen,125,124,-1,marriageadvice,23,22,-1,lovechemistry,116,118,2,satisfyingsounds,23,21,-2,persona5cosplay,160,159,-1,ipadnotes,38,38,0,,,,,detroitlions,55,49,-6,baseball,3,2,-1,hauntedhouse,6,7,1,3dprinter,59,58,-1,sanrio,9,9,0,poconos,34,32,-2,brez,1,1,0,subway,63,63,0,orca,43,40,-3
oldmoney,113,112,-1,actprep,39,37,-2,sukuna,21,21,0,ballpointpen,156,153,-3,cargadgets,87,87,0,babyandcat,167,165,-2,babyandcat,167,165,-2,bridalmakeup,70,74,4,sensitiveskin,49,52,3,tpo,151,154,3,cashstuffing,44,38,-6,plomeria,88,92,4,babyshowergame,171,171,0,plomeria,88,92,4,fallsemester,12,12,0,roughneckroscoe,28,30,2,patrickclancy,15,11,-4,zidane,18,17,-1,jello,135,137,2,decoracionconglobos,66,65,-1,頂太子中双會,182,181,-1,afrodance,133,135,2,cancerwarrior,55,52,-3,loadedtea,81,81,0,rockpapersissorschallenge,62,63,1,studytips,11,11,0,kyliejenner,20,17,-3,,,,,тренировки,137,136,-1,topuria,90,89,-1,autismacceptance,10,8,-2,cashstuffing,44,38,-6,aldihaul,45,43,-2,weeknightdinner,113,115,2,coffeeshop,9,9,0,vivo,63,62,-1,overwatch2,65,65,0,travelinspo,35,33,-2,shinyhair,28,28,0,probiotics,16,16,0,probiotics,16,16,0,doblenacionalidad,56,55,-1,rvlife,19,20,1,rvlife,19,20,1,hotwheels,10,10,0,inspiringwords,127,128,1,disneyworldorlando,66,62,-4,breastpump,28,26,-2,minipig,14,13,-1,witch,2,2,0,универ,106,107,1,70smusic,134,136,2,memes,21,19,-2,bodycareproducts,74,74,0,piercingstudio,51,46,-5,tractorpulls,190,193,3,рыбак,98,97,-1,underwear,113,112,-1,dancing_with_busisiwe,100,100,0,سونیا,45,44,-1,guineapig,63,62,-1,fetch,111,110,-1,fotografía,83,84,1,pinkstuffcleaning,139,138,-1,weddingdecor,24,23,-1,sciencelover,118,120,2,chalk,27,25,-2,ticcitobycosplay,168,167,-1,tiktokstrategy,45,45,0,,,,,nflhighlights,65,59,-6,realmadrid,7,6,-1,nightmarefuel,15,16,1,noisecancelling,68,67,-1,hotwheels,10,10,0,travelinspo,35,33,-2,cartok,2,2,0,overwatch2,64,64,0,terrarium,48,45,-3
underwear,115,114,-1,mathtips,42,40,-2,haikyuu,26,26,0,semirealism,159,156,-3,highclass,92,92,0,sleepsack,174,172,-2,sleepsack,174,172,-2,sheglam,79,83,4,makeuptok,53,56,3,unas,177,180,3,savingschallenge,45,39,-6,amazondeliverydriver,100,104,4,enigme,196,196,0,amazondeliverydriver,100,104,4,collegetips,13,13,0,memesdaily,42,44,2,judge,41,37,-4,psg,20,19,-1,tiramisu,152,154,2,bookbinding,83,82,-1,和尚一家,187,186,-1,danzacristiana,136,138,2,sobercurious,56,53,-3,ninjapartner,97,97,0,spicynuggets,66,67,1,historyfacts,12,12,0,pawnstars,27,24,-3,,,,,gymessentials,25,23,-2,indycar,168,167,-1,breastmilk,23,21,-2,savingschallenge,45,39,-6,chipsahoy,51,49,-2,meat,122,124,2,nycfood,12,12,0,iphone18pro,76,75,-1,rainbow6siege,66,66,0,floridavacation,38,36,-2,hairmask,37,37,0,wellnessroutine,17,17,0,wellnessroutine,17,17,0,tiktokhistory,89,88,-1,organization,20,21,1,organization,20,21,1,teddybear,11,11,0,succesmindset,133,134,1,familydayout,67,63,-4,dailylife,31,29,-2,racehorses,38,37,-1,horoscope,13,13,0,endgame,107,108,1,mariachi,195,197,2,countrymusic,26,24,-2,fragancia,87,87,0,dermalpiercing,53,48,-5,usnavy,2,4,2,wildcamp,170,169,-1,watches,114,113,-1,legwork,131,131,0,fouryoupage_tiktok_nepal🇳🇵😊,51,50,-1,bullies,82,81,-1,chewypartner,113,112,-1,orlandophotographer,90,91,1,scrubfree,157,156,-1,toxicrelationships,37,36,-1,spacetok,8,9,1,emojichallenge,33,31,-2,getocosplay,184,183,-1,какстатьвирусным,57,57,0,,,,,nflmemes,70,64,-6,running,10,9,-1,fantasmas,18,19,1,vivo,72,71,-1,teddybear,11,11,0,floridavacation,38,36,-2,diesel,13,13,0,rainbow6siege,65,65,0,possum,54,51,-3
watches,116,115,-1,flashcards,43,41,-2,miraculous,27,27,0,fashionart,194,191,-3,acura,94,94,0,momcozybreastpump,180,178,-2,momcozybreastpump,180,178,-2,settingspray,80,84,4,drmelaxin,54,57,3,buildergel,9,11,2,cpa,77,71,-6,construccion,14,17,3,brainteaser,4,3,-1,construccion,14,17,3,financialaid,21,21,0,parentinghumor,45,47,2,copsusa🚔🇺🇸,42,38,-4,run,21,20,-1,enchiladas,197,199,2,quiltingtiktok,89,88,-1,英歌魂,8,6,-2,forrodasantigas,138,140,2,morningroutineaesthetic,58,55,-3,mobilebar,124,124,0,bayareafoodie,75,76,1,legal,13,13,0,funnytv,30,27,-3,,,,,squat,29,27,-2,ufctok,181,180,-1,daddydaughter,24,22,-2,cpa,77,71,-6,charcuterieboard,55,53,-2,rockpaperfoodchallenge,128,130,2,friedchicken,13,13,0,findmy,84,83,-1,кс2,68,68,0,airbnbpartner,52,50,-2,hairgoals,42,42,0,dentalcare,18,18,0,dentalcare,18,18,0,tramitesmigratorios,90,89,-1,homeorganization,21,22,1,homeorganization,21,22,1,jellycat,13,13,0,godlyencouragement,155,156,1,halloweenatdisney,76,72,-4,soberlife,35,33,-2,kunekunepigs,57,56,-1,witchesoftiktok,16,16,0,abbottelementary,170,171,1,concert,1,2,1,migracion,27,25,-2,doublechin,99,99,0,memorialtattoo,58,53,-5,kugoo,9,11,2,trinityriver,191,190,-1,goldjewelry,115,114,-1,bailarinas,171,171,0,fypシ゚🥰🥰🥰,53,52,-1,cowsoftiktok,94,93,-1,cachorro,161,160,-1,lightroompreset,94,95,1,homegoodies,174,173,-1,avoidantattachmentstyle,40,39,-1,fisica,13,14,1,asmrs,57,55,-2,tf141,34,32,-2,huggingface,59,59,0,,,,,mariners,80,74,-6,cheer,13,12,-1,creepystories,19,20,1,endoscope,130,129,-1,jellycat,13,13,0,airbnbpartner,52,50,-2,gmc,24,24,0,кс2,67,67,0,racoonsoftiktok,57,54,-3
goldjewelry,117,116,-1,профиль,45,43,-2,dccomics,31,31,0,artworkout,26,22,-4,авто,110,110,0,medicalmom,15,12,-3,medicalmom,15,12,-3,smoothskin,95,99,4,nailtutorial,55,58,3,nailideas,12,14,2,medicare,82,76,-6,carpentry,15,18,3,mahjong,8,7,-1,carpentry,15,18,3,studentcouncil,24,24,0,teacherhumor,46,48,2,localnews,43,39,-4,hockey,22,21,-1,dinner,4,5,1,epoxyart,90,89,-1,1028,12,10,-2,dancesforyoutolearn,11,12,1,fndawareness,66,63,-3,blankstreet,135,135,0,tiffanyplate,81,82,1,mathematics,16,16,0,hardcorepawn,40,37,-3,,,,,entrenamiento,35,33,-2,boxingcoach,199,198,-1,wearablebreastpump,25,23,-2,medicare,82,76,-6,snackcart,60,58,-2,matchalover,130,132,2,goodeats,14,14,0,wearabletech,89,88,-1,totaldrama,72,72,0,vacationrental,59,57,-2,cosmetologyschool,77,77,0,holistichealth,26,26,0,holistichealth,26,26,0,worldwarii,93,92,-1,roommakeover,31,32,1,roommakeover,31,32,1,chiikawa,14,14,0,vibesad🥀,179,180,1,arizonastatefair,130,126,-4,bigfamily,36,34,-2,mallardduck,82,81,-1,bruja,29,29,0,movie,1,1,0,rap,2,3,1,outerbanks,38,36,-2,shavingcream,101,101,0,tattooregret,64,59,-5,publictransportation,13,15,2,jibiasycalamares🦑,196,195,-1,widelegpants,139,138,-1,weddingdance,35,34,-1,offixcall_km,69,68,-1,pugs,117,116,-1,meandmycat,173,172,-1,creativeshoot,111,112,1,dụng,180,179,-1,hopelessromantic,50,49,-1,spaceexploration,16,17,1,limpiezafacial,62,60,-2,fryboy,35,33,-2,studyapp,61,61,0,,,,,manutd,120,114,-6,islammakhachev,14,13,-1,paranormalactivity,20,21,1,timcook,135,134,-1,chiikawa,14,14,0,vacationrental,59,57,-2,f150,25,25,0,totaldrama,71,71,0,animalvideos,59,56,-3
widelegpants,141,140,-1,nclexstudying,46,44,-2,dbz,32,32,0,sculpting,37,33,-4,gasmonkeygarage,157,157,0,bebestiktoks,18,15,-3,bebestiktoks,18,15,-3,sephorapartner,99,103,4,diynails,56,59,3,manicurista,13,15,2,tradingtips,86,80,-6,framing,19,22,3,boardgame,13,12,-1,framing,19,22,3,collegetok,25,25,0,relationshiphumor,47,49,2,politicstiktok,44,40,-4,cheerleading,23,22,-1,cookies,8,9,1,journalingcommunity,107,106,-1,1123,13,11,-2,dancecover,18,19,1,hoopervalley,72,69,-3,guinness,137,137,0,iceeatingasmr,84,85,1,математика,17,17,0,emmawatson,99,96,-3,,,,,suplementos,41,39,-2,boxeo,9,7,-2,twinpregnancy,26,24,-2,tradingtips,86,80,-6,costcomusthaves,63,61,-2,oreo,136,138,2,foodtruck,15,15,0,sharkvacuum,93,92,-1,sims4,83,83,0,senderismo,67,65,-2,sewin,86,86,0,allergies,36,36,0,allergies,36,36,0,egyptology,107,106,-1,vanity,40,41,1,vanity,40,41,1,magicthegathering,15,15,0,selfawareness,1,1,0,urbanairadventurepark,136,132,-4,griefandloss,37,35,-2,deafcowgirl,90,89,-1,astrologia,33,33,0,harrypotter,5,5,0,countrymusic,3,4,1,horrortok,52,50,-2,affordableperfume,107,107,0,tattooreveal,66,61,-5,cyclinggear,14,16,2,survivalskills,20,18,-2,suits,158,157,-1,kpoprandomdance,36,35,-1,寄り目,70,69,-1,birdtok,120,119,-1,pitbull,13,11,-2,maternitysession,119,120,1,dishwashingsponge,194,193,-1,lovedontjudge,67,66,-1,astrophysics,17,18,1,poros,65,63,-2,occosplay,42,40,-2,ipadapps,71,71,0,,,,,laclippers,167,161,-6,footballseason,39,38,-1,extraterrestrial,23,24,1,flashdrive,143,142,-1,magicthegathering,15,15,0,senderismo,67,65,-2,truckdriver,26,26,0,sims4,82,82,0,wildanimal,71,68,-3
suits,160,159,-1,репетиторпоматематике,47,45,-2,kimetsunoyaiba,33,33,0,handmadeceramics,97,93,-4,fordmustang,160,160,0,newbornlife,27,24,-3,newbornlife,27,24,-3,makeupvanity,112,116,4,smellgood,59,62,3,russianmanicure,15,17,2,cryptotrading,95,89,-6,hiring,23,26,3,sistersisterz,15,14,-1,hiring,23,26,3,collegevlog,38,38,0,healthcarehumor,49,51,2,deportation,74,70,-4,practice,48,47,-1,mealprep,10,11,1,decoraciondeeventos,109,108,-1,非遗守护人,14,12,-2,cumbiasonidera,21,22,1,agoraphobia,77,74,-3,vino,170,170,0,panerabread,89,90,1,americanhistory,18,18,0,kimtaehyung,150,147,-3,,,,,75hard,45,43,-2,streetoutlaws,19,17,-2,babybump,27,25,-2,cryptotrading,95,89,-6,candygrapes,65,63,-2,lunchtime,139,141,2,krispykreme,16,16,0,googlepixel,99,98,-1,streamclips,86,86,0,hoteltok,71,69,-2,matrixpartner,93,93,0,therabreath,38,38,0,therabreath,38,38,0,commonlaw,110,109,-1,wallart,52,53,1,wallart,52,53,1,collector,16,16,0,kingazoulay,2,2,0,hhnforever,137,133,-4,polymerclay,38,36,-2,pigeonsoftiktok,104,103,-1,lovereading,35,35,0,outerbanks,6,6,0,musica,4,5,1,юмор,72,70,-2,perfumesparamujer,137,137,0,femaletattooartists,72,67,-5,rampagent,16,18,2,rod,22,20,-2,chromehearts,182,181,-1,summerdance,50,49,-1,雰囲気界隈,71,70,-1,wildanimals,136,135,-1,gatos,24,22,-2,studiophotoshoot,126,127,1,draincleaner,4,2,-2,newlywed,78,77,-1,microbiology,18,19,1,pine,71,69,-2,disneycosplay,47,45,-2,tutorialia,72,72,0,,,,,rockies,186,180,-6,fridaynightlights,49,48,-1,lallorona,44,45,1,ugreen,176,175,-1,collector,16,16,0,hoteltok,71,69,-2,trucker,28,28,0,streamclips,85,85,0,orangutan,89,86,-3
chromehearts,184,183,-1,apushistory,48,46,-2,narutouzumaki,53,53,0,watercolorart,113,109,-4,loweredtrucks,165,165,0,micah,37,34,-3,micah,37,34,-3,skincareover50,117,121,4,heatlesscurls,67,70,3,nailsathome,16,18,2,negociosdigitales,129,123,-6,remotejobs,29,32,3,wolfieandsylvia,17,16,-1,remotejobs,29,32,3,columbiauniversity,52,52,0,funnyprank,51,53,2,notguilty,88,84,-4,footballskills,116,115,-1,mexicanfood,14,15,1,crochetinspiration,114,113,-1,liondancer,15,13,-2,nupetok,43,44,1,collegevlog,78,75,-3,poppisoda,172,172,0,fulleatingvideo,96,97,1,lastfirstday,22,22,0,pawnshop,22,18,-4,,,,,legworkout,56,54,-2,motogp,76,74,-2,caregiving,30,28,-2,negociosdigitales,129,123,-6,cakeideas,67,65,-2,dietcoke,150,152,2,mariscos,17,17,0,casely,116,115,-1,cdl,92,92,0,vacationideas,83,81,-2,headandshoulders,110,110,0,healthtip,39,39,0,healthtip,39,39,0,anglosaxon,147,146,-1,dormroom,56,57,1,dormroom,56,57,1,reborn,17,17,0,motivationalspeech,3,3,0,disneyworldflorida,172,168,-4,diysquishy,52,50,-2,farmlifeisthebestlife,110,109,-1,universo,40,40,0,russiatoday,19,19,0,lildurk,5,6,1,edsheeran,73,71,-2,saggyskin,138,138,0,freehand,76,71,-5,aerospace,46,48,2,solocamping,26,24,-2,sayyestothedress,17,15,-2,bailoterapia,57,56,-1,fadilla,73,72,-1,petco,172,171,-1,doglovers,26,24,-2,houstonmaternityphotographer,198,199,1,detergente,20,18,-2,consejosdeamor,101,100,-1,astronomia,27,28,1,rinse,73,71,-2,princessperformer,49,47,-2,buildwithai,83,83,0,,,,,ravens,53,46,-7,aew,60,59,-1,abondoned,62,63,1,creatortools,178,177,-1,reborn,17,17,0,vacationideas,83,81,-2,scooter,32,32,0,oncehuman,119,119,0,aves,95,92,-3
sayyestothedress,18,16,-2,asvabprep,49,47,-2,pikachu,55,55,0,ipaddrawing,126,122,-4,ranger,171,171,0,twoundertwo,48,45,-3,twoundertwo,48,45,-3,valentinobeautypartner,125,129,4,pestañas,154,157,3,3dnails,28,30,2,punchmade,133,127,-6,trabajos,34,37,3,gameswithfriends,26,25,-1,trabajos,34,37,3,commuterstudent,54,54,0,britishhumour,61,63,2,noticiasusa,89,85,-4,كرة_قدم,157,156,-1,tiktokfood,21,22,1,crochetforbeginners,115,114,-1,1209,16,14,-2,weddingdance,56,57,1,nightinmylife,82,79,-3,bourbonlover,173,173,0,sushimukbang,105,106,1,dormessentials,23,23,0,seventeen,105,101,-4,,,,,gymprogress,82,80,-2,byoncombatshowbiz,82,80,-2,lifeafterloss,31,29,-2,punchmade,133,127,-6,retrocandy,75,73,-2,koreanbbq,165,167,2,bananapudding,27,27,0,worklight,149,148,-1,cozygames,164,164,0,travelbae,131,129,-2,dallashairstylist,129,129,0,periodcare,48,48,0,periodcare,48,48,0,pharaohs,160,159,-1,homedepotpartner,57,58,1,homedepotpartner,57,58,1,americangirldoll,18,18,0,lifequotes,4,4,0,feteforaine,173,169,-4,rutina,57,55,-2,silkie,133,132,-1,flowarts,44,44,0,filmclips,20,20,0,hiphop,9,10,1,dancechallenge,74,72,-2,perfumedemujer,185,185,0,losangelestattooartist,82,77,-5,ramplife,50,52,2,rainbowtrout,32,30,-2,plussizefashion,27,25,-2,danceduo,62,61,-1,posesparaselfie,82,81,-1,pitbull,15,13,-2,hamster,37,35,-2,digitalcamera,1,1,0,toiletbowlcleaner,42,40,-2,datingover40,105,104,-1,phobos,80,81,1,guiguislime,77,75,-2,monsterhighcosplay,54,52,-2,editinghacks,88,88,0,,,,,russellwestbrook,102,95,-7,halloweenhorrornightsorlando,106,105,-1,darkmystery,99,100,1,keycaps,193,192,-1,americangirldoll,18,18,0,travelbae,131,129,-2,droppedtrucks,34,34,0,cozygames,160,160,0,protectwildlife,106,103,-3
plussizefashion,28,26,-2,algebra1,63,61,-2,аниме,56,56,0,colortokcommunity,148,144,-4,carsafety,189,189,0,momgirl,57,54,-3,momgirl,57,54,-3,glowing,156,160,4,settingspray,195,198,3,dndgelpolish,32,34,2,financialnews,153,147,-6,fence,47,50,3,braingame,29,28,-1,fence,47,50,3,csusb,59,59,0,comedypodcast,110,112,2,domesticviolenceawareness,108,104,-4,athletes,163,162,-1,comfortfood,26,27,1,uvresin,120,119,-1,英歌舞,30,28,-2,swingdance,73,74,1,augustrecap,84,81,-3,drink,6,5,-1,飯テロ,110,111,1,examprep,36,36,0,bhadbhabie,157,153,-4,,,,,cambiofisico,89,87,-2,nxt,95,93,-2,largefamily,36,34,-2,financialnews,153,147,-6,airheads,95,93,-2,proteinbar,191,193,2,foodreviews,30,30,0,keycaps,172,171,-1,justdance,200,200,0,summerroadtrip,145,143,-2,wichitakansas,137,137,0,migraine,60,60,0,migraine,60,60,0,mudflood,167,166,-1,reset,58,59,1,reset,58,59,1,squishytoys,19,19,0,dailyquotes,5,5,0,universalflorida,193,189,-4,pregnancytest,74,72,-2,showsteer,141,140,-1,esoteric,45,45,0,frenchcelebrities,21,21,0,edsheeran,10,11,1,band,75,73,-2,fragrances,23,22,-1,stencil,86,81,-5,concorde,62,64,2,mossyoak,33,31,-2,bridetobe,33,31,-2,countrydancing,66,65,-1,picrure,146,145,-1,puppylove,32,30,-2,cutecats,49,47,-2,strangersession,2,2,0,soapholder,58,56,-2,contemporaryromance,119,118,-1,speedoflight,93,94,1,hairbrushing,81,79,-2,mylittleponycosplay,55,53,-2,mobileapp,95,95,0,,,,,georgepickens,125,118,-7,sportsmom,126,125,-1,weirdstories,143,144,1,onlineprivacy,194,193,-1,squishytoys,19,19,0,summerroadtrip,145,143,-2,carhacks,36,36,0,justdance,195,195,0,bearattack,116,113,-3
bridetobe,35,33,-2,academicwriting,64,62,-2,sololeveling,57,57,0,gothicart,178,174,-4,s550,191,191,0,babys,59,56,-3,babys,59,56,-3,adultacne,163,167,4,perfumetok,13,15,2,diymanicure,47,49,2,downpaymentassistance,165,159,-6,arborist,79,82,3,culturageneral,34,33,-1,arborist,79,82,3,lawschooladmissions,61,61,0,funnyaf,156,158,2,newstok,109,105,-4,highschoolfootball,17,15,-2,cocina,27,28,1,preservedflowers,134,133,-1,廣澤尊王,33,31,-2,bailoterapia,97,98,1,weekendvlog,104,101,-3,tequila,30,29,-1,qdoba,112,113,1,archaeology,37,37,0,jeve,184,180,-4,,,,,runwithme,105,103,-2,mainevent,100,98,-2,revelaciondegenero,42,40,-2,downpaymentassistance,165,159,-6,customtreats,114,112,-2,foodtok,2,3,1,pho,36,36,0,iphone18promax,27,25,-2,dota2,26,25,-1,romeitaly,152,150,-2,diyhair,138,138,0,menopausia,82,82,0,menopausia,82,82,0,legaltips,20,18,-2,affordablehousing,75,76,1,affordablehousing,75,76,1,squishtok,20,20,0,successquotes,6,6,0,round1,38,33,-5,largefamily,79,77,-2,galleros,169,168,-1,astrologytok,48,48,0,frenchvibes,22,22,0,band,11,12,1,humortiktok,92,90,-2,crestpartner,31,30,-1,njtattooartist,89,84,-5,publictransit,63,65,2,fishingtiktok,35,33,-2,tiktokshopcybermonday,38,36,-2,coreografia,74,73,-1,ngibekhonanam,160,159,-1,dachshundsoftiktok,34,32,-2,dogowner,80,78,-2,g7x,3,3,0,trucosdecasa,82,80,-2,weddingwebsite,188,187,-1,physicsfacts,113,114,1,asmrchallenge,92,90,-2,fursuits,99,97,-2,instagramhack,138,138,0,,,,,chicagobears,35,27,-8,ski,150,149,-1,truecrimeespañol,153,154,1,airpods,25,23,-2,squishtok,20,20,0,romeitaly,152,150,-2,carros,37,37,0,dota2,26,25,-1,lion,9,5,-4
tiktokshopcybermonday,40,38,-2,atiteas7,65,63,-2,bleachanime,61,61,0,dryerasemarker,189,185,-4,bubbatruck🌾,22,21,-1,newmomtips,60,57,-3,newmomtips,60,57,-3,complimentary,179,183,4,fragrancetok,21,23,2,nailstrend,78,80,2,sinusrelief,174,168,-6,macon,190,193,3,funnygames,36,35,-1,macon,190,193,3,acceleratednursing,66,66,0,bookhumor,183,185,2,chs,148,144,-4,fridaynightlights,33,31,-2,chinesefood,28,29,1,crossstitching,140,139,-1,0224,36,34,-2,danceduo,104,105,1,25thbirthday,179,176,-3,coffeelover,31,30,-1,msmunchies,114,115,1,abogadodeinmigracion,38,38,0,bpedit,197,193,-4,,,,,воркаут,142,140,-2,boxingtok,101,99,-2,babylist,50,48,-2,sinusrelief,174,168,-6,glutenfreefinds,189,187,-2,dinner,8,9,1,nycfoodie,42,42,0,nightlight,34,32,-2,mortalkombat,50,49,-1,travelpov,163,161,-2,ivyleague,145,145,0,hpv,85,85,0,hpv,85,85,0,ww2history,21,19,-2,dormessentials,107,108,1,dormessentials,107,108,1,3dprint,23,23,0,viralmotivation,7,7,0,kirmes,57,52,-5,photoideas,106,104,-2,pigs,18,16,-2,rituales,49,49,0,altrend,23,23,0,frenchmusic,14,15,1,russianmusic,114,112,-2,dovemenpartner,47,46,-1,gothictattoo,95,90,-5,квваул,83,85,2,castnetfishing,67,65,-2,sweatpants,53,51,-2,sturdydance,75,74,-1,bigbbymimi6,187,186,-1,doghealth,36,34,-2,lab,83,81,-2,kodak,4,4,0,trucosdehogar,129,127,-2,findlove,64,62,-2,espacioexterior,133,134,1,asmrspongesqueezing,109,107,-2,dccosplay,123,121,-2,notetakingtips,174,174,0,,,,,broncos,83,75,-8,hotpilates,157,156,-1,horrortok,1,1,0,iphone18promax,30,28,-2,3dprint,23,23,0,travelpov,163,161,-2,cadillac,44,44,0,mortalkombat,49,48,-1,elephant,32,28,-4
sweatpants,55,53,-2,precalc,69,67,-2,ladybug,63,63,0,mechanicalpencil,47,42,-5,carsales,30,29,-1,newborncare,62,59,-3,newborncare,62,59,-3,makeuphacks,15,18,3,ultabeauty,27,29,2,orlandonailtech,117,119,2,cryptok,193,187,-6,welder,6,8,2,charades,40,39,-1,welder,6,8,2,graduateschool,72,72,0,funnycomedy,11,12,1,lluvias,185,181,-4,cheerleader,36,34,-2,cheflife,30,31,1,quilter,195,194,-1,潮汕民俗文化,40,38,-2,calebrown,110,111,1,cozynight,47,43,-4,alaninu,43,42,-1,probandocomida,137,138,1,phonics,42,42,0,comedyshow,200,196,-4,,,,,abdomen,147,145,-2,skitok,102,100,-2,newmomtips,57,55,-2,cryptok,193,187,-6,fridgeorganization,30,27,-3,cookies,12,13,1,musttry,48,48,0,iphoneaccessories,58,56,-2,spiderman2,51,50,-1,hoteles,194,192,-2,wigtok,13,12,-1,optometry,133,133,0,optometry,133,133,0,tudors,31,29,-2,flooring,123,124,1,flooring,123,124,1,squish,31,31,0,innerstrength,10,10,0,topthrill2,62,57,-5,twoundertwo,115,113,-2,vacas,20,18,-2,estadosunidos🇺🇲,69,69,0,russianmusic,24,24,0,concerts,15,16,1,concerts,119,117,-2,teethcleaning,53,52,-1,tattooartistoftiktok,111,106,-5,a10warthog,87,89,2,spinningreel,120,118,-2,leggings,54,52,-2,afrodance,78,77,-1,alphawomen,22,20,-2,rabbit,49,47,-2,ragdoll,90,88,-2,vloggingcamera,9,9,0,fregando,154,152,-2,hefallsfirst,107,105,-2,experimentoscaseros,134,135,1,sharpening,112,110,-2,cosplaywip,151,149,-2,chatgptprompts,6,5,-1,,,,,joeburrow,111,103,-8,cricket,199,198,-1,ghost,2,2,0,techfinds,53,51,-2,squish,31,31,0,hoteles,194,192,-2,carmaintenance,55,55,0,spiderman2,50,49,-1,millipede,92,88,-4
leggings,56,54,-2,матеша,76,74,-2,haljordan,96,96,0,charcoal,61,56,-5,mallory,38,37,-1,babycrib,182,179,-3,babycrib,182,179,-3,foundation,30,33,3,skin,30,32,2,nailstrengthener,141,143,2,ahorros,194,188,-6,diytools,7,9,2,numbergame,49,48,-1,diytools,7,9,2,dualenrollment,77,77,0,humour,16,17,1,truecrimetok,19,14,-5,golfer,38,36,-2,bakery,42,43,1,crossstitch,38,36,-2,liondancechaser,49,47,-2,mashupdance,120,121,1,undiaconmigo,54,50,-4,drinkreview,59,58,-1,muckbangs,157,158,1,lifequotes,50,50,0,lcdlfmx,58,53,-5,,,,,gymcommunity,160,158,-2,reymysterio,104,102,-2,surrogacy,80,78,-2,ahorros,194,188,-6,discontinued,33,30,-3,chipotle,14,15,1,metrodetroit,50,50,0,vlogcamera,68,66,-2,clashroyale,57,56,-1,getaway,17,14,-3,wavyhair,19,18,-1,asthma,143,143,0,asthma,143,143,0,psicologiaoscura,40,38,-2,homedecor,1,1,0,homedecor,1,1,0,rebornbaby,33,33,0,inspirationalmessage,26,26,0,slots,64,59,-5,productive,131,129,-2,farrierlife,33,31,-2,zodiacs,71,71,0,horrormovie,54,54,0,clancy,16,17,1,lacasadelosfamososmx,135,133,-2,intimatecare,57,56,-1,flatback,149,144,-5,mariner,101,103,2,tactacam,128,126,-2,gucci,58,56,-2,parapara,87,86,-1,justbeyourself❤️❤️❤️,29,27,-2,vetmed,54,52,-2,petco,126,124,-2,posingtips,10,10,0,家居好物,164,162,-2,italywedding,123,121,-2,physicsshorts,148,149,1,bathsponge,122,120,-2,blackcatcosplay,177,175,-2,openai,8,7,-1,,,,,hockeytiktoks,123,115,-8,arms,200,199,-1,creepypasta,3,3,0,huawei,55,53,-2,rebornbaby,33,33,0,getaway,17,14,-3,streetoutlaws,82,82,0,clashroyale,56,55,-1,sealions,94,90,-4
gucci,60,58,-2,studytool,100,98,-2,madokamagica,98,98,0,alcoholmarkers,64,59,-5,carcleaning,39,38,-1,myson,24,20,-4,myson,24,20,-4,creativemakeup,31,34,3,maquillaje,31,33,2,френч,142,144,2,finacialfreedom,84,77,-7,remotework,12,14,2,finderskeepers,54,53,-1,remotework,12,14,2,universityofdelaware,78,78,0,relatablememes,19,20,1,micamiller,28,23,-5,liverpool,42,40,-2,noodles,56,57,1,quiltersoftiktok,52,50,-2,過溝聖三壇,78,76,-2,balletclass,140,141,1,afterwork,61,57,-4,proteincoffee,92,91,-1,chilicheesedog,194,195,1,algebra,51,51,0,6ix9ine,102,97,-5,,,,,pumpcover,178,176,-2,figureskater,106,104,-2,bonusmom,91,89,-2,finacialfreedom,84,77,-7,foodhaul,34,31,-3,matcha,15,16,1,kpot,52,52,0,bloodpressuremonitor,74,72,-2,steam,61,60,-1,orlandovacation,19,16,-3,barbertok,69,68,-1,hiv,145,145,0,hiv,145,145,0,jubilacion,75,73,-2,cleaning,2,2,0,cleaning,2,2,0,diysquishy,40,40,0,mindsetgrowth,32,32,0,marylandstatefair,89,84,-5,vloggingcamera,150,148,-2,jerseycow,55,53,-2,cartas,100,100,0,americancelebrities,56,56,0,drums,37,38,1,marchingband,144,142,-2,sandandfog,73,72,-1,mehndidesign,55,49,-6,thunderbirds,127,129,2,patin,143,141,-2,musthaves,60,58,-2,clasesdebaile,88,87,-1,mbacantik,49,47,-2,vettech,105,103,-2,catnip,146,144,-2,sportsphotographer,11,11,0,thungracthongminh,168,166,-2,womentok,155,153,-2,universefacts,161,162,1,espinillas,123,121,-2,mentalista,58,55,-3,videoediting,11,10,-1,,,,,mlbhighlights,151,143,-8,khabib,16,14,-2,misterio,4,4,0,earphones,61,59,-2,diysquishy,40,40,0,orlandovacation,19,16,-3,streetracing,100,100,0,steam,60,59,-1,entomology,118,114,-4
musthaves,62,60,-2,apcalcab,121,119,-2,mangarecommendation,132,132,0,pentok,88,83,-5,autorepair,53,52,-1,firsttimeparents,25,21,-4,firsttimeparents,25,21,-4,pimplepatch,69,72,3,perfumes,32,34,2,leopardnails,176,178,2,dealsoftheweek,85,78,-7,construcción,40,42,2,geographyquiz,56,55,-1,construcción,40,42,2,premedlife,79,79,0,мемы,20,21,1,truecrimecommunity,32,27,-5,gatoradepartner,72,70,-2,weeknightdinner,63,64,1,moneybouquet,57,55,-2,頂太子齊心會,121,119,-2,cwalkdance,142,143,1,plannercommunity,68,64,-4,hydrationtips,101,100,-1,chipotle,1,1,0,sophomoreyear,54,54,0,yoongi,109,104,-5,,,,,howtolosefat,195,193,-2,alonso,110,108,-2,intentionalparenting,101,99,-2,dealsoftheweek,85,78,-7,newfood,36,33,-3,mealprep,16,17,1,houstoneats,57,57,0,protectyourphone,79,77,-2,helldivers2,74,73,-1,romanticgetaway,41,38,-3,hairaccessories,70,69,-1,pillorganizer,151,151,0,pillorganizer,151,151,0,archaeologist,125,123,-2,halloweendecor,5,5,0,halloweendecor,5,5,0,diecast,44,44,0,meaningfulquotes,55,55,0,parques,101,96,-5,pumpingmom,15,12,-3,nigeriandwarfgoats,66,64,-2,poema,110,110,0,ghostface,59,59,0,osamason,64,65,1,trial,55,52,-3,parfume,103,102,-1,татумастер,57,51,-6,electricscooter,4,5,1,womenwhohunt,154,152,-2,set,64,62,-2,kidsdance,93,92,-1,burstshot,50,48,-2,lab,113,111,-2,funnyanimal,164,162,-2,dallasphotographer,12,12,0,cleaninggel,173,171,-2,couplegoals❤️,186,184,-2,astronautlife,175,176,1,slimechallenge,200,198,-2,familycostume,63,60,-3,calorietracker,67,66,-1,,,,,cbb,166,158,-8,disneylandparis,21,19,-2,ufo,5,5,0,iphoneaccessories,67,65,-2,diecast,44,44,0,romanticgetaway,41,38,-3,dumptruck,110,110,0,helldivers2,73,72,-1,rhino,133,129,-4
set,66,64,-2,tiktokmath,123,121,-2,yorknewcity,134,134,0,sandpainting,90,85,-5,streetoutlaws,81,80,-1,funnytoddler,29,25,-4,funnytoddler,29,25,-4,skinbarrier,84,87,3,mascara,33,35,2,nailtechhumor,183,185,2,forextrading,110,103,-7,craftsmanship,43,45,2,mahjongtable,57,56,-1,craftsmanship,43,45,2,stemmajor,99,99,0,couplescomedy,21,22,1,lawsuit,40,35,-5,ucl,94,92,-2,brisket,88,89,1,limpiapipas,62,60,-2,就是玩,122,120,-2,dancing_with_busisiwe,166,167,1,dynamicdisability,98,94,-4,mountaindew,102,101,-1,buldak,2,2,0,successquotes,56,56,0,showcommentary,123,118,-5,,,,,gymcouple,74,71,-3,patines,112,110,-2,babybottles,152,150,-2,forextrading,110,103,-7,supermarket,37,34,-3,tacos,24,25,1,foodblogger,59,59,0,aiglasses,83,81,-2,arthurmorgan,75,74,-1,resortlife,49,46,-3,atlantahairstylist,72,71,-1,nebulizer,160,160,0,nebulizer,160,160,0,ancientmystery,165,163,-2,falldecor,6,6,0,falldecor,6,6,0,footballcards,51,51,0,motivasidiri,57,57,0,rollercoasterride,104,99,-5,siblinglove,41,38,-3,frisianhorse,119,117,-2,الشاعر,119,119,0,reddington,61,61,0,trap,86,87,1,bluelock,60,57,-3,hygeine,106,105,-1,sleevetattoo,80,74,-6,avgeek,5,6,1,hammocklife,30,27,-3,diamond,68,66,-2,踊ってみた,105,104,-1,viralll_video,62,60,-2,gatostiktok,145,143,-2,собаки,166,164,-2,sesiondefotos,14,14,0,crevicecleaningbrush,189,187,-2,strangersession,31,28,-3,physics,1,1,0,slimevideo,43,40,-3,frierencosplay,69,66,-3,textingsecrets,75,74,-1,,,,,cowboysnation,93,84,-9,racing,30,28,-2,unexplained,8,8,0,videoediting,75,73,-2,footballcards,51,51,0,resortlife,49,46,-3,авто,114,114,0,arthurmorgan,74,73,-1,حيوانات,162,158,-4
diamond,70,68,-2,structuredliteracy,128,126,-2,bleachedit,150,150,0,pumpkinpainting,143,138,-5,streetracing,98,97,-1,babytoys,31,27,-4,babytoys,31,27,-4,over50beauty,110,113,3,barbershop,34,36,2,fallnails,3,4,1,financialtips,115,108,-7,tile,51,53,2,toppsfootball,62,61,-1,tile,51,53,2,collegediml,111,111,0,laughing,23,24,1,policechase,46,41,-5,footballvideo,106,104,-2,cocinando,129,130,1,journalideas,64,62,-2,跳鼓陣,124,122,-2,salsadancing,175,176,1,75hardchallenge,148,144,-4,mushroomcoffee,111,110,-1,crumbl,3,3,0,collegetok,82,82,0,ryleearnold,147,142,-5,,,,,skipping,120,117,-3,joshuavan,123,121,-2,earlypregnancy,156,154,-2,financialtips,115,108,-7,figpartner,38,35,-3,coffeetiktok,27,28,1,orlandofoodie,60,60,0,vloggingcamera,101,99,-2,reddeadredemption2,78,77,-1,scenicviews,54,51,-3,halfuphalfdown,73,72,-1,therabreathpartner,163,163,0,therabreathpartner,163,163,0,criminallaw,27,24,-3,diyproject,7,7,0,diyproject,7,7,0,happymeal,64,64,0,insprational,101,101,0,breakdancer,105,100,-5,75hard,73,70,-3,funnychicken,130,128,-2,energyreading,132,132,0,shortdrama,63,63,0,ninevicious,103,104,1,filmclips,99,96,-3,handcream,110,109,-1,tattoolovers,97,91,-6,kukirin,6,7,1,carpe,31,28,-3,fashionfinds,69,67,-2,salsadancing,107,106,-1,reemartin🇵🇭,92,90,-2,babymonkey,150,148,-2,cattree,184,182,-2,cameragear,16,16,0,cleaningtip,44,41,-3,innerwork,71,68,-3,anatomy,2,2,0,oddlysatisfyingvideos,48,45,-3,keeganruss,73,70,-3,2026newyeareffecttutorial,81,80,-1,,,,,texans,101,92,-9,disneyparks,33,31,-2,ghosts,9,9,0,vlogcamera,79,77,-2,happymeal,64,64,0,scenicviews,54,51,-3,squatttedtrucks🤢,117,117,0,reddeadredemption2,77,76,-1,natureisamazing,172,168,-4
fashionfinds,71,69,-2,scholarshipopportunities,152,150,-2,yugioh,166,166,0,caricatures,75,69,-6,dumptruck,107,106,-1,babyvideo,34,30,-4,babyvideo,34,30,-4,lipcombotutorial,121,124,3,lipgloss,42,44,2,nailtutorial,4,5,1,xauusd,141,134,-7,agricultura,62,64,2,partycups,76,75,-1,agricultura,62,64,2,collegesenior,118,118,0,aldorendon,44,45,1,thunderstorm,51,46,-5,bullseye,148,146,-2,foodtok,1,1,0,dıy,78,76,-2,新竹都城隍廟奉旨賑孤遶境,129,127,-2,bachatadominicana,193,194,1,artofnoticing,198,194,-4,cokepartner,161,160,-1,eatwithme,4,4,0,abogada,84,84,0,eyekons,57,51,-6,,,,,ejercicios,121,118,-3,chaelsonnen,152,150,-2,motherhoodmoments,164,162,-2,xauusd,141,134,-7,aldishopping,39,36,-3,crumbl,28,29,1,thingstodoindc,92,92,0,samsungcase,109,107,-2,warthunder,79,78,-1,postcardcabins,55,52,-3,cuidadodelcabello,74,73,-1,fluoridefree,190,190,0,fluoridefree,190,190,0,mapanimation,49,46,-3,roomdecor,8,8,0,roomdecor,8,8,0,educationaltoys,71,71,0,wisdomforlife,145,145,0,darkuniverse,106,101,-5,resinart,78,75,-3,ganadero,123,120,-3,leviwand,136,136,0,moviescenes,109,109,0,oldies,108,109,1,alightmotion,113,110,-3,chocomusk,113,112,-1,realistictattoo,137,131,-6,usaf,8,9,1,outdoorsman,38,35,-3,chic,73,71,-2,bachatadominicana,120,119,-1,b그리기,94,92,-2,chewypartner,155,153,-2,sphynxoftiktok,192,190,-2,selfportrait,25,25,0,yugou,91,88,-3,elopementphotographer,110,107,-3,astronomy,3,3,0,asmrwhispering,55,52,-3,fursuitmaking,76,73,-3,privacytips,94,93,-1,,,,,colts,110,101,-9,survival,35,33,-2,scarytok,10,10,0,protectyourphone,91,89,-2,educationaltoys,71,71,0,postcardcabins,55,52,-3,fastnloud,124,124,0,warthunder,78,77,-1,panda,13,8,-5
chic,75,73,-2,степени,173,171,-2,theamazingworldofgumball,168,168,0,artistsontiktok,87,81,-6,squatttedtrucks🤢,113,112,-1,momboy,36,32,-4,momboy,36,32,-4,diylashextensions,122,125,3,ceravepartner,52,54,2,diynails,5,6,1,tiktokadsmanager,148,141,-7,classroommanagement,83,85,2,ryanandangie,94,93,-1,classroommanagement,83,85,2,advancedplacement,178,178,0,elmexitachi,75,76,1,1stamendment,58,53,-5,tenis,173,171,-2,foodtiktok,2,2,0,diyparty,94,92,-2,台北双連社,150,148,-2,dance,1,1,0,romanticizingmylife,200,196,-4,bartenderlife,23,21,-2,asmrfood,13,13,0,mastersdegree,88,88,0,jeonjungkook,62,56,-6,,,,,dancefitness,122,119,-3,хоккей,86,83,-3,familyof3,166,164,-2,tiktokadsmanager,148,141,-7,candiedgrapes,47,44,-3,eatwithme,29,30,1,orlandothingstodo,95,95,0,realme,111,109,-2,csgo,80,79,-1,exploretheworld,73,70,-3,naturalhaircare,89,88,-1,chiropractor,8,7,-1,chiropractor,8,7,-1,hiddenamerica,99,96,-3,homeessentials,9,9,0,homeessentials,9,9,0,toddlergift,72,72,0,coralsantoro,169,169,0,wildwaves,114,109,-5,cricut,97,94,-3,bottlecalf,155,152,-3,pisces,15,14,-1,chinesedrama,116,116,0,teacherhumor,116,117,1,premierleague,117,114,-3,diorparfums,176,175,-1,christiantattooartist,165,159,-6,heybike,11,12,1,щука,44,41,-3,pajamas,76,74,-2,merenguechallenge,126,125,-1,vanhhhh05,178,176,-2,gatos,28,25,-3,gato,32,29,-3,cancunbeach,33,33,0,学会快去试试吧,94,91,-3,happyanniversary,114,111,-3,nasa,4,4,0,vactok,60,57,-3,showinfantil,77,74,-3,privacyhack,119,118,-1,,,,,obj,82,72,-10,run,36,34,-2,spirits,11,11,0,aiglasses,94,92,-2,toddlergift,72,72,0,exploretheworld,73,70,-3,q50,125,125,0,csgo,79,78,-1,snail,55,50,-5
pajamas,78,76,-2,kidslearningvideos,191,189,-2,selfship,193,193,0,chuky,152,146,-6,fastnloud,119,118,-1,momboy💙,45,41,-4,momboy💙,45,41,-4,skinceuticalspartner,135,138,3,wavyhair,58,60,2,acrylicnails,6,7,1,printondemand,152,145,-7,silage,163,165,2,boardgamegeek,121,120,-1,silage,163,165,2,ultimoaño,185,185,0,medicalhumor,78,79,1,verdictwatch,62,57,-5,footballseasonisback,192,190,-2,dinnerideas,3,3,0,creativediy,99,97,-2,稻江八大軒社,151,149,-2,dancechallenge,2,2,0,bigwalk,40,35,-5,dirtysoda,25,23,-2,crunchyasmr,19,19,0,astrophysics,101,101,0,famosos,75,69,-6,,,,,reformer,141,138,-3,climbingtiktok,93,90,-3,bigfamily,17,14,-3,printondemand,152,145,-7,boilingcrab,49,46,-3,tiktokfood,40,41,1,kbbq,96,96,0,cordlesstools,123,121,-2,play,88,87,-1,jacksonholewyoming,97,94,-3,hairshedding,99,98,-1,posture,34,33,-1,posture,34,33,-1,britishhistory,101,98,-3,cleaninghacks,10,10,0,cleaninghacks,10,10,0,coleccion,95,95,0,ambición,196,196,0,halloweenhaunt,157,152,-5,bumpdate,110,107,-3,vidarural,179,176,-3,signoszodiacales,31,30,-1,larosadeguadalupe,123,123,0,piercetheveil,121,122,1,virgo,140,137,-3,perfumereview,28,26,-2,coveruptattoo,37,30,-7,pilotlife,12,13,1,fishon,45,42,-3,vintedseller,80,78,-2,betterindenim,152,151,-1,ซูหลินไทเป🇹🇼🇹🇭,181,179,-2,doglovers,31,28,-3,seniordog,58,55,-3,ohiophotographer,37,37,0,生活小技巧,109,106,-3,bfbfbf,128,125,-3,humanbody,5,5,0,asmrwhisper,76,73,-3,magicteaching,109,106,-3,小火箭节点,151,150,-1,,,,,fantasyfootballdraft,98,88,-10,hockey,37,35,-2,area51,13,13,0,epikapp,115,113,-2,coleccion,95,95,0,jacksonholewyoming,97,94,-3,truckmods,135,135,0,play,87,86,-1,gecko,60,55,-5
vintedseller,82,80,-2,умскул,14,11,-3,gohan,196,196,0,adultcoloring,45,38,-7,q50,120,119,-1,nicumom,47,43,-4,nicumom,47,43,-4,nogluelashes,187,190,3,lipstain,69,71,2,nailsalon,7,8,1,affordability,163,156,-7,plumbing,5,6,1,weddinggames,162,161,-1,plumbing,5,6,1,iloveschool,191,191,0,familyhumor,93,94,1,criminaljustice,133,128,-5,hooper,26,23,-3,baking,6,6,0,balloontutorial,104,102,-2,潮汕英歌舞,10,7,-3,dancetrend,3,3,0,dayinthelifevlog,50,45,-5,falldrink,56,54,-2,asmrmukbang,21,21,0,asvab,103,103,0,tupacshakur,89,83,-6,,,,,wristpain,190,187,-3,girlfight,125,122,-3,siblinglove,19,16,-3,affordability,163,156,-7,cakeinspo,54,51,-3,burger,44,45,1,seafoodlovers,98,98,0,ipadaccessories,132,130,-2,fps,114,113,-1,coloradotravel,120,117,-3,dreadlocks,122,121,-1,neurology,117,116,-1,neurology,117,116,-1,aztecas,121,118,-3,housetour,17,17,0,housetour,17,17,0,cardcollecting,116,116,0,achieveyourdreams,199,199,0,skyride,159,154,-5,morningroutines,111,108,-3,gallina,49,45,-4,medium,39,38,-1,lotr,130,130,0,undergroundartist,133,134,1,bonnieblue,141,138,-3,tomford,43,41,-2,tattooartists,42,35,-7,bikebus,153,154,1,huntinglife,62,59,-3,workoutset,151,149,-2,tamborine,153,152,-1,notrisaaa,195,193,-2,cows,43,40,-3,animallovers,75,72,-3,boudoirphotographer,38,38,0,khumuitulanh,162,159,-3,iloveyoumore,137,134,-3,sciencetok,6,6,0,noglueslime,111,108,-3,mcytcosplay,176,173,-3,aplicacion,162,161,-1,,,,,braves,100,90,-10,cheerleading,38,36,-2,extraterrestre,28,28,0,ipadaccessories,151,149,-2,cardcollecting,116,116,0,coloradotravel,120,117,-3,carproblems,161,161,0,cdl,91,90,-1,birdlovers,62,57,-5
workoutset,153,151,-2,sightwords,31,28,-3,gojo,9,8,-1,coloringpage,127,120,-7,truckmods,130,129,-1,cutekids,51,47,-4,cutekids,51,47,-4,antiaging,17,19,2,darkcircles,117,119,2,nailpolish,11,12,1,cashenvelopes,179,172,-7,jobs,9,10,1,ekpartner,170,169,-1,jobs,9,10,1,dormessentials,7,6,-1,смехдослез,133,134,1,democracy,134,129,-5,memphis,28,25,-3,pizza,7,7,0,preschoolathome,119,117,-2,0817,21,18,-3,dances,4,4,0,schoolmorningroutine,103,98,-5,michelada,64,62,-2,buldakcarbonara,33,33,0,ancientmysteries,109,109,0,celebritygossip,126,120,-6,,,,,fitnessequipment,198,195,-3,исламмахачев,133,130,-3,maternidade,29,26,-3,cashenvelopes,179,172,-7,wny,58,55,-3,costcofinds,45,46,1,denverfood,104,104,0,ugreen,157,155,-2,fc24,138,137,-1,cruisetravel,144,141,-3,rosemary,128,127,-1,firstaid,118,117,-1,firstaid,118,117,-1,ancienttechnology,122,119,-3,homerenovation,23,23,0,homerenovation,23,23,0,traxxas,146,146,0,motivasihidup,36,35,-1,skyrider,165,160,-5,babyregistrymusthaves,117,114,-3,cowlover,50,46,-4,santamuertedevotee,47,46,-1,televisa,132,132,0,readersoftiktok,138,139,1,familyguy,143,140,-3,fragrancereview,45,43,-2,finelinetattoos,48,41,-7,johndeere,1,1,0,mathewsarchery,63,60,-3,styling,155,153,-2,indiandance,170,169,-1,downwardsmile,11,8,-3,hamster,44,41,-3,guarddog,79,76,-3,arizonaphotographer,39,39,0,cairanpembersih,163,160,-3,weddingflorals,138,135,-3,medicalanimation,7,7,0,фондлящп,149,146,-3,spidergirl,26,22,-4,iosapp,173,172,-1,,,,,brewers,134,124,-10,liverpool,62,60,-2,creppy,31,31,0,onefish,164,162,-2,traxxas,146,146,0,cruisetravel,144,141,-3,bubbatruck🌾,22,21,-1,standoff2,140,139,-1,ballpython,63,58,-5
styling,157,155,-2,essaywriting,36,33,-3,manga,10,9,-1,illustrationart,162,155,-7,carproblems,155,154,-1,декрет,74,70,-4,декрет,74,70,-4,lipgloss,18,20,2,cosmetology,120,122,2,glamnetic,31,32,1,educacionfinanciera,65,57,-8,building,10,11,1,memorygame,177,176,-1,building,10,11,1,gradschool,8,7,-1,datinghumor,164,165,1,noticiasdehoy,195,190,-5,mediaday,31,28,-3,easyrecipes,12,12,0,decoraciondefiestas,122,120,-2,巷仔媽,91,88,-3,2persondance,5,5,0,birthdaycelebration,43,37,-6,homebar,67,65,-2,sistersisterz,35,35,0,raylewis,110,110,0,thevoice,131,125,-6,,,,,ejercicioencasa,26,22,-4,thrasher,179,176,-3,pregnancytest,35,32,-3,educacionfinanciera,65,57,-8,walmartdelivery,62,59,-3,comfortfood,50,51,1,dallasrestaurants,108,108,0,borescope,158,156,-2,standoff2,144,143,-1,mexicotravel,24,20,-4,sidepart,151,150,-1,supplements,10,8,-2,supplements,10,8,-2,prehistoria,134,131,-3,decoration,24,24,0,decoration,24,24,0,squishies,4,3,-1,lifewisdom,38,37,-1,lakehickoryhaunts,169,164,-5,parto,124,121,-3,cowhorse,72,68,-4,signos,65,64,-1,gilmoregirls,8,7,-1,choir,156,157,1,corridos,146,143,-3,newfragrance,51,49,-2,meaningfultattoo,59,52,-7,lakeoftheozarks,3,3,0,outdoorsurvival,180,177,-3,marshalls,173,171,-2,poleclass,191,190,-1,جنيد_العز_بوادي_غرب_دارفور🐪👑,38,35,-3,cutecats,68,65,-3,funnydogvideos,86,83,-3,jcpenneyphotoshoot,42,42,0,thungrac,166,163,-3,bwwm,152,149,-3,earthscience,22,22,0,crushing,45,41,-4,cosplaywig,30,26,-4,editarfotos,176,175,-1,,,,,orioles,144,134,-10,highschoolfootball,28,25,-3,duende,59,59,0,shokz,166,164,-2,squishies,4,3,-1,mexicotravel,24,20,-4,johndeere,30,29,-1,rocketleaguehighlights,144,143,-1,animalattack,76,71,-5
marshalls,175,173,-2,testprep,37,34,-3,familyguy,35,34,-1,artlovers,165,158,-7,escalade,175,174,-1,kidscarto,78,74,-4,kidscarto,78,74,-4,nightroutine,19,21,2,kidshairstyles,157,159,2,stilletonails,59,60,1,ecommercetips,66,58,-8,heavymachinery,50,51,1,retosdivertidos,184,183,-1,heavymachinery,50,51,1,classreunion,23,22,-1,prank,1,1,0,usnews,37,31,-6,sportsmom,84,81,-3,lunch,13,13,0,ringholder,130,128,-2,大二爺,110,107,-3,dancestolearn,6,6,0,summerdump,53,47,-6,horchata,84,82,-2,fastfoodreview,40,40,0,psicologiaoscura,151,151,0,1000lbsisters,95,88,-7,,,,,vibrationplate,32,28,-4,iceskating,25,21,-4,ilovemymom,38,35,-3,ecommercetips,66,58,-8,proteinbars,71,68,-3,cocina,51,52,1,taqueria,114,114,0,comfyfit,163,161,-2,rocketleaguehighlights,148,147,-1,solotrip,51,47,-4,haircaretips,26,24,-2,massagetherapy,14,12,-2,massagetherapy,14,12,-2,arqueologia,142,139,-3,hogar,27,27,0,hogar,27,27,0,dollcollector,36,35,-1,awareandaggravated,40,39,-1,chicagowithkids,190,185,-5,birthdaycard,134,131,-3,cowdancing,122,118,-4,escorpio,68,67,-1,shameless,10,9,-1,guitarra,165,166,1,karolg,47,43,-4,perfumesarabes,59,57,-2,facetattoos,69,62,-7,outboard,47,47,0,bigbuck,29,25,-4,westernfashion,41,38,-3,swingdance,44,42,-2,emojiimitation,40,37,-3,safari,81,78,-3,britishshorthair,88,85,-3,selfiesticktripod,54,54,0,vesinhlongmaygiat,186,183,-3,militarygf,153,150,-3,scienceforkids,46,46,0,scratching,51,47,-4,midsummerscream,38,34,-4,epikapp,15,13,-2,,,,,losangelesrams,50,39,-11,mediaday,47,44,-3,こうぞう切り抜き,65,65,0,iphonecharger,190,188,-2,dollcollector,36,35,-1,solotrip,51,47,-4,carsales,31,30,-1,theburntpeanut,164,163,-1,mundoanimal,79,74,-5
westernfashion,43,40,-3,scienceofreading,41,38,-3,adventuretime,38,37,-1,murals,167,160,-7,camaro,29,27,-2,7months,85,81,-4,7months,85,81,-4,sensitiveskin,20,22,2,pimplepatch,175,177,2,btartboxnails,84,85,1,vendingmachinebusiness,144,136,-8,amazondelivery,65,66,1,bgg,189,188,-1,amazondelivery,65,66,1,schoolvlog,34,33,-1,skit,2,2,0,laka,80,74,-6,studentathlete,114,111,-3,buldak,16,16,0,journalinspiration,137,135,-2,廟會大猩猩,172,169,-3,ballet,7,7,0,mommorningroutine,74,68,-6,drinkmix,127,125,-2,snackreview,41,41,0,gradschoollife,166,166,0,paytonking,97,90,-7,,,,,fitnessmotivaton,33,29,-4,iangarry,96,92,-4,raisingboys,61,58,-3,vendingmachinebusiness,144,136,-8,freezedry,92,89,-3,chinesefood,52,53,1,disneyeats,141,141,0,cargadorportátil,166,164,-2,theburntpeanut,168,167,-1,visit,57,53,-4,hairhack,32,30,-2,supplementsthatwork,32,30,-2,supplementsthatwork,32,30,-2,segundaguerramundial,150,147,-3,architecture,33,33,0,architecture,33,33,0,hellokittylover,37,36,-1,autoconfianza,46,45,-1,firstdisneytrip,199,194,-5,fallcrafts,135,132,-3,heifer,134,130,-4,hekate,99,98,-1,transformers,14,13,-1,karolg,7,7,0,frenchmusic,86,82,-4,bodybutter,60,58,-2,nyctattooartist,70,63,-7,sukhoi,55,55,0,bigcatch,41,37,-4,unboxingvideo,44,41,-3,balletclass,84,82,-2,等待有緣的你,46,43,-3,insects,86,83,-3,beagle,96,93,-3,beginnerphotographer,65,65,0,ovenclean,65,61,-4,1yearanniversary,157,154,-3,exoplanets,92,92,0,spongeasmr,54,50,-4,decayedbrigade,40,36,-4,aitips,16,14,-2,,,,,dolphins,61,50,-11,cheerleader,54,51,-3,elizabethfritzl,79,79,0,temperedglass,199,197,-2,hellokittylover,37,36,-1,visit,57,53,-4,mallory,39,38,-1,nba2k,13,11,-2,amazinganimals,85,80,-5
unboxingvideo,46,43,-3,mcatstudying,53,50,-3,miraculousladybug,66,65,-1,showingmyart,176,169,-7,insta360,32,30,-2,medicallycomplex,87,83,-4,medicallycomplex,87,83,-4,ceravepartner,21,23,2,bridalmakeup,177,179,2,utahnailtech,88,89,1,digitalincome,188,180,-8,drywallrepair,104,105,1,charlesandsylvia,19,17,-2,drywallrepair,104,105,1,pepperdine,51,50,-1,memes,3,3,0,usimmigration,93,87,-6,baller,117,114,-3,snack,18,18,0,diysquishy,14,11,-3,全台白龍庵台北天振如性振賢堂,186,183,-3,easydance,8,8,0,wellnessgirl,97,91,-6,percolator,136,134,-2,tacobellpartner,44,44,0,abrahamlincoln,170,170,0,akademiks,100,93,-7,,,,,chestday,38,34,-4,downhill,116,112,-4,34weekspregnant,77,74,-3,digitalincome,188,180,-8,varietypack,94,91,-3,wieiad,68,69,1,lasvegasfoodie,159,159,0,temperedglass,176,174,-2,nba2k,13,11,-2,couplesgetaway,64,60,-4,barberlife,33,31,-2,toothache,68,66,-2,toothache,68,66,-2,warhistory,45,41,-4,yardwork,34,34,0,yardwork,34,34,0,squishytok,50,49,-1,growthseason,49,48,-1,punchingmachine,79,73,-6,parentingteens,144,141,-3,куры,139,135,-4,nuevajersey,127,126,-1,slavicbeauty,18,17,-1,rodwave,8,8,0,sukuna,89,85,-4,fallscents,65,63,-2,orlandotattooartist,83,76,-7,towboatlife,116,116,0,elkhunting,52,48,-4,baggyjeans,83,80,-3,cwalkdance,86,84,-2,🥰😍🤗,48,45,-3,perro,95,92,-3,catfood,130,127,-3,christmasphotoshoot,93,93,0,tipsparaelhogar,89,85,-4,longdistancerelationships,178,175,-3,chemtok,122,122,0,gsycandles,145,141,-4,bleachcosplay,53,49,-4,chatgpttips,18,16,-2,,,,,baltimoreravens,81,70,-11,golfer,56,53,-3,goatman,133,133,0,wifi,44,41,-3,squishytok,50,49,-1,couplesgetaway,64,60,-4,carcleaning,40,39,-1,fivenightsatfreddys,37,35,-2,monkeyface,103,98,-5
baggyjeans,85,82,-3,atiteas,54,51,-3,looneytunes,84,83,-1,myartwork,183,176,-7,carrepair,34,32,-2,babyfeeding,89,85,-4,babyfeeding,89,85,-4,makeuptok,22,24,2,skincareroutine,8,9,1,podologia,132,133,1,makeupremoval,99,90,-9,arboleros,120,121,1,boardgametok,38,36,-2,arboleros,120,121,1,senioritis,65,64,-1,мем,4,4,0,johnpaulmiller,113,107,-6,tennisplayer,126,123,-3,kitchengadgets,25,25,0,handmadecraft,30,27,-3,0223,19,15,-4,viraldance,9,9,0,nighttimevlog,160,154,-6,cokezero,141,139,-2,pizzareview,50,50,0,blackhistory,10,9,-1,lcdlf,155,148,-7,,,,,beastmode,67,63,-4,dobronx,141,137,-4,birthprep,105,102,-3,makeupremoval,99,90,-9,hospitalfood,102,99,-3,pumpkinspicelatte,95,96,1,acaibowl,162,162,0,wifi,40,37,-3,fivenightsatfreddys,38,36,-2,cabingetaway,84,80,-4,peinados,41,39,-2,doctorexplains,76,74,-2,doctorexplains,76,74,-2,weirdhistory,46,42,-4,bedroommakeover,36,36,0,bedroommakeover,36,36,0,nerf,53,52,-1,positivemotivation,50,49,-1,carnivalmagic,109,103,-6,lifestylevlog,86,82,-4,جقله_الخير_جقله_العز❤,148,144,-4,توقعات,138,137,-1,superman,45,44,-1,brunomars,13,13,0,patrickclancy,98,94,-4,духи,71,69,-2,tattooideasforgirls,108,101,-7,f18,41,40,-1,huntingblind,66,62,-4,tummycontrol,91,88,-3,boogiewoogie,109,107,-2,parademeolhar,52,49,-3,puglife,126,123,-3,kittycatsoftiktok,144,141,-3,gimbalstabilizer,98,98,0,pembersihserbaguna,116,112,-4,marriagetok,49,45,-4,quantumentanglement,127,127,0,crushingasmr,173,169,-4,kemono,71,67,-4,homescreen,35,33,-2,,,,,newyorkgiants,91,80,-11,pump,98,95,-3,hesnotreal,189,189,0,creatortips,66,63,-3,nerf,53,52,-1,cabingetaway,84,80,-4,autorepair,54,53,-1,fps,112,110,-2,قرودمضحكه,110,105,-5
tummycontrol,93,90,-3,lettersounds,113,110,-3,voiceactor,89,88,-1,drawingart,172,164,-8,turbo,41,39,-2,grandbabies,103,99,-4,grandbabies,103,99,-4,drmelaxin,23,25,2,perfumetiktok,9,10,1,nailart,1,1,0,comprarcasa,105,96,-9,masonry,159,160,1,gamechallenges,60,58,-2,masonry,159,160,1,paschooljourney,81,80,-1,юмор,5,5,0,abc7news,121,115,-6,cricket,133,130,-3,yum,32,32,0,badgereel,37,34,-3,霧峰和鑫宮,71,67,-4,bailando,10,10,0,livinginnyc,176,170,-6,matchatrend,144,142,-2,whatieat,51,51,0,seniors,15,14,-1,eddiezepeda,162,155,-7,,,,,workouttips,79,75,-4,tna,156,152,-4,grossesse,116,113,-3,comprarcasa,105,96,-9,grocerybudget,130,127,-3,foodasmr,96,97,1,mexicanfood,4,3,-1,neckmassager,82,79,-3,rockstargames,22,19,-3,bigbend,100,96,-4,barberia,76,74,-2,dieta,100,98,-2,dieta,100,98,-2,leyes,67,63,-4,deepclean,39,39,0,deepclean,39,39,0,legodc,169,168,-1,valorpropio,61,60,-1,батуты,134,128,-6,plannertok,89,85,-4,milking,182,178,-4,remoteviewing,174,173,-1,tylerperry,65,64,-1,festival,29,29,0,dancetrend,104,100,-4,3dwhitestrips,79,77,-2,tattoojourney,145,138,-7,fighterjets,54,53,-1,карась,68,64,-4,bodysuit,108,105,-3,bailandocumbia,125,123,-2,_onlynaynay_,56,53,-3,bunniesoftiktok,127,124,-3,catoftiktok,156,153,-3,canonr6markii,100,100,0,goodtips,122,118,-4,relationshiptruth,84,80,-4,sciart,140,140,0,asmrrugcleaning,191,187,-4,upminaa,72,68,-4,aiforbeginners,69,67,-2,,,,,bluejays,131,120,-11,ucl,141,138,-3,scarytiktoks,7,6,-1,iphonetricks,85,82,-3,legodc,169,168,-1,bigbend,100,96,-4,carmods,64,63,-1,fc24,135,133,-2,redfox,115,110,-5
bodysuit,110,107,-3,studymethod,117,114,-3,totaldrama,91,90,-1,diypainting,84,75,-9,carmods,63,61,-2,toddlerlearningactivities,189,185,-4,toddlerlearningactivities,189,185,-4,lipliner,25,27,2,hairtutorial,10,11,1,pressonnails,2,2,0,creditcarddebt,106,97,-9,remotejob,176,177,1,rockpaperscissorsshoot,87,85,-2,remotejob,176,177,1,gwu,84,83,-1,humortiktok,6,6,0,дтп,137,131,-6,footballplayer,152,149,-3,lonche,39,39,0,feltcraft,125,122,-3,liondancechampionship,79,75,-4,danceteam,13,13,0,morningmotivation,30,23,-7,beverage,148,146,-2,foodchallege,56,56,0,gradschool,26,25,-1,boosie,181,174,-7,,,,,kettlebellworkout,81,77,-4,mtblife,157,153,-4,fatherslove,136,133,-3,creditcarddebt,106,97,-9,scooping,154,151,-3,birthdaycake,107,108,1,brunch,11,10,-1,iphone17case,98,95,-3,eldenring,54,51,-3,peacefulnature,155,151,-4,hairproducts,91,89,-2,womenswellness,31,28,-3,womenswellness,31,28,-3,indigenoushistory,80,76,-4,homescents,60,60,0,homescents,60,60,0,prankgift,193,192,-1,motivationapp,66,65,-1,amusementride,148,142,-6,creativephotography,121,117,-4,daisymae,185,181,-4,zodiacmemes,196,195,-1,jjmaybank,81,80,-1,alexwarren,44,44,0,haikyuu,110,106,-4,exfoliate,83,81,-2,tattoosoftiktok,170,163,-7,traktor,122,121,-1,hunttok,90,86,-4,curvyfashion,109,106,-3,dancechallange,139,137,-2,ariansyah_551,57,54,-3,elephant,133,130,-3,puglove,186,183,-3,pgytech,109,109,0,foamingdraincleaner,127,123,-4,cheatingstory,89,85,-4,magneticfield,145,145,0,rugscraping,193,189,-4,yuricosplay,94,90,-4,notebooklm,79,77,-2,,,,,nygiants,132,121,-11,streetoutlaws,142,139,-3,possessed,35,34,-1,bloodpressuremonitor,86,83,-3,prankgift,193,192,-1,peacefulnature,155,151,-4,gasmonkeygarage,165,164,-1,combo,199,197,-2,beardie,149,144,-5
curvyfashion,111,108,-3,قدرات,118,115,-3,chiikawa,103,102,-1,fishart,120,111,-9,carro,117,115,-2,pamperspartner,19,14,-5,pamperspartner,19,14,-5,макияж,33,35,2,hairstylist,11,12,1,nailcare,10,10,0,dsu,113,104,-9,woodworking,1,1,0,ajedrez,97,95,-2,woodworking,1,1,0,mcatstudying,85,84,-1,standup,7,7,0,llaw,140,134,-6,volleyballworld,95,91,-4,birthdaycake,59,59,0,diystickers,160,157,-3,官將首🎭,107,103,-4,tiktokdances,14,14,0,lymphoma,65,58,-7,bananabreadlatte,199,197,-2,conmuchoamor❤️❤️,68,68,0,communitycollege,31,30,-1,yolanda,70,62,-8,,,,,hipmobility,98,94,-4,dwcs,162,158,-4,pregnancyreveal,137,134,-3,dsu,113,104,-9,platters,41,37,-4,foodtruck,121,122,1,birria,22,21,-1,flashdrive,125,122,-3,counterstrike,117,114,-3,hotelstay,178,174,-4,wigstyling,102,100,-2,fertility,43,40,-3,fertility,43,40,-3,extranjeros,82,78,-4,homecleaning,62,62,0,homecleaning,62,62,0,toddlertoys,27,25,-2,motivationalreels,76,75,-1,magickingdompark,81,74,-7,raisingboys,137,133,-4,rescuehorse,95,90,-5,magia,27,25,-2,adultsfx,88,87,-1,drill,62,62,0,standupcomedy,111,107,-4,perfumelovers,86,84,-2,boldwillhold,195,188,-7,flightfacts,154,153,-1,huntingtok,103,99,-4,oldnavy,118,115,-3,powwowdancer,141,139,-2,collb,66,63,-3,fetch,153,150,-3,olddog,191,188,-3,bestfriendphotoshoot,117,117,0,keupchendia,137,133,-4,behispeace,113,109,-4,lightpollution,147,147,0,tracing,69,64,-5,maskedwoman,127,123,-4,adobecreativecloud,103,101,-2,,,,,denverbroncos,133,122,-11,baller,180,177,-3,aliensarereal,36,35,-1,iphone18pro,89,86,-3,toddlertoys,27,25,-2,hotelstay,178,174,-4,fordmustang,168,167,-1,rockstargames,22,19,-3,enclosure,176,171,-5
oldnavy,120,117,-3,placevalue,136,133,-3,totaldramaisland,104,103,-1,artmajor,140,131,-9,truckers,180,178,-2,sleeptraining,38,33,-5,sleeptraining,38,33,-5,pinkblush,44,46,2,cologne,12,13,1,мастерманикюра,33,33,0,startups,139,130,-9,welding,2,2,0,juegodemesa,109,107,-2,welding,2,2,0,csula,89,88,-1,standupcomedy,8,8,0,schoolsafety,192,186,-6,quarterback,98,94,-4,kitchenhack,96,96,0,moñosparaniñas,166,163,-3,過溝建德宮火燈夜巡,130,126,-4,dancetutorial,15,15,0,tics,69,62,-7,bartender,10,7,-3,cheesynoodles,77,77,0,maths,35,34,-1,thenandnow,80,72,-8,,,,,strengthandconditioning,102,98,-4,batista,183,179,-4,twinbirth,142,139,-3,startups,139,130,-9,birthdaycakes,42,38,-4,dirtysoda,124,125,1,chickenandwaffles,25,24,-1,onefish,145,142,-3,redditstory,123,120,-3,scotlandtravel,181,177,-4,curlyhairproducts,105,103,-2,ceelike,44,41,-3,ceelike,44,41,-3,historicalfigures,104,100,-4,decoracion,65,65,0,decoracion,65,65,0,bagcharm,28,26,-2,dailymotivational,113,112,-1,disneybirthday,112,105,-7,duedate,185,181,-4,horsetack,146,141,-5,birthchart,43,41,-2,ultron,112,111,-1,freedurk,63,63,0,clancy,130,126,-4,bodyodor,92,90,-2,nasallang,199,192,-7,boattour,56,54,-2,сом,114,110,-4,crossbodybag,132,129,-3,kpopdancechallenge,142,140,-2,جميع_انحاء_العالم🌍,76,73,-3,whitetail,162,159,-3,petparents,65,61,-4,zve10,125,125,0,tooltricks,181,177,-4,blackcatenergy,159,155,-4,surfacetension,152,152,0,cranialnerveexam,75,70,-5,megumincosplay,133,129,-4,iphoneapps,105,103,-2,,,,,nflfantasy,140,129,-11,horseriding,186,183,-3,thefaceofhorror,53,52,-1,findmy,96,93,-3,bagcharm,28,26,-2,scotlandtravel,181,177,-4,carinterior,177,176,-1,eldenring,53,50,-3,animalstory,105,99,-6
crossbodybag,134,131,-3,derivatives,149,146,-3,aicat,147,146,-1,fountainpenink,196,187,-9,chevelle,183,181,-2,babycare,43,38,-5,babycare,43,38,-5,newmakeup,100,102,2,hairinspo,15,16,1,nailinspiration,41,41,0,dgdeals,167,158,-9,electrician,3,3,0,dabloons,114,112,-2,electrician,3,3,0,ucmerced,90,89,-1,couplecomedy,9,9,0,court,17,10,-7,volleyballplayer,100,96,-4,dinnerrecipes,100,100,0,crochetlife,171,168,-3,台北迎城隍,140,136,-4,dancevideo,16,16,0,schoolvlog,73,66,-7,espressomartini,48,45,-3,大食い,156,156,0,classreunion,79,78,-1,supernanny,138,130,-8,,,,,fitnes,103,99,-4,byonsports,89,84,-5,18weekspregnant,179,176,-3,dgdeals,167,158,-9,schoolfood,74,70,-4,chickenrecipe,175,176,1,foodcritic,26,25,-1,humanoidrobot,161,158,-3,rockpaperfoodchallenge,125,122,-3,boattour,193,189,-4,peinado,160,158,-2,sciaticarelief,162,159,-3,sciaticarelief,162,159,-3,lostcivilization,124,120,-4,bedroominspo,79,79,0,bedroominspo,79,79,0,cardcollector,32,30,-2,dailyvibe,54,52,-2,disneylandtrip,124,117,-7,firsttimeparents,44,39,-5,friesianhorse,156,151,-5,geminis,86,84,-2,friendstvshow,162,161,-1,jonasbrothers,67,67,0,mashup,167,163,-4,perfumeoil,95,93,-2,inklife,68,60,-8,electricride,143,141,-2,pacu,132,128,-4,shoulderbag,136,133,-3,bachataromantica,188,186,-2,ratumona,90,87,-3,catfood,177,174,-3,sadcat,129,125,-4,photoshootideas,6,5,-1,생활정보,190,186,-4,boyfrien,167,163,-4,voyager2,186,186,0,scalpscratching,104,99,-5,furryadopt,182,178,-4,aiavatar,136,134,-2,,,,,jets,141,130,-11,tennisplayer,191,188,-3,bigfootsighting,54,53,-1,sharkvacuum,105,102,-3,cardcollector,32,30,-2,boattour,193,189,-4,carupgrade,181,180,-1,bonnie,137,134,-3,trailcamera,107,101,-6
shoulderbag,138,135,-3,squareroot,159,156,-3,marinette,160,159,-1,dailychallenge,55,45,-10,wrx,184,182,-2,startingsolids,53,48,-5,startingsolids,53,48,-5,hudabeauty,132,134,2,lorealparispartner,16,17,1,firenails,43,43,0,sp500,171,162,-9,jobsearch,4,4,0,logicgames,118,116,-2,jobsearch,4,4,0,graduatestudent,91,90,-1,prankvideo,10,10,0,nypd,56,49,-7,horseriding,122,118,-4,proteinsnack,139,139,0,knittingtutorial,184,181,-3,代巡轎班會,144,140,-4,1persondance,17,17,0,twentysomething,125,118,-7,morningcoffee,66,63,-3,chineesefood,169,169,0,viralmotivation,86,85,-1,doodielo,164,156,-8,,,,,gymsharkwomen,106,102,-4,ninadrama,118,113,-5,grieftok,34,30,-4,sp500,171,162,-9,сладости,89,85,-4,foodie,1,1,0,asianfood,29,28,-1,monitor,55,51,-4,zepetoapp,131,128,-3,amtrak,26,21,-5,scalpcare,44,41,-3,dentalhealth,27,23,-4,dentalhealth,27,23,-4,ohiohistory,130,126,-4,cleaningtok,95,95,0,cleaningtok,95,95,0,pokemoncollector,34,32,-2,julienblanc,84,82,-2,launchcoaster,129,122,-7,g7x,81,76,-5,geldingsoftiktok,159,154,-5,prosperidad,105,103,-2,serie,176,175,-1,acoustic,70,70,0,rodwave,50,45,-5,cyperusrotundusoil,133,131,-2,tattooprocess,94,86,-8,aviationeducation,146,144,-2,bonefish,136,132,-4,archive,143,140,-3,coverdance,39,36,-3,anglechallenge,108,105,-3,gato,37,33,-4,pupcup,152,148,-4,photoideas,7,6,-1,easytips,80,75,-5,manifestsp,192,188,-4,steamforkids,192,192,0,асмрзвуки,105,100,-5,cosplayprop,62,57,-5,mactips,179,177,-2,,,,,gopackgo,158,147,-11,footballhighlights,194,191,-3,paranormalstories,81,80,-1,iphone17case,111,108,-3,pokemoncollector,34,32,-2,amtrak,26,21,-5,camaro,29,27,-2,newgame,161,158,-3,reptilekeeper,108,102,-6
archive,145,142,-3,nursingstudytips,167,164,-3,kira,161,160,-1,liveweddingpainting,89,79,-10,dirtbikelife,195,193,-2,momcozybabymonitor,54,49,-5,momcozybabymonitor,54,49,-5,contour,139,141,2,lashclusters,17,18,1,principiante,69,69,0,fixandflip,175,166,-9,harvest,13,13,0,cuby,141,139,-2,harvest,13,13,0,lastfirstdayofschool,116,115,-1,risas,13,13,0,hispanosenusa,86,79,-7,ecnl,125,121,-4,recipe,5,4,-1,christmasornaments,70,66,-4,城隍祭,145,141,-4,dancesfor2people,20,20,0,rutinadiaria,136,129,-7,coldfoam,80,77,-3,foodchallenge,6,5,-1,wgu,107,106,-1,indiaroyale,167,159,-8,,,,,gymworkout,119,115,-4,xgames,129,124,-5,28weekspregnant,53,49,-4,fixandflip,175,166,-9,caketrends,98,94,-4,coffee,4,4,0,thingstodoinhouston,41,40,-1,magsafecase,69,65,-4,towerofhell,135,132,-3,grandcanyonnationalpark,80,75,-5,locsjourney,147,144,-3,hysterectomy,127,123,-4,hysterectomy,127,123,-4,psychologiefakten,174,170,-4,diyhomeprojects,113,113,0,diyhomeprojects,113,113,0,animefigure,39,37,-2,achieveyourgoals,93,91,-2,phantasialand,143,136,-7,newmomtips,129,124,-5,kikiriki,164,159,-5,lightworker,191,189,-2,tvshow,4,2,-2,rintintin,77,77,0,army,56,51,-5,ingrownhairs,169,167,-2,tattoosketch,136,128,-8,hondaboats,104,101,-3,deerblind,146,142,-4,zara,150,147,-3,burningup,54,51,-3,ib_officialz6,154,151,-3,lion,48,44,-4,котики,63,58,-5,creativephotography,8,7,-1,limpiezacocina,95,90,-5,missionarygirlfriend,196,192,-4,bennu,198,198,0,scentbeads,108,103,-5,kemonofursuit,97,92,-5,contenthack,27,24,-3,,,,,houstontexans,64,52,-12,dragracing,195,192,-3,evp,144,143,-1,solarlight,124,121,-3,animefigure,39,37,-2,grandcanyonnationalpark,80,75,-5,insta360,33,31,-2,clutch,186,183,-3,hyena,121,115,-6
zara,152,149,-3,репетиторпорусскомуязыку,178,175,-3,catnoir,162,161,-1,fluidart,185,175,-10,germancars,200,198,-2,reciennacido,63,58,-5,reciennacido,63,58,-5,morphe,169,171,2,beautytok,18,19,1,dndgel,74,74,0,inversioninmobiliaria,182,173,-9,woodworker,57,57,0,coinfamily,165,163,-2,woodworker,57,57,0,class2024,187,186,-1,funnypranks,14,14,0,policeencounter,103,96,-7,footballhighlights,129,125,-4,cake,9,8,-1,customtumbler,98,94,-4,青奇社,51,46,-5,dancetolearn,24,24,0,momnightroutine,153,145,-8,micheladas,105,102,-3,crabrangoon,43,42,-1,tudors,116,115,-1,quandorondo,179,171,-8,,,,,buildmuscle,126,122,-4,jaidaparker,175,170,-5,parentingteens,65,61,-4,inversioninmobiliaria,182,173,-9,snackfinds,129,125,-4,foodreview,5,5,0,thingstodoinatlanta,44,43,-1,iphonetricks,75,71,-4,bonnie,141,138,-3,adultsonly,159,154,-5,barbero,191,188,-3,adhdwomen,169,165,-4,adhdwomen,169,165,-4,criminallawyer,64,59,-5,venta,153,153,0,venta,153,153,0,puppets,84,82,-2,stopcaring,98,96,-2,azstatefair,147,140,-7,sobercurious,195,190,-5,deafhorsetrainer,120,114,-6,rubikscube,42,39,-3,obx,13,11,-2,corridostumbados,93,93,0,fantasyfootball,61,56,-5,scentoftheday,20,17,-3,utahtattooartist,148,140,-8,oceanliner,109,106,-3,bowtech,195,191,-4,handbag,166,163,-3,mashupdance,72,69,-3,girlswholikesgirls😍💯😍,184,181,-3,reptile,67,63,-4,chihuahuas,74,69,-5,fotografo,18,17,-1,toolstips,104,99,-5,girlfriendproposal,198,194,-4,popularscience,11,10,-1,asmrtrend,52,46,-6,partyprincess,21,15,-6,learnai,53,50,-3,,,,,sga,135,123,-12,footy,51,47,-4,paranormaltiktoks,158,157,-1,casely,134,131,-3,puppets,84,82,-2,adultsonly,159,154,-5,carrepair,35,33,-2,grandtheftauto,46,42,-4,cocodrilo,136,130,-6
handbag,168,165,-3,educacióninicial,189,186,-3,crystalgems,163,162,-1,chalkboardcalendar,187,177,-10,lexus,19,16,-3,материнство,69,64,-5,материнство,69,64,-5,skincareroutine,2,3,1,pressonnails,19,20,1,ingrownnail,76,76,0,southwestairlines,83,73,-10,goldmining,134,134,0,flagquiz,180,178,-2,goldmining,134,134,0,washu,189,188,-1,workhumor,15,15,0,crimen,110,103,-7,ballhog,141,137,-4,easydinner,34,33,-1,junkjournals,102,98,-4,左營廣濟宮震天府,99,94,-5,hiphopdance,33,33,0,readathon,173,165,-8,mixology,112,109,-3,soupdumplings,61,60,-1,weirdhistory,163,162,-1,rayj,196,188,-8,,,,,bodybuildingmotivation,132,128,-4,mercedesmone,196,191,-5,teamgirl,124,120,-4,southwestairlines,83,73,-10,cupcakesoftiktok,152,148,-4,foodtiktok,6,6,0,nycthingstodo,46,45,-1,galaxyprojector,86,82,-4,newgame,165,162,-3,brightline,174,169,-5,hairlosssolutions,200,197,-3,verrugas,175,171,-4,verrugas,175,171,-4,defensalegal,106,101,-5,bathroommusthave,193,193,0,bathroommusthave,193,193,0,youtooz,89,87,-2,selfforgiveness,120,118,-2,scarezone,59,51,-8,lifelately,72,66,-6,chickenlife,121,115,-6,sagittariusenergy,73,70,-3,lorelaigilmore,30,28,-2,ousi,97,97,0,shameless,67,62,-5,nativepartner,27,24,-3,tattooreels,168,160,-8,bikemechanic,117,114,-3,fishingtricks,59,54,-5,altfashion,175,172,-3,бальныетанцы,108,105,-3,컬러증명사진,185,182,-3,seniordog,78,74,-4,dogcomedy,120,115,-5,vintagephotobooth,20,19,-1,limpiezaecologica,119,114,-5,relationshiptruths,68,63,-5,astrowiner,40,39,-1,spirograph,82,76,-6,fursuiting,27,21,-6,facebooktips,63,60,-3,,,,,pittsburghsteelers,147,135,-12,combatsports,90,86,-4,ruqyah,168,167,-1,rechargeable,136,133,-3,youtooz,89,87,-2,brightline,174,169,-5,turbo,42,40,-2,madden,102,98,-4,fawnsoftiktok,196,190,-6
altfashion,177,174,-3,graphing,194,191,-3,coralinemovie,191,190,-1,dogart,141,130,-11,classiccars,50,47,-3,prematurebaby,109,104,-5,prematurebaby,109,104,-5,acne,3,4,1,fragrancetiktok,20,21,1,nailtechtips,77,77,0,moneymanagement,111,101,-10,usulutan_el_salvador🇸🇻,151,151,0,bigpotatogames,195,193,-2,usulutan_el_salvador🇸🇻,151,151,0,wgu,32,30,-2,comedyskit,18,18,0,crimetiktok,124,117,-7,bowlingtiktok,167,163,-4,sourdoughbread,43,42,-1,diyhalloweendecor,105,101,-4,竹塹中元城隍祭,102,97,-5,2peopledance,38,38,0,momroutine,51,42,-9,قهوة,122,119,-3,crabboil,65,64,-1,astronomia,175,174,-1,willito,28,19,-9,,,,,lowbackpainrelief,133,129,-4,judgementday,197,192,-5,grownkids,195,191,-4,moneymanagement,111,101,-10,charcuterieboards,159,155,-4,dinnerideas,7,7,0,placestoeat,63,62,-1,fastcharger,91,87,-4,clutch,191,188,-3,travelgoals,32,26,-6,alopecia,56,52,-4,diabetesawareness,75,70,-5,diabetesawareness,75,70,-5,factsoftiktok,118,113,-5,kitchen,4,3,-1,kitchen,4,3,-1,oshikatsu,100,98,-2,mindsettok,121,119,-2,thoosie,119,111,-8,grieftok,75,69,-6,chickenwaterer,200,194,-6,astrologymemes,137,134,-3,patrickjane,32,30,-2,trumpet,124,124,0,narutoshippuden,106,101,-5,miniperfume,35,32,-3,colortattoos,172,164,-8,allelectricscooter,200,197,-3,cau,75,70,-5,vintagestyle,190,187,-3,tapdancer,132,129,-3,singlelife_happylife_シ,186,183,-3,animallovers,104,100,-4,catowners,148,143,-5,cameratok,61,60,-1,oilremover,121,116,-5,weddingplanningtips,104,99,-5,earthfromspace,65,64,-1,cleaningfinds,83,77,-6,maskedgirl,67,61,-6,recipeapp,84,81,-3,,,,,jasonkelce,153,141,-12,fighter,96,92,-4,horrorvibes,118,116,-2,cordlesstools,142,139,-3,oshikatsu,100,98,-2,travelgoals,32,26,-6,parking,90,88,-2,counterstrike,115,111,-4,cockatiel,51,44,-7
musthave,48,44,-4,mentalmaths,197,194,-3,bleach,13,11,-2,arabiccalligraphy,191,180,-11,cardealership,51,48,-3,cleftstrong,171,166,-5,cleftstrong,171,166,-5,lorealparispartner,4,5,1,skincaretips,23,24,1,thicknails,121,121,0,businesstok,128,118,-10,goldprospecting,166,166,0,bottleflip,35,32,-3,goldprospecting,166,166,0,transferstudent,45,43,-2,rickyandtheboss,27,27,0,liberals,156,149,-7,footy,35,30,-5,easymeals,50,49,-1,creativeparenting,95,90,-5,三玄心二軍,133,128,-5,kpoprandomdance,58,58,0,lifestyletok,152,143,-9,michelobeultra,153,150,-3,hotfries,117,116,-1,ancientcivilizations,176,175,-1,obx5,54,45,-9,,,,,wheyprotein,135,131,-4,byoncombat,68,62,-6,firsttimeparents,22,17,-5,businesstok,128,118,-10,costconew,187,183,-4,baking,10,10,0,clevelandohio,89,88,-1,deskaccessories,94,90,-4,grandtheftauto,47,43,-4,greatsmokymountains,69,63,-6,kidshairstyles,67,63,-4,healthfacts,94,89,-5,healthfacts,94,89,-5,newyorkhistory,135,130,-5,newhome,32,31,-1,newhome,32,31,-1,jellycatlondon,184,182,-2,vawzen,123,121,-2,dayoutwiththekids,120,112,-8,lifeupdate,80,74,-6,horseloss,160,153,-7,موال,156,153,-3,tonystark,34,32,-2,healthcarehumor,126,126,0,dccomics,125,120,-5,valentinobeautypartner,54,51,-3,tattoodeals,181,173,-8,speedboats,130,126,-4,whitetailhunter,183,178,-5,musthave,46,42,-4,theatertok,138,135,-3,myselfies,15,11,-4,dogowner,110,106,-4,котенок,176,171,-5,lightroomediting,88,87,-1,tienichgiadinh,133,128,-5,couplequestions,106,101,-5,марс,66,65,-1,guesstheword,101,95,-6,pokemoncosplay,91,85,-6,photoshoptutorial,85,82,-3,,,,,drakemaye,169,156,-13,gatoradepartner,112,108,-4,hauntedtok,125,123,-2,borescope,179,176,-3,jellycatlondon,184,182,-2,greatsmokymountains,69,63,-6,carro,122,120,-2,redditstory,121,117,-4,bigbuck,84,77,-7
balenciaga,52,48,-4,professorjiang,26,22,-4,bluelock,17,15,-2,sketchart,200,189,-11,parking,89,86,-3,funnytoddlers,198,193,-5,funnytoddlers,198,193,-5,lashclusters,5,6,1,locs,24,25,1,lacenails,158,158,0,raylewis,130,120,-10,substituteteacher,196,196,0,clue,41,38,-3,substituteteacher,196,196,0,guru,53,51,-2,funnymemes,12,11,-1,voteblue,173,166,-7,halamadrid,50,45,-5,burrito,57,56,-1,crochetaddict,123,118,-5,七府千歲,185,180,-5,madukes,75,75,0,burningman2025,187,178,-9,scooterscoffee,166,163,-3,mrooowwweee,135,134,-1,columbiauniversity,180,179,-1,iconicmoments,73,64,-9,,,,,trainingtips,138,134,-4,muhammadali,124,118,-6,twomoms,43,38,-5,raylewis,130,120,-10,wildhoney,194,190,-4,pizza,11,11,0,westvillage,101,100,-1,rechargeable,118,114,-4,дота,98,94,-4,pigeonforgetennessee,114,108,-6,keratin,85,81,-4,psychiatry,144,139,-5,psychiatry,144,139,-5,europeanhistory,180,175,-5,newconstruction,38,37,-1,newconstruction,38,37,-1,palmpals,190,188,-2,reflexionando,139,137,-2,disneylandsecrets,123,115,-8,dailyvlogs,96,90,-6,pigfarming,86,78,-8,pisceszodiac,183,180,-3,jonbernthal,49,47,-2,drumline,142,142,0,tlc,170,165,-5,beardcare,56,53,-3,denvertattooartist,63,54,-9,engwe,184,180,-4,extremefishing,40,34,-6,balenciaga,50,46,-4,rpd,168,165,-3,slovakiagirl,36,32,-4,catstory,135,131,-4,siberianhusky,183,178,-5,nycphotoshoot,105,104,-1,kechenbatdanang,141,136,-5,couplestrend,127,122,-5,learnscience,91,90,-1,clayasmr,103,97,-6,disfraceshalloween,188,182,-6,cloudstorage,89,86,-3,,,,,epl,175,162,-13,box,135,131,-4,winchestermysteryhouse,132,130,-2,chatgptprompts,56,52,-4,palmpals,190,188,-2,pigeonforgetennessee,114,108,-6,camioneros,186,184,-2,zepetoapp,128,124,-4,pettingzoo,86,79,-7
halara,89,85,-4,homeschoolcurriculum,34,30,-4,luffy,22,20,-2,stainedglassart,70,58,-12,carinterior,169,166,-3,babyregistrymusthaves,52,46,-6,babyregistrymusthaves,52,46,-6,beautytok,6,7,1,blowout,29,30,1,nailtechcontent,181,181,0,alphachiomega,145,135,-10,johndeere,8,7,-1,quiztok,73,70,-3,johndeere,8,7,-1,absn,55,53,-2,bistrohuddy,24,23,-1,womensrights,55,47,-8,archery,70,65,-5,foodhacks,102,101,-1,scrapbookideas,128,123,-5,米街廣安宮,199,194,-5,dancefor2people,106,106,0,weekinmylife,199,190,-9,fallmenu,35,31,-4,milkandcookies,158,157,-1,commuterstudent,186,185,-1,andteam,84,75,-9,,,,,snatchedwaist,145,141,-4,ricflair,174,168,-6,maternalmentalhealth,87,82,-5,alphachiomega,145,135,-10,yogurtland,69,64,-5,easyrecipes,18,18,0,atlantafood,106,105,-1,chargingcable,173,169,-4,madden,104,100,-4,whitemountains,138,132,-6,прическа,124,120,-4,antidepressants,149,144,-5,antidepressants,149,144,-5,lawyercouple,91,85,-6,sundayreset,41,40,-1,sundayreset,41,40,-1,popmart,30,27,-3,jorgemedina_jm,144,142,-2,casinotok,154,146,-8,pregnancytok,107,101,-6,boergoats,127,119,-8,нумерология,185,182,-3,frankcastle,51,49,-2,grupofirme,154,154,0,superman,194,189,-5,hygieneroutine,67,64,-3,neilmed,65,56,-9,marcopolo,198,194,-4,raincamping,49,43,-6,halara,87,83,-4,pointeshoes,30,26,-4,fyppppppviral_video✨,42,38,-4,bassethound,140,136,-4,mansbestfriend,138,132,-6,texasweddingphotographer,108,107,-1,sinkfilter,147,142,-5,lovemybf,63,57,-6,refraction,125,124,-1,usaasmr,192,186,-6,anyc,61,54,-7,tiktoktutorials,90,87,-3,,,,,greenbaypackers,76,62,-14,ecnl,190,186,-4,serbianlady,141,139,-2,magsafecase,80,76,-4,popmart,30,27,-3,whitemountains,138,132,-6,cardealer,188,186,-2,towerofhell,132,128,-4,sugarglider,102,95,-7
clogs,108,104,-4,studyfetch,60,56,-4,aistory,25,23,-2,surrealart,108,96,-12,carupgrade,173,170,-3,miprincesa,71,65,-6,miprincesa,71,65,-6,skincaretips,7,8,1,makeupartist,36,37,1,buildergelnails,39,38,-1,whatsinmycar,162,152,-10,nothingbutheavyduty,97,96,-1,logicpuzzle,83,80,-3,nothingbutheavyduty,97,96,-1,freshmanyearofcollege,57,55,-2,breadstickricky,32,31,-1,jpmiller,59,51,-8,footballmom,76,71,-5,villagelife,110,109,-1,decodenphonecase,163,158,-5,liondanceme,29,23,-6,pulga,118,118,0,sahmvlog,102,92,-10,bourbon,68,64,-4,chipotleburrito,172,171,-1,cuerpohumano,198,197,-1,kendalljenner,93,84,-9,,,,,creatinegummies,148,144,-4,khabibnurmagomedov,53,46,-7,collegemom,89,84,-5,whatsinmycar,162,152,-10,grocerydelivery,88,83,-5,lunch,19,19,0,statefairfood,120,119,-1,sdcardreader,180,176,-4,efootball,161,157,-4,mountaingetaway,148,142,-6,overnightcurls,176,172,-4,cirrhosis,154,149,-5,cirrhosis,154,149,-5,uvisa,123,117,-6,cozyathome,43,42,-1,cozyathome,43,42,-1,smiski,41,38,-3,briantracyenespañol,151,149,-2,chicagofamily,175,167,-8,vlogger,112,106,-6,tennesseewalkinghorse,131,123,-8,santamuerteculto,77,73,-4,desperatehousewives,78,76,-2,remember,181,181,0,jonbernthal,199,194,-5,noyzpartner,78,75,-3,arizonatattooartist,81,72,-9,centerconsolesonly,118,113,-5,bowhunter,61,55,-6,clogs,106,102,-4,danceclasses,51,47,-4,digibooth,55,51,-4,horsecare,173,169,-4,staffy,114,107,-7,filmsimulation,115,114,-1,liby,153,148,-5,couplevibes,163,157,-6,marsrover,143,142,-1,sleepyday,79,72,-7,saikikcosplay,124,117,-7,aihacks,93,90,-3,,,,,transfer,85,71,-14,hooper,42,37,-5,losbanosca,164,162,-2,neckmassager,95,91,-4,smiski,41,38,-3,mountaingetaway,148,142,-6,lexus,19,16,-3,efootball,157,153,-4,animalsounds,113,106,-7
casualoutfits,123,119,-4,studysmart,74,70,-4,sonic,30,28,-2,amsrsounds,116,104,-12,trokas,193,190,-3,babycomedy,114,108,-6,babycomedy,114,108,-6,sephora,8,9,1,deodorant,50,51,1,kidsnails,133,132,-1,budgetingtips,67,56,-11,caulking,143,142,-1,mindchallenge,99,96,-3,caulking,143,142,-1,collegeexperience,58,56,-2,salonhorrorstories,57,56,-1,demo,102,94,-8,volleyballgirls,93,88,-5,comidasaludable,127,126,-1,babycrafts,180,175,-5,新店開張,84,78,-6,d9greeks,123,123,0,femalefriendship,134,124,-10,кофе,91,87,-4,freezedriedfruit,180,179,-1,historytiktok,57,55,-2,kaed,101,91,-10,,,,,fitmoms,169,165,-4,alexandervolkanovski,167,160,-7,fatherdaughterlove,153,148,-5,budgetingtips,67,56,-11,japanesesnacks,119,114,-5,mexicanfood,21,21,0,mustvisit,146,145,-1,androidtips,194,190,-4,bloodstrike,178,174,-4,phuket,48,41,-7,cosmetology,48,43,-5,femininecare,50,44,-6,femininecare,50,44,-6,القانون,154,148,-6,kitchenorganization,48,47,-1,kitchenorganization,48,47,-1,toysoftiktok,86,83,-3,mensmindset,30,27,-3,dollywoodthemepark,39,30,-9,bookshopping,148,142,-6,farmfresheggs,178,170,-8,lovetarot,108,104,-4,drewstarkey,87,85,-2,greenday,186,186,0,movietok,93,87,-6,fragrancecommunity,85,82,-3,verticalhelix,123,114,-9,rentadeyates,140,134,-6,publicland,74,68,-6,casualoutfits,121,117,-4,danzacristiana,83,79,-4,超模臉,59,55,-4,sadcat,176,172,-4,shibainu,170,163,-7,photographycommunity,116,115,-1,妙招分享,170,165,-5,emotionalsafety,184,178,-6,spinlaunch,154,153,-1,pharmacyasmr,121,114,-7,rezerocosplay,132,125,-7,yopeapp,139,136,-3,,,,,saints,121,107,-14,memphis,44,39,-5,lugaresabandonados,127,124,-3,galaxyprojector,98,94,-4,toysoftiktok,86,83,-3,phuket,48,41,-7,classiccars,51,48,-3,videojuegos,190,186,-4,toucan,129,122,-7
rolex,124,120,-4,algebra2,79,75,-4,hazbinhotel,47,45,-2,walloflegends,132,119,-13,mk1,44,40,-4,twinbrothers,116,110,-6,twinbrothers,116,110,-6,ultabeauty,9,10,1,peinados,110,111,1,cuticleoil,53,51,-2,income,80,69,-11,flooring,38,36,-2,twoplayergames,113,110,-3,flooring,38,36,-2,convo,73,71,-2,relatablehumor,76,75,-1,pattymayo,118,110,-8,russellwestbrook,174,169,-5,meatballs,144,143,-1,chunkyblanket,197,192,-5,台中法誠壇,85,79,-6,dancecove,127,127,0,40thbirthday,143,133,-10,fanta,96,92,-4,flybyjing,181,180,-1,csuf,65,63,-2,leejunyoung,176,166,-10,,,,,fitspo,31,26,-5,reyfenix,173,166,-7,griefawareness,160,155,-5,income,80,69,-11,compamunchies,122,117,-5,snack,26,26,0,denverfoodie,147,146,-1,soundsystem,32,27,-5,streetfighter,186,182,-4,tennesseetravel,111,104,-7,cosmetologystudent,49,44,-5,sleephealth,62,56,-6,sleephealth,62,56,-6,ww1history,186,180,-6,propertymanagement,64,63,-1,propertymanagement,64,63,-1,cdplayer,144,141,-3,人生感悟,41,38,-3,disneynews,41,32,-9,schooldropoff,163,157,-6,performancehorse,183,175,-8,signosdelzodiaco,109,105,-4,telenovelas,165,163,-2,partynextdoor,50,49,-1,slavicbeauty,94,88,-6,perfumeparahombre,88,85,-3,sandiegotattooartist,74,64,-10,tcsg,86,79,-7,bowseason,60,53,-7,rolex,122,118,-4,bailesmexicanos,99,95,-4,rina🤡,196,192,-4,terrarium,200,196,-4,bluebuffalo,72,64,-8,lightroom,15,13,-2,bestcleaningproducts,33,27,-6,propuestadematrimonio,189,183,-6,cienciaparatodos,174,173,-1,chaoticasmr,61,53,-8,animematsuri,181,174,-7,devtools,155,152,-3,,,,,petecrowarmstrong,152,138,-14,howtofish,109,104,-5,crimesreais,171,168,-3,googlepixel,113,109,-4,cdplayer,144,141,-3,tennesseetravel,111,104,-7,cardealership,52,49,-3,totaldramaisland,86,81,-5,underwaterphotography,180,173,-7
outdoorgear,126,122,-4,timestables,126,122,-4,killua,60,58,-2,рисую,147,134,-13,carplayadapter,147,143,-4,babywalker,123,117,-6,babywalker,123,117,-6,lipcombo,10,11,1,scalpcare,114,115,1,nailshop,91,88,-3,ict,92,81,-11,schoolnurse,76,74,-2,challengame,136,133,-3,schoolnurse,76,74,-2,fordhamuniversity,100,98,-2,itsjustajoke,116,115,-1,steveram,184,176,-8,juliannewman,60,54,-6,foodstory,148,147,-1,craftymom,32,26,-6,三條崙海清宮,115,109,-6,rsowick,131,131,0,onlinediary,156,146,-10,tastesalud,103,99,-4,literallyliana,188,187,-1,fisica,70,68,-2,missuniverse,45,34,-11,,,,,gymroutine,37,32,-5,diegolopes,190,183,-7,parentingtok,175,170,-5,ict,92,81,-11,aldis,139,134,-5,foodchallenge,34,34,0,disneylandfood,153,152,-1,ssd,113,108,-5,videojuegos,195,191,-4,californiabeach,141,134,-7,beautyschool,61,56,-5,endometriosisawareness,92,86,-6,endometriosisawareness,92,86,-6,wills,192,186,-6,diyhomedecor,126,125,-1,diyhomedecor,126,125,-1,rccrawler,150,147,-3,reinventyourself,69,66,-3,fantasyland,74,65,-9,sportsphotographer,172,166,-6,redmare,196,188,-8,lasantamuerte,116,112,-4,rorygilmore,28,25,-3,g59,57,56,-1,russiatoday,95,89,-6,парфюм,94,91,-3,facepiercing,107,97,-10,yachtcharter,167,159,-8,карп,65,58,-7,outdoorgear,124,120,-4,radiocitymusichall,151,147,-4,yousmileismile,47,42,-5,animalfacts,66,61,-5,englishbulldogsoftiktok,175,167,-8,photographytiktok,47,45,-2,lavadoderopa,136,130,-6,matchmaker,102,95,-7,miguelalcubierre,179,178,-1,shreddermachine,97,89,-8,venomcosplay,85,77,-8,小火箭,188,185,-3,,,,,minnesotavikings,154,140,-14,volleyballgirls,139,134,-5,ufocommunity,183,180,-3,smarthomesecurity,177,173,-4,rccrawler,150,147,-3,californiabeach,141,134,-7,carplayadapter,152,149,-3,mk1,92,87,-5,smallpets,186,179,-7
gymfit,128,124,-4,collegeessays,157,153,-4,aifruit,64,62,-2,facetutorial,171,157,-14,accord,151,147,-4,twinbirth,134,128,-6,twinbirth,134,128,-6,skin,11,12,1,makeup,1,1,0,nailstok,156,153,-3,p2p,154,143,-11,smallenginemechanic,110,108,-2,unonomercy,152,149,-3,smallenginemechanic,110,108,-2,stjohnsuniversity,110,108,-2,millennialhumor,138,137,-1,surrounded,163,154,-9,youthsports,119,113,-6,lunchboxideas,167,166,-1,giftcardholder,45,39,-6,入廟篇,137,131,-6,newtiktokdance,137,137,0,rutinademañana,167,157,-10,shakenespresso,110,106,-4,eater,47,45,-2,financialaid,76,74,-2,mysterydiners,96,85,-11,,,,,pelvicfloor,53,48,-5,rockclimbing,75,67,-8,expectingmom,45,39,-6,p2p,154,143,-11,foodshopping,142,137,-5,kitchengadgets,49,49,0,thingstodoinphilly,157,156,-1,poco,130,125,-5,totaldramaisland,87,82,-5,traintravel,72,64,-8,cambiodelook,88,83,-5,lowbackpain,134,128,-6,lowbackpain,134,128,-6,curiosities,38,31,-7,homesafety,167,166,-1,homesafety,167,166,-1,fugglersforlife,186,183,-3,julienhimself,87,84,-3,kermis,87,78,-9,journaltok,100,93,-7,heifers,53,44,-9,magick,117,113,-4,sitcom,41,38,-3,natanaelcano,79,78,-1,frenchcelebrities,103,97,-6,rollonperfume,130,127,-3,michigantattooartist,132,122,-10,kukurin,181,173,-8,peche,92,84,-8,gymfit,126,122,-4,danceideas,68,63,-5,升高一,101,96,-5,котики,84,79,-5,catlitterbox,189,181,-8,awkwardphotoshoot,63,61,-2,casacheirosa,149,143,-6,angstyromancebooks,120,113,-7,alamsemesta,191,190,-1,ogslimes,114,106,-8,yuriddlccosplay,149,141,-8,aidetection,128,124,-4,,,,,bengals,75,60,-15,quarterback,147,142,-5,hauntings,193,190,-3,humanoidrobot,182,178,-4,fugglersforlife,186,183,-3,traintravel,72,64,-8,truckbuild,191,188,-3,дота,97,92,-5,wasp,46,38,-8
bagtok,162,158,-4,dosagecalculations,158,154,-4,анимация,111,109,-2,chalkmarkers,123,108,-15,350z,159,155,-4,babyswaddle,177,171,-6,babyswaddle,177,171,-6,maquillaje,12,13,1,hairtok,2,2,0,athomemanicure,85,81,-4,broker,168,157,-11,framingconstruccion,183,181,-2,countryquiz,154,151,-3,framingconstruccion,183,181,-2,lawschoollife,115,113,-2,futurebae,153,152,-1,political,96,86,-10,cheertok,138,132,-6,recetassaludables,189,188,-1,cutegift,69,63,-6,大樹久堂慈后宮,183,177,-6,clasesdebaile,148,148,0,miml,169,159,-10,cocktailrecipes,133,129,-4,ricecake,86,84,-2,microbiology,106,104,-2,trishapaytas,103,92,-11,,,,,cbum,77,72,-5,aewdynamite,114,105,-9,parentingadvice,81,75,-6,broker,168,157,-11,healthymealideas,46,40,-6,starbucksdrinks,64,64,0,tampafoodie,171,170,-1,shokz,148,143,-5,mk1,93,88,-5,queenofbaecation,184,176,-8,copperhair,104,99,-5,flossing,141,135,-6,flossing,141,135,-6,extinctanimals,42,35,-7,bathroom,16,14,-2,bathroom,16,14,-2,collectables,65,61,-4,oogwaymindset,95,92,-3,punchmachine,122,113,-9,dallasphotographer,170,163,-7,farmhumor,56,47,-9,babywitch,121,117,-4,buckybarnes,121,118,-3,tropicoqueta,85,84,-1,frenchvibes,105,99,-6,budgetfragrance,175,172,-3,tampatattooartist,143,133,-10,speedboat,30,20,-10,flatheadcatfish,93,85,-8,bagtok,160,156,-4,soniderosdecorazon❣️💿😎🎧🎤🤩💿🎶,121,116,-5,hanyakonten🙏dilarangbaper,137,132,-5,snakes,87,82,-5,petowner,194,186,-8,keychaincamera,73,71,-2,재활용,184,178,-6,outdoorwedding,131,124,-7,jwst,71,69,-2,earwaxcleaning,120,112,-8,cosplaytrend,156,148,-8,seguridaddigital,49,44,-5,,,,,shedeursanders,84,69,-15,disneyvacation,149,144,-5,realmermaids,196,193,-3,cargadorportátil,186,182,-4,collectables,65,61,-4,queenofbaecation,184,176,-8,boosted,195,192,-3,gamingnews,106,101,-5,iguana,56,48,-8
gymwear,166,162,-4,teasexam,82,77,-5,рикиморти,116,114,-2,glittermarkers,160,145,-15,cardealer,179,175,-4,babylist,50,42,-8,babylist,50,42,-8,mascara,13,14,1,hairstyle,3,3,0,nailroutine,106,102,-4,fostershomeforimaginaryfriends,186,175,-11,excavators,116,113,-3,fungames,10,6,-4,excavators,116,113,-3,graduationsong,152,150,-2,drewtalbert,34,32,-2,justicesystem,146,136,-10,youthfootball,140,134,-6,cheapmeals,191,190,-1,artesanato,73,67,-6,鄭成功祖廟,194,188,-6,bailesmexicanos,162,162,0,birthdaybasket,191,181,-10,javvycoffee,152,148,-4,tacobellislife,93,91,-2,iss,192,190,-2,loveislandusareunion,90,78,-12,,,,,зал,78,73,-5,wrc,149,140,-9,dadanddaughtergoals,138,132,-6,fostershomeforimaginaryfriends,186,175,-11,proteinsnacks,53,47,-6,dutchbros,98,98,0,fairfood,33,31,-2,noisecancellingheadphones,186,181,-5,gamingnews,108,103,-5,bigbendnationalpark,123,114,-9,укладка,123,118,-5,footmassage,112,105,-7,footmassage,112,105,-7,historymysteries,87,80,-7,bedding,30,28,-2,bedding,30,28,-2,essacommunity,133,129,-4,piensaengrande,161,158,-3,isleofberk,128,119,-9,undiaconmigo,190,183,-7,cavalo,76,67,-9,شعر_شعبي,148,144,-4,wandamaximoff,137,134,-3,drummer,87,86,-1,hxh,108,102,-6,colognetok,58,54,-4,sparklesfacepaintingwa,160,149,-11,f4phantom,192,182,-10,primitiveskills,159,151,-8,gymwear,164,160,-4,dancecove,77,71,-6,independentwoman💰💵,171,166,-5,guarddog,109,104,-5,petessentials,140,131,-9,couplephotography,101,99,-2,vesinhlonggiat,188,182,-6,weddingopinion,165,158,-7,галактика,77,75,-2,waxcrackingasmr,37,28,-9,simonrileycod,171,163,-8,photorestoration,60,55,-5,,,,,harpermurray,162,146,-16,walkingpad,162,157,-5,reptilians,130,126,-4,chargingcable,195,191,-4,essacommunity,133,129,-4,bigbendnationalpark,123,114,-9,mk1,45,41,-4,rocket,171,166,-5,vidasalvaje,81,73,-8
hijabi,167,163,-4,linearalgebra,168,163,-5,evilmorty,139,137,-2,portraitart,177,162,-15,carbuying,122,117,-5,mybabygirl,81,73,-8,mybabygirl,81,73,-8,makeupartist,14,15,1,fragrance,4,4,0,nailphoria,110,106,-4,tradingcommunity,123,111,-12,commercialcleaning,156,153,-3,guesstheword,80,76,-4,commercialcleaning,156,153,-3,barnard,171,169,-2,bluecollarcomedy,38,36,-2,justiceformica,65,54,-11,ريال_مدريد,90,83,-7,homebaker,65,63,-2,scrapbookjournal,76,70,-6,北港媽祖,97,90,-7,踊ってみた,172,172,0,mecfs,83,72,-11,frappuccino,42,37,-5,cheesyramen,104,102,-2,doblenacionalidad,194,192,-2,theresnoee,117,105,-12,,,,,yeoreo,88,83,-5,kelanijordan,184,175,-9,babyprep,162,156,-6,tradingcommunity,123,111,-12,samsclubhaul,72,66,-6,burrito,105,105,0,sandiegohiddengems,39,37,-2,celular,67,61,-6,mortalkombat1,113,108,-5,experienceihg,136,127,-9,braid,135,130,-5,vev,161,154,-7,vev,161,154,-7,mapas,100,93,-7,curtains,37,35,-2,curtains,37,35,-2,disneystore,140,136,-4,frasedeldia,34,30,-4,disneyfamilyvacation,150,141,-9,strangersession,55,47,-8,veganfortheanimals,135,126,-9,astrología,167,163,-4,dramatok,183,180,-3,eyekons,91,90,-1,altrend,109,103,-6,parfumviral,70,66,-4,tattoosticker,167,156,-11,electrostreet,170,158,-12,popupcamper,129,120,-9,hijabi,165,161,-4,пилон,103,97,-6,pecintagilang,173,168,-5,funnydogvideos,118,113,-5,bulldogsoftiktok,154,145,-9,editorialweddingphotography,152,150,-2,keupchen,142,135,-7,tethered,168,161,-7,cienciadivertida,121,119,-2,popper,95,85,-10,mentalism,189,180,-9,ipadnotetaking,74,69,-5,,,,,ochocinco,164,148,-16,fightnight,179,174,-5,relatosdeultratumba,135,131,-4,fastcharger,104,99,-5,disneystore,140,136,-4,experienceihg,136,127,-9,wirelesscarplay,136,132,-4,bloodstrike,174,169,-5,beardeddragonsoftiktok,104,96,-8
mensclothing,171,167,-4,studysmarter,181,176,-5,барбоскины,140,138,-2,artprojects,114,98,-16,wirelesscarplay,131,126,-5,babyfashion,83,75,-8,babyfashion,83,75,-8,lorealparismakeup,16,17,1,perfume,5,5,0,nailhardener,167,163,-4,vending,124,112,-12,woodworkingtips,115,111,-4,alejolgoa,106,102,-4,woodworkingtips,115,111,-4,newyorkuniversity,37,34,-3,lonchedehuevito,41,39,-2,boycott,144,133,-11,hsfootball,155,148,-7,hothoney,150,148,-2,creativeprojects,85,79,-6,福鎮三軍,152,145,-7,duodance,12,11,-1,vlogfamiliar,130,119,-11,icedcoffeerecipe,79,74,-5,picklelover,126,124,-2,ancientrome,68,65,-3,nct127,149,137,-12,,,,,mrolympia,118,113,-5,carlosprates,117,107,-10,laborprep,66,59,-7,vending,124,112,-12,spidermancake,83,77,-6,buldakramen,126,126,0,newmenu,109,107,-2,jackery,155,149,-6,rocket,175,170,-5,wellnessretreat,147,138,-9,k18partner,164,159,-5,soursop,142,134,-8,soursop,142,134,-8,kathiaquiros,157,150,-7,dormtour,45,43,-2,dormtour,45,43,-2,matchbox,179,175,-4,selfdoubt,65,61,-4,carnivalride,184,175,-9,dayinmylifevlog,69,61,-8,horsehoof,142,133,-9,penspinning,173,169,-4,beautyinblack,16,12,-4,theneighbourhood,92,91,-1,frenchstyle,131,125,-6,burberrybeauty,84,80,-4,inkedlife,169,158,-11,militaryvehicles,100,87,-13,buckfever,175,166,-9,mensclothing,169,165,-4,dancestudioowner,156,150,-6,kayhan96,31,25,-6,ragdoll,125,120,-5,cattiktok,155,146,-9,monopod,186,184,-2,saluranmampet,161,154,-7,weddingdetails,116,108,-8,warpdrive,132,130,-2,squeakyclean,102,91,-11,clownoc,194,185,-9,aitech,80,75,-5,,,,,atlantafalcons,168,152,-16,universalorlando,69,63,-6,strangestories,180,176,-4,deskaccessories,108,103,-5,matchbox,179,175,-4,wellnessretreat,147,138,-9,accord,157,153,-4,streetfighter,182,177,-5,animallife,164,156,-8
ropa,182,178,-4,mathmadeeasy,192,187,-5,tomandjerry,153,151,-2,spirograph,133,117,-16,genesis,158,153,-5,motherhoodmoments,164,156,-8,motherhoodmoments,164,156,-8,lipstain,28,29,1,barber,6,6,0,engagementnails,192,188,-4,familyfinance,126,114,-12,doortodoorsales,158,154,-4,gkquiz,122,118,-4,doortodoorsales,158,154,-4,highschoolreunion,44,41,-3,publicprank,52,50,-2,firstamendment,172,161,-11,match,165,158,-7,cajun,151,149,-2,pipecleanerbouquet,127,121,-6,蚵寮燉煌會,165,158,-7,ballettok,27,26,-1,75medium,145,134,-11,latteart,85,80,-5,smokedsalmon,154,152,-2,criminallaw,95,92,-3,sturniolos,173,161,-12,,,,,fitnessover50,176,171,-5,willospreay,119,109,-10,lactation,125,118,-7,familyfinance,126,114,-12,candytiktok,90,84,-6,homemadefood,142,142,0,comidaperuana,118,116,-2,computer,37,30,-7,overwatchtiktok,194,189,-5,manhattanbridge,89,79,-10,hairasmr,64,58,-6,floss,129,120,-9,floss,129,120,-9,confederacy,163,156,-7,cleanhome,51,49,-2,cleanhome,51,49,-2,90stoys,185,181,-4,philosophyquotes,103,99,-4,disneytickets,78,68,-10,errands,92,84,-8,horsetherapy,166,157,-9,tarotmessage,198,194,-4,rafecameron,39,35,-4,длярепостов,119,118,-1,2000sthrowback,154,148,-6,carolinaherrera,93,89,-4,mehndiart,105,93,-12,johndeer,112,99,-13,rooftoptent,134,124,-10,ropa,180,176,-4,сладкаячетверка,180,174,-6,pakeheadset,103,97,-6,panda,61,55,-6,boxerdog,87,77,-10,howtopose,21,18,-3,potcleaner,171,164,-7,relationshipdynamics,122,114,-8,deepsky,158,156,-2,sudsyasmr,116,104,-12,spooderman,48,38,-10,goodlock,116,111,-5,,,,,justinjefferson,129,112,-17,knockout,78,72,-6,exorcism,43,38,-5,vloggingcamera,116,111,-5,90stoys,185,181,-4,manhattanbridge,89,79,-10,kugoo,187,183,-4,overwatchtiktok,189,184,-5,reptiletok,190,182,-8
vintagestyle,193,189,-4,andymath,59,53,-6,mulan,181,179,-2,weddingpainting,144,128,-16,is350,164,159,-5,breastfeedingsupport,165,157,-8,breastfeedingsupport,165,157,-8,lashtech,39,40,1,nailart,7,7,0,gelnailpolish,83,78,-5,recession,156,144,-12,forkliftoperator,195,191,-4,yardgame,178,174,-4,forkliftoperator,195,191,-4,wcu,50,47,-3,bearsbengalshalloween,83,81,-2,livepd,111,99,-12,obj,143,135,-8,pupusas,196,194,-2,decoracionesdefiestas,161,155,-6,保西境尊龍會,163,155,-8,2stepping,63,62,-1,sundayroutine,137,125,-12,starbucksfallmenu,94,89,-5,mukbangeating,161,159,-2,spm,99,96,-3,alabamabarker,116,103,-13,,,,,weightlosstransformation,52,46,-6,kennyomega,138,128,-10,27weekspregnant,135,128,-7,recession,156,144,-12,schoolsnacks,103,97,-6,crunchyasmr,153,153,0,everythingiate,123,121,-2,cellphone,70,63,-7,helldivers,122,116,-6,pier39,154,144,-10,layeredhaircut,100,94,-6,thyroidhealth,194,185,-9,thyroidhealth,194,185,-9,usahistory,148,140,-8,farmhouse,118,116,-2,farmhouse,118,116,-2,tabasquishies,189,185,-4,abrahamhicksteachings,104,100,-4,disneycountdown,103,93,-10,babylist,118,110,-8,sustainablefarming,170,161,-9,sagittarius♐️,143,138,-5,thanos,52,48,-4,dano,163,162,-1,gilmoregirls,62,55,-7,oralspray,136,132,-4,hennamehndivip,153,141,-12,160thsoar,144,130,-14,crabtrap,144,134,-10,backtoit,26,21,-5,poletricks,129,122,-7,syukurselalu♥️,159,153,-6,dolphins,90,84,-6,michis,168,158,-10,canong7xmarkiii,24,21,-3,shammy,59,51,-8,meetcute,59,50,-9,chemistrylab,160,158,-2,deeprelaxation,142,130,-12,fursuithead,166,156,-10,mobilesecurity,118,113,-5,,,,,widereciever,145,128,-17,bowhunting,130,124,-6,vhshorror,137,132,-5,realme,129,124,-5,tabasquishies,189,185,-4,pier39,154,144,-10,carbuying,127,122,-5,mortalkombat1,111,105,-6,birding,73,64,-9
backtoit,27,22,-5,studyingtips,85,79,-6,onepieceanime,184,182,-2,acrylicart,175,159,-16,camioneros,178,173,-5,oneyearoldbaby,199,191,-8,oneyearoldbaby,199,191,-8,eyemakeup,56,57,1,acne,14,14,0,cuticlecare,100,94,-6,makingmoney,108,95,-13,electricalengineering,173,168,-5,guessthenumberchallenge,31,26,-5,electricalengineering,173,168,-5,calstatefullerton,113,110,-3,mojobrookzz,121,119,-2,disaster,73,60,-13,vball,185,177,-8,kimchi,131,128,-3,customtumblers,167,161,-6,青山宮靈安尊王,184,176,-8,danceclasses,86,85,-1,postgraddiaries,139,127,-12,starbucksathome,118,113,-5,buldaknoodles,46,43,-3,txlchris,108,105,-3,ot6,177,164,-13,,,,,zumba,43,36,-7,givesyouwiiings,108,97,-11,mindfulparenting,170,163,-7,makingmoney,108,95,-13,chocolatefountain,104,98,-6,aldifinds,174,174,0,southbay,126,124,-2,s26ultra,92,85,-7,minecrafter,183,177,-6,kauaihawaii,137,126,-11,hairstyling,112,106,-6,vertigo,200,191,-9,vertigo,200,191,-9,appalachianhistory,168,160,-8,уборка,158,156,-2,уборка,158,156,-2,topps,26,21,-5,onesmoothbrotha,178,174,-4,darienlake,118,108,-10,laborprep,143,135,-8,rufusthebull,81,71,-10,energias,152,147,-5,funnytv,69,65,-4,guitarsolo,192,191,-1,luffy,91,84,-7,mensperfume,140,136,-4,healedtattoo,133,120,-13,pilotslife,186,171,-15,spoonbill,168,158,-10,denim,92,87,-5,countryswing,67,59,-8,prgita_,167,160,-7,chihuahuas,103,97,-6,adventuredog,112,101,-11,azphotographer,51,48,-3,wallrepairpaste,72,64,-8,arrangedmarriagetrope,99,90,-9,jameswebbspacetelescope,183,181,-2,unclogging,162,150,-12,familyhalloweencostume,191,181,-10,youtubethumbnail,124,119,-5,,,,,baseballtiktok,180,163,-17,volleyballworld,143,137,-6,hauntedcastle,142,137,-5,powerstation,141,136,-5,topps,26,21,-5,kauaihawaii,137,126,-11,350z,167,162,-5,octane,185,179,-6,birdlover,90,81,-9
denim,94,89,-5,trigonometry,96,90,-6,furryart,199,197,-2,colortherapy,107,90,-17,truckbuild,182,177,-5,babyboss,143,134,-9,babyboss,143,134,-9,gothmakeup,78,79,1,hairloss,22,22,0,bridalnails,111,105,-6,nospendchallenge,190,177,-13,drainage,107,101,-6,guessmynumber,51,46,-5,drainage,107,101,-6,collegerankings,126,123,-3,ariesspearslive,131,129,-2,carloseduardoespina,77,64,-13,megatron,115,106,-9,pastarecipe,153,150,-3,velasdecorativas,191,185,-6,新竹都城隍廟,65,56,-9,parapara,147,146,-1,afternoonroutine,154,142,-12,чай,125,120,-5,newfood,64,61,-3,astrophotography,121,118,-3,oliviarodrigoedit,186,173,-13,,,,,shredded,47,40,-7,mtbfail,176,165,-11,inducelabor,76,68,-8,nospendchallenge,190,177,-13,readytoeat,191,185,-6,starbucks,3,2,-1,newrestaurant,127,125,-2,miniearbuds,139,132,-7,octane,190,184,-6,newyorktravel,79,66,-13,ecolchipro,132,126,-6,foodfacts,128,118,-10,foodfacts,128,118,-10,hoctienganh,145,136,-9,flowerarrangement,160,158,-2,flowerarrangement,160,158,-2,kidsgiftideas,124,119,-5,doitanyway,64,59,-5,disneytraveltips,160,148,-12,cancerwarrior,194,186,-8,waterbuffalo,102,92,-10,شعراء,161,156,-5,icarly,129,125,-4,roughneckroscoe,68,66,-2,court,100,93,-7,venommakeup,32,27,-5,headtattoo,140,127,-13,perkins,193,177,-16,surviva,51,40,-11,cardigan,102,97,-5,bailechallenge,195,187,-8,trendpap,174,167,-7,britishshorthair,121,115,-6,italiangreyhound,153,142,-11,summerpics,92,89,-3,amazonmustaves,130,122,-8,weddingcoordinator,199,190,-9,earthfacts,33,30,-3,asmrjulieta,164,152,-12,dokidokiliteratureclubcosplay,112,101,-11,protectyourdata,132,127,-5,,,,,lfc,183,166,-17,gymtransformation,165,159,-6,teketeke,169,164,-5,poco,148,143,-5,kidsgiftideas,124,119,-5,newyorktravel,79,66,-13,cammed,176,171,-5,helldivers2gameplay,196,190,-6,gator,49,39,-10
cardigan,104,99,-5,огэпоматематике,114,108,-6,milesmorales,44,41,-3,oilpaint,81,63,-18,carlife,197,192,-5,dadtips,153,144,-9,dadtips,153,144,-9,covergirlpartner,145,146,1,wig,26,26,0,nailcolor,75,67,-8,tarjetasdecredito,178,163,-15,timber,129,122,-7,brincadeira,71,66,-5,timber,129,122,-7,studentgovernment,127,124,-3,skittok,137,135,-2,scammers,136,123,-13,fineshi,87,77,-10,icecreamsandwich,164,161,-3,craftingtutorials,196,190,-6,神明出巡,66,57,-9,soniderosdecorazon❣️💿😎🎧🎤🤩💿🎶,191,190,-1,dayinlife,164,152,-12,icedmatcha,128,123,-5,foodmukbang,92,89,-3,scholarshiptips,143,140,-3,karlissa,159,145,-14,,,,,abdominales,139,132,-7,petryan,147,135,-12,iloveyoumom,173,165,-8,tarjetasdecredito,178,163,-15,stuffedcookies,59,52,-7,recipe,9,8,-1,houstoncontentcreator,130,128,-2,portablemonitor,140,133,-7,redditstoriestts,192,185,-7,carryononly,113,100,-13,hairserum,120,113,-7,thyroid,147,137,-10,thyroid,147,137,-10,bonaparte,112,102,-10,fallflowers,173,171,-2,fallflowers,173,171,-2,blokees,148,143,-5,margaritapasos,91,86,-5,remysratatouilleadventure,183,171,-12,revelaciondegenero,105,96,-9,horsesofinstagram,157,147,-10,natalchart,88,82,-6,scarletwitch,161,157,-4,lilnaay,171,169,-2,miraculous,112,105,-7,newperfume,191,186,-5,tattooshoptok,117,103,-14,vehiculemagazine,49,29,-20,branzino,109,98,-11,gymoutfit,104,99,-5,パラパラ,133,124,-9,スマホカメラ,85,77,-8,beagle,132,126,-6,kitties,196,185,-11,irisphotography,149,146,-3,thepinkstuffcleaning,148,140,-8,healthylove,62,52,-10,scicomm,57,54,-3,slimereview,42,29,-13,furryconvention,60,48,-12,editingapps,126,120,-6,,,,,sanfrancisco49ers,58,40,-18,archery,108,101,-7,creepyvids,178,173,-5,monitor,63,57,-6,blokees,148,143,-5,carryononly,113,100,-13,genesis,166,160,-6,helldivers,120,113,-7,giraffe,53,42,-11
gymoutfit,106,101,-5,elementarymath,124,118,-6,southpark,54,51,-3,handbuilding,158,140,-18,cammed,168,162,-6,babyai,161,152,-9,babyai,161,152,-9,tiktokshopcosmetics,147,148,1,wigtok,39,39,0,fallnailart,138,129,-9,optionstrading,196,181,-15,schoollibrarian,150,143,-7,findmoney,146,140,-6,schoollibrarian,150,143,-7,cornelluniversity,149,146,-3,pranking,125,122,-3,chriswatts,155,142,-13,marathon,88,78,-10,recetasmexicanas,182,179,-3,balloondecoration,199,193,-6,四湖參天宮,77,68,-9,twostepping,146,144,-2,schoolroutine,121,108,-13,pureleaf,145,140,-5,tastetester,108,105,-3,warhistory,162,159,-3,wendyguevara,195,181,-14,,,,,richpiana,175,168,-7,boxingtiktok,187,174,-13,babydiapers,72,63,-9,optionstrading,196,181,-15,backtoschoolsnacks,115,108,-7,cake,13,12,-1,nyceats,21,18,-3,smarthomesecurity,160,153,-7,gtavi,56,48,-8,shanghaitravel,101,87,-14,peinadosfaciles,177,170,-7,stroke,57,46,-11,stroke,57,46,-11,irishhistory,115,104,-11,storage,29,26,-3,storage,29,26,-3,puppetsoftiktok,167,162,-5,studylife,110,105,-5,disneyworldresorts,188,176,-12,posingtips,152,143,-9,easteregger,149,138,-11,nevillegoddard,171,165,-6,modernfamily,62,57,-5,bluecollarcomedy,82,79,-3,couplecomedy,120,113,-7,hairremovalspray,25,19,-6,coloradotattooartist,125,110,-15,powerboats,141,119,-22,gatorhunting,117,106,-11,tjmaxxfinds,133,128,-5,1milliondancestudio,189,178,-11,hombresdehoy,35,26,-9,yorkiesoftiktok,138,132,-6,gatito,185,173,-12,ruleofthirds,195,192,-3,pencucitandasviral,169,161,-8,questionsforcouples,103,93,-10,spacemission,101,97,-4,metalcasting,118,105,-13,nycc,93,81,-12,websitetips,184,178,-6,,,,,odellbeckhamjr,74,56,-18,ريال_مدريد,134,127,-7,casossinresolver,197,192,-5,celular,76,70,-6,puppetsoftiktok,167,162,-5,shanghaitravel,101,87,-14,is350,172,166,-6,minecrafter,179,172,-7,hedgehog,72,61,-11
tjmaxxfinds,135,130,-5,easymath,145,139,-6,orihime,174,171,-3,oilpainter,122,102,-20,boosted,186,180,-6,amordemama,162,153,-9,amordemama,162,153,-9,asmrmakeup,190,191,1,lipliner,64,64,0,affordablenails,160,150,-10,salestraining,181,164,-17,draincleaning,89,81,-8,unshadowbanmeplstiktok,192,186,-6,draincleaning,89,81,-8,lawschoolapplication,175,172,-3,nfcdefenseghouls,90,86,-4,tallahassee,105,91,-14,ncaavolleyball,184,174,-10,rice,78,74,-4,crochetproject,87,80,-7,南崁黃公舘,98,89,-9,cupidshuffle,155,153,-2,茶碗洗碗,123,110,-13,fruitydrink,121,115,-6,candytiktok,128,125,-3,mapanimation,172,169,-3,chicagohottie,78,63,-15,,,,,fitover40,50,42,-8,ufchighlights,195,181,-14,deaddadsclub,114,105,-9,salestraining,181,164,-17,mikeandike,110,102,-8,buldak,23,22,-1,hotpot,32,29,-3,течток,77,69,-8,mw4,43,34,-9,cancunbeach,197,183,-14,headmassage,154,146,-8,perimenopausia,166,155,-11,perimenopausia,166,155,-11,asesorialegal,152,141,-11,deepcleaning,54,51,-3,deepcleaning,54,51,-3,miniaturepainting,191,186,-5,oogwaymotivation,135,130,-5,子連れお出かけ,108,95,-13,parentingadvice,179,170,-9,goatlife,96,84,-12,fertilityreading,193,187,-6,malcolminthemiddle,104,99,-5,cnalife,115,112,-3,transformers,83,75,-8,femininecare,39,33,-6,pokemontattoo,139,124,-15,xmr850,106,83,-23,fishcatching,194,183,-11,modestfashion,179,174,-5,swingdancing,102,90,-12,matcanglen,150,141,-9,farmanimals,151,145,-6,siamesecat,181,168,-13,posingforwomen,106,102,-4,easyhomehacks,78,69,-9,bluecollarman,129,119,-10,reproductivesystem,137,133,-4,floralfoamasmr,136,122,-14,furrycon,146,134,-12,aiapps,111,104,-7,,,,,chicagocubs,116,98,-18,youthsports,183,176,-7,unidentified,109,103,-6,aitips,118,112,-6,miniaturepainting,191,186,-5,cancunbeach,197,183,-14,lakeoftheozarks,103,96,-7,redditstoriestts,187,180,-7,animalestiktok,159,148,-11
modestfashion,181,176,-5,репетиторпофизике,179,173,-6,toothless,179,176,-3,doodleart,135,112,-23,bidandwin,152,145,-7,parentingtok,170,161,-9,parentingtok,170,161,-9,burberrybeauty,197,198,1,alopecia,132,132,0,nailfail,70,58,-12,businessowners,200,183,-17,concreterepair,154,145,-9,viralquiz,104,97,-7,concreterepair,154,145,-9,classroomvibes,183,180,-3,haihuoc,114,110,-4,trialtok,123,109,-14,julianalvarez,112,101,-11,bakingtiktok,140,136,-4,knittingtiktok,110,103,-7,隆本靈隱寺,153,144,-9,danceideas,113,110,-3,sundayvlog,127,114,-13,coffeesyrup,191,185,-6,jerseymikessubs,99,95,-4,absn,187,184,-3,hardcorepawnshop,82,65,-17,,,,,momworkout,150,142,-8,khabib_nurmagomedov,121,106,-15,3dultrasound,158,149,-9,businessowners,200,183,-17,grocerylist,118,110,-8,drink,33,32,-1,chicagofood,37,34,-3,daejon,78,70,-8,fallout,76,67,-9,nycviews,94,78,-16,rollers,159,151,-8,saude,173,162,-11,saude,173,162,-11,tenochtitlan,189,178,-11,newapartment,70,66,-4,newapartment,70,66,-4,crybabychallenge,154,148,-6,동기부여,184,179,-5,cranegame,127,114,-13,inducelabor,162,152,-10,wildchicken,151,139,-12,birthchartreading,128,121,-7,paulbaker,156,150,-6,childishgambino,118,115,-3,brunomars,85,77,-8,bodyhair,68,62,-6,tattoolove,147,132,-15,trainlife,173,149,-24,fishcontent,88,76,-12,scrubs,95,89,-6,linedancingontiktok,130,118,-12,beyoba,161,150,-11,petparents,92,85,-7,boxersoftiktok,187,174,-13,الدمازين,122,118,-4,pembersihmesincuci,128,119,-9,datingredflags,148,138,-10,holographicuniverse,142,138,-4,powderasmr,168,154,-14,hiina,162,150,-12,voicetotext,154,147,-7,,,,,browns,67,48,-19,volleyballplayer,153,145,-8,cassiejostoddart,191,185,-6,samsungcase,128,122,-6,crybabychallenge,154,148,-6,nycviews,94,78,-16,seatcushion,150,143,-7,mw4,42,34,-8,oceanmystery,75,63,-12
scrubs,97,91,-6,integrals,184,178,-6,morty,52,48,-4,juicyorstreaky,184,161,-23,cleetusmcfarland,192,185,-7,sleeproutine,133,123,-10,sleeproutine,133,123,-10,makeup,1,1,0,barberia,188,188,0,utahnails,99,82,-17,landlordlife,157,139,-18,cloggeddrain,172,163,-9,آل_حيالله,167,160,-7,cloggeddrain,172,163,-9,schoolinterview,108,104,-4,britishlife,128,124,-4,landslide,82,67,-15,tackle,170,159,-11,mealprepideas,49,44,-5,tejido,118,111,-7,三年一科平安繞境,198,189,-9,бальныетанцы,176,173,-3,tourettesyndrome,155,141,-14,clearprotein,75,68,-7,balut,123,119,-4,legaltips,73,69,-4,madisonbailey,170,150,-20,,,,,entrenamientoencasa,158,150,-8,adrenalinerush,139,123,-16,33weekspregant,151,140,-11,landlordlife,157,139,-18,proteincereal,128,119,-9,bakery,81,80,-1,disneyfood,38,35,-3,powerstation,124,116,-8,kickstreaming,84,75,-9,lugaresincreibles,135,119,-16,hairstylistlife,169,161,-8,itchrelief,81,69,-12,itchrelief,81,69,-12,mesoamerica,146,134,-12,amazonhomefinds,78,74,-4,amazonhomefinds,78,74,-4,rchobby,163,157,-6,winningmindset,62,56,-6,clipnclimb,131,118,-13,augustdump,166,156,-10,steer,154,142,-12,energiapositiva,135,128,-7,jacobelordi,185,179,-6,whw,174,171,-3,truecrimetok,132,124,-8,kayali,114,108,-6,tattoomiami,177,162,-15,lotoshootout,58,28,-30,huntersoftiktok,152,140,-12,giftsforhim,99,93,-6,amobailar,146,133,-13,bandochoco,175,164,-11,caballo,170,163,-7,petfriendlyhome,82,68,-14,professionalphotography,194,190,-4,rabitovn,193,184,-9,datingpsychology,179,169,-10,curiosidadesdelcuerpo,197,193,-4,spirographshr,135,119,-16,bobinsky,56,39,-17,androidapps,177,170,-7,,,,,mourinho,115,96,-19,juliannewman,93,84,-9,appalachiantrail,40,33,-7,soundsystem,37,30,-7,rchobby,163,157,-6,lugaresincreibles,135,119,-16,bidandwin,158,151,-7,gtavi,55,47,-8,beardiesoftiktok,184,172,-12
giftsforhim,101,95,-6,matematik,67,60,-7,cartoons,70,66,-4,handmadepottery,154,129,-25,seatcushion,145,137,-8,bebeslindos,183,173,-10,bebeslindos,183,173,-10,jeffreestar,85,85,0,hairremoval,46,45,-1,zebranails,190,173,-17,sidehustleforbeginners,185,167,-18,treeclimber,189,180,-9,quiznight,191,184,-7,treeclimber,189,180,-9,rowanuniversity,41,36,-5,nursejohnn,129,125,-4,djt,198,183,-15,ionrunit,179,168,-11,chocolatechipcookies,118,112,-6,giftwrappingideas,139,132,-7,聖安侍子,169,159,-10,pointeshoes,50,46,-4,pobox,170,156,-14,poppipartner,95,88,-7,ratingfood,143,139,-4,pepperdine,182,178,-4,lolpodcast,92,71,-21,,,,,fitdad,192,184,-8,songyadong,30,13,-17,pumpandpour,85,73,-12,sidehustleforbeginners,185,167,-18,shrinkflation,125,115,-10,lonche,75,73,-2,dmvfoodie,49,46,-3,dualmonitor,187,179,-8,evelone,163,154,-9,leaningtowerofpisa,195,179,-16,sockcurls,117,108,-9,coccyxpain,115,103,-12,coccyxpain,115,103,-12,nacionalidad,155,143,-12,kitchenupgrade,119,115,-4,kitchenupgrade,119,115,-4,tinythings,198,191,-7,motivational_video,131,125,-6,kidsplayground,186,172,-14,expectingmom,108,97,-11,wildhorse,176,163,-13,prediccion,147,140,-7,rafecameronedit,191,185,-6,rickyandtheboss,59,55,-4,tonystark,158,150,-8,colognes,80,73,-7,tradtattoo,128,112,-16,youin,176,132,-44,fishingfun,53,39,-14,silver,174,168,-6,pinkhoodie,158,145,-13,71bếntre🌴_xinchao✌❤,180,169,-11,lizard,116,108,-8,chinchilla,171,157,-14,seniorphotographer,27,22,-5,knottutorial,60,50,-10,interacialcouple,181,170,-11,preschoolscience,200,196,-4,floralfoam,115,98,-17,第五人格コスプレ,172,154,-18,freewebsite,191,184,-7,,,,,jsn,174,155,-19,footballmom,118,109,-9,sightings,157,148,-9,s26ultra,103,96,-7,tinythings,198,191,-7,leaningtowerofpisa,195,179,-16,carlovers,146,138,-8,fallout,75,66,-9,alligators,170,157,-13
silver,176,170,-6,репетиторонлайн,119,112,-7,shadowthehedgehog,178,174,-4,grabieacrylicmarkers,145,118,-27,carlovers,141,132,-9,bayilucu,131,120,-11,bayilucu,131,120,-11,facialmassage,140,140,0,cosmetologystudent,121,120,-1,tampanails,60,42,-18,tradingmemes,142,121,-21,lawntrimmer,95,84,-11,guesstheemoji,82,74,-8,lawntrimmer,95,84,-11,pepperdineuniversity,146,141,-5,lostoys,60,55,-5,legaltips,181,165,-16,footballedits,110,98,-12,foodprep,170,164,-6,wreathmaking,147,140,-7,太保福濟宮,63,52,-11,coverdance,64,60,-4,cozynightin,197,182,-15,buzzballs,140,133,-7,papayasalad,168,164,-4,ksu,34,29,-5,aaronpierre,165,143,-22,,,,,barre,168,159,-9,aewallin,69,52,-17,tryingtoconcieve,154,142,-12,tradingmemes,142,121,-21,kinderbueno,61,50,-11,easymeals,91,89,-2,bagels,67,64,-3,bose,197,189,-8,subwaysurfers,174,165,-9,capriitaly,196,180,-16,bighair,158,149,-9,periodtok,180,167,-13,periodtok,180,167,-13,geographie,181,169,-12,kitchendesign,122,118,-4,kitchendesign,122,118,-4,fingerboarding,166,158,-8,motivaciónreal,172,166,-6,disneyexperience,96,81,-15,epoxyresin,176,165,-11,shirehorse,199,186,-13,horóscopo,190,183,-7,bumblebee,197,191,-6,covergirl,111,107,-4,49ers,69,60,-9,powderbrows,173,165,-8,tatuajesvirales,184,167,-17,lakeoftheozarksshootout,147,91,-56,biggestfish,172,157,-15,tiktokshopping,195,189,-6,dancetreend,177,164,-13,ecuatorianosporelmundo🇪🇨🌏💫🇪🇨💖💯🥰♥️🤝♥️,77,65,-12,dogcomedy,165,157,-8,catroom,104,89,-15,seniorphotography,147,139,-8,nhabep,145,134,-11,cheaterscaught,182,171,-11,comets,141,136,-5,badqualityasmr,180,163,-17,cutefurry,195,177,-18,alarmy,196,189,-7,,,,,ceedeelamb,195,176,-19,fineshi,129,120,-9,amityvillehorror,167,158,-9,jackery,175,168,-7,fingerboarding,166,158,-8,capriitaly,196,180,-16,daytona,138,127,-11,kickstreaming,83,74,-9,extinctanimals,134,119,-15
fallseason,77,70,-7,aprenderaleer,186,179,-7,rickprime,185,181,-4,botanicalart,164,137,-27,basshead,153,142,-11,5monthsold,65,51,-14,5monthsold,65,51,-14,dermatologisttested,157,157,0,nailpolish,161,160,-1,sallyhansen,115,97,-18,scamawareness,199,178,-21,котедж,114,103,-11,dabloonscat,190,182,-8,котедж,114,103,-11,hbcuculture,153,148,-5,burrowhalloweentreat,89,84,-5,copstv,130,113,-17,fantasydraft,177,164,-13,quickdinner,181,175,-6,clayideas,150,143,-7,斗六門池尊殿,72,61,-11,rewindablemoments,96,92,-4,romanticizinglife,113,97,-16,jarritos,113,105,-8,mipropiacomida,174,170,-4,innerstrength,98,93,-5,otfjam,194,172,-22,,,,,arnoldschwarzenneger,172,163,-9,merabdvalishvili,151,134,-17,pregnancyupdate,155,143,-12,scamawareness,199,178,-21,productosmexicanos,116,104,-12,dinnerrecipes,190,188,-2,koreanbbq,23,19,-4,octobuddy,85,76,-9,guessinggame,101,91,-10,travelitinerary,130,113,-17,360waves,173,164,-9,pharmacology,188,173,-15,pharmacology,188,173,-15,elizabethi,105,91,-14,scrubbing,187,183,-4,scrubbing,187,183,-4,smiskifigures,171,161,-10,whocasper,47,40,-7,disneydays,146,131,-15,dayinthelifevlog,178,167,-11,poultryfarming,94,80,-14,astrologer,87,79,-8,goodluckcharlie,117,110,-7,joejonas,150,146,-4,aistory,107,98,-9,missdior,157,147,-10,tattedgirl,138,116,-22,miamiboatramps,197,120,-77,bluesprings,174,159,-15,fallseason,75,68,-7,aerialdance,182,168,-14,indahsatukehidupan🥰💛,197,185,-12,bluebuffalo,101,90,-11,windowcat,109,94,-15,a6700,180,171,-9,magicmop,160,147,-13,seriousrelationship,94,82,-12,flerf,180,175,-5,bubblepops,197,177,-20,upmina,155,136,-19,trucoswhatsapp,108,100,-8,,,,,larams,99,79,-20,megatron,175,166,-9,horrorlovers,172,163,-9,computer,41,33,-8,smiskifigures,171,161,-10,travelitinerary,130,113,-17,basshead,159,148,-11,evelone,159,150,-9,hyrax,156,139,-17
fits,125,118,-7,tipsdeestudio,188,181,-7,brucewayne,190,186,-4,stainedglassartist,121,92,-29,rbt,199,188,-11,mamaprimeriza💜💓,110,96,-14,mamaprimeriza💜💓,110,96,-14,gettingready,189,189,0,beautyschool,142,140,-2,opi,86,66,-20,americanexpress,198,176,-22,канализация,169,158,-11,triviatime,101,92,-9,канализация,169,158,-11,quartersystem,199,193,-6,bearshauntrebound,92,87,-5,onpatrol,131,114,-17,runningmotivation,188,175,-13,platedinnerwithme,184,178,-6,cupwraps,155,148,-7,三年圓科,73,62,-11,dancelikenooneswatching,87,82,-5,aestheticvlog,142,126,-16,iced,87,78,-9,onioncups,147,142,-5,schoolvlog,120,114,-6,keepingupwiththekardashians,151,128,-23,,,,,trainingprogram,184,175,-9,mtbcrash,165,148,-17,happyheavenlybirthday,200,188,-12,americanexpress,198,176,-22,candymix,190,178,-12,cheflife,58,55,-3,ocfoodie,93,89,-4,fastcharge,100,91,-9,meganplays,156,146,-10,amazingplaces,115,97,-18,baskandlatherco,190,180,-10,bacterialvaginosis,83,67,-16,bacterialvaginosis,83,67,-16,kinghenryviii,199,185,-14,lawn,55,50,-5,lawn,55,50,-5,diecastcollectors,131,118,-13,confíaenti,129,122,-7,khuvuichoi,168,153,-15,summerdump,183,172,-11,pigletsoftiktok,111,86,-25,constelacionesfamiliares,168,159,-9,thementalist,50,42,-8,drumcover,151,147,-4,sonic,118,109,-9,estheticianlife,50,39,-11,microrealism,157,135,-22,avation,67,,,wintersurvival,119,103,-16,fits,123,116,-7,bailarin,119,103,-16,raineee,169,155,-14,staffy,156,144,-12,chihuahualife,169,154,-15,photographybusiness,89,77,-12,truquesdecasa,158,144,-14,proposalvideo,96,84,-12,thienvan,168,161,-7,rubegoldbergmachine,187,165,-22,косплеер,100,80,-20,efectoviral,141,133,-8,,,,,jamarrchase,114,93,-21,halamadrid,77,67,-10,truecrimeenespañol,200,191,-9,ssd,131,123,-8,diecastcollectors,131,118,-13,amazingplaces,115,97,-18,carowners,145,133,-12,subwaysurfers,170,161,-9,fishfarming,167,147,-20
supreme,154,147,-7,preschoolmath,195,188,-7,sonicthehedgehog,41,36,-5,windowart,199,170,-29,daytona,133,121,-12,dudidudidamdam,128,114,-14,dudidudidamdam,128,114,-14,ресницы,194,194,0,fragrances,172,170,-2,naillove,168,141,-27,tradinghumor,149,126,-23,hardscaping,137,125,-12,guesstheobject,168,159,-9,hardscaping,137,125,-12,schooledit,139,132,-7,ohiospookygridiron,91,85,-6,cps,101,83,-18,realmadridfc,132,117,-15,weeknightmeals,165,158,-7,handmadedecor,56,48,-8,草衙濟陽會,168,157,-11,amyah_bennett,130,124,-6,atlcaleb,140,123,-17,dalgona,107,98,-9,tropicalfruit,150,145,-5,highschoolreunion,155,149,-6,karenmendoza,156,133,-23,,,,,workingout,57,47,-10,jacobfatu,113,95,-18,pumpingjourney,139,126,-13,tradinghumor,149,126,-23,tropicalfruit,109,96,-13,sourdoughbread,82,79,-3,chicagothingstodo,119,115,-4,osmopocket3,153,141,-12,simulation,136,125,-11,travelcontentcreator,68,49,-19,cosmoschool,197,187,-10,gumhealth,168,152,-16,gumhealth,168,152,-16,medicalhistory,51,36,-15,movingday,115,110,-5,movingday,115,110,-5,pompompurin,138,125,-13,人性智慧,195,188,-7,playtopia,95,79,-16,maternalmentalhealth,192,180,-12,backyardfarm,125,100,-25,lunareclipse,63,53,-10,themiddle,58,50,-8,greyday,78,73,-5,sonicthehedgehog,160,151,-9,gourmandperfume,76,65,-11,tattooaddict,161,139,-22,bikerepair,72,,,longcasting,192,176,-16,supreme,152,145,-7,mjdance,159,143,-16,happyonly🦋✨,177,163,-14,boxerdog,119,105,-14,catbehavior,199,184,-15,позы,165,152,-13,astucepratique,183,168,-15,relationshiphacks,125,112,-13,eli5,156,148,-8,asmrmom,167,144,-23,invinciblecosplay,199,171,-28,bumpapp,160,151,-9,,,,,clevelandbrowns,171,150,-21,boxeo,80,70,-10,tr3b,116,106,-10,portablemonitor,159,151,-8,pompompurin,138,125,-13,travelcontentcreator,68,49,-19,c10,174,159,-15,meganplays,152,142,-10,deerfarm,175,155,-20
tiktokshopping,198,191,-7,mathchallenge,57,49,-8,aianimation,99,94,-5,caligraphy,195,163,-32,carowners,140,127,-13,socutebaby,190,176,-14,socutebaby,190,176,-14,makeuptrend,137,136,-1,gothmakeup,192,190,-2,celestialnails,197,166,-31,sidehustlesforbeginners,112,87,-25,waterproofing,142,130,-12,couplesquiz,79,69,-10,waterproofing,142,130,-12,8grade,184,177,-7,шутки,127,121,-6,prayfornepal,116,98,-18,rugby,135,119,-16,overnightoats,200,193,-7,yarnholder,92,84,-8,台中集玄殿神將社,181,170,-11,пилон,171,164,-7,productivemorning,178,160,-18,traderjoeswine,185,176,-9,bigbites,55,49,-6,freshmanyearofcollege,195,189,-6,oline,158,135,-23,,,,,zumbafitness,157,147,-10,zillafatu,177,157,-20,lossmom,171,158,-13,sidehustlesforbeginners,112,87,-25,mealplanner,158,144,-14,asmrmukbang,162,159,-3,nysfair,61,56,-5,creality,174,162,-12,reddeadredemtion2,187,176,-11,trainride,104,84,-20,tenderheaded,165,154,-11,sideeffects,197,181,-16,sideeffects,197,181,-16,englishhistory,140,125,-15,fallbedding,172,167,-5,fallbedding,172,167,-5,coleccionista,123,106,-17,positivequotes,86,78,-8,gapbimbim,174,158,-16,ilovemymom,94,81,-13,корова,132,106,-26,рыбы,158,148,-10,haydenpanettiere,79,71,-8,jheneaiko,94,89,-5,housemusic,165,156,-9,daxxify,200,189,-11,babytattoo,196,174,-22,767,73,,,njfishing,125,108,-17,tallgirl,100,92,-8,bailadores,127,110,-17,ys_skii,125,109,-16,minipig,181,167,-14,homewithcats,108,92,-16,storytellingphotography,96,82,-14,스크럽대디,200,185,-15,proposalideas,88,74,-14,totalsolareclipse,135,126,-9,dawndishsoap,163,137,-26,robincosplay,145,116,-29,زكاء_اصطناعي_خارق,65,54,-11,,,,,iangarry,196,174,-22,marathon,131,121,-10,stanleyhotel,139,129,-10,cellphone,81,72,-9,coleccionista,123,106,-17,trainride,104,84,-20,dieselmechanic,85,69,-16,leaks,198,188,-10,elephants,96,75,-21
tallgirl,102,94,-8,earlyreading,72,64,-8,stevenuniverseedit,133,128,-5,mindfulcoloring,161,126,-35,c10,166,152,-14,firstimemom,104,89,-15,firstimemom,104,89,-15,contacts,165,164,-1,lashtech,88,85,-3,laykhoe,173,138,-35,nft,187,160,-27,laminate,145,133,-12,generalknowledgequiz,92,81,-11,laminate,145,133,-12,collegeofcharleston,75,67,-8,batek_official,144,138,-6,realcops,142,124,-18,baseline,136,120,-16,sourdoughtok,99,90,-9,teachergiftideas,113,105,-8,南崁黃公館,127,113,-14,amapianochallenge,167,159,-8,osteosarcoma,168,148,-20,starbucksfalldrinks,60,50,-10,silkygem,120,114,-6,telescope,80,73,-7,lilyrosedepp,188,165,-23,,,,,runningjourney,161,151,-10,kidsboxing,198,173,-25,ripmom,145,131,-14,nft,187,160,-27,grocerydeals,86,69,-17,yum,60,56,-4,hellokittycafe,136,130,-6,solarpowerbank,200,188,-12,gta6leaks,112,99,-13,castles,200,173,-27,freshcut,140,128,-12,breastcancerawareness,98,81,-17,breastcancerawareness,98,81,-17,historytoks,161,145,-16,lawnmower,50,44,-6,lawnmower,50,44,-6,pincollector,143,126,-17,prominds,88,79,-9,halloweenevents,161,144,-17,twomoms,104,91,-13,свинки,187,146,-41,thelovers,103,92,-11,camprock3,178,170,-8,dualipa,132,127,-5,chriseanrock,101,91,-10,sandandfogperfumeoil,187,174,-13,portraittattoo,116,89,-27,pilottraining,84,,,pecheuse,161,144,-17,workbag,178,170,-8,alicebyheart,193,176,-17,çiğdemandiç,81,57,-24,mansbestfriend,197,182,-15,rescuekitten,167,150,-17,videotricks,131,116,-15,astucefacile,111,94,-17,latebloomer,144,129,-15,hubbletelescope,150,139,-11,winterasmr,148,113,-35,fivenightsatfreddyscosplay,118,86,-32,soulapp,146,135,-11,,,,,lasvegasraiders,191,167,-24,julianalvarez,171,160,-11,misteriosreales,185,175,-10,течток,88,79,-9,pincollector,143,126,-17,castles,200,173,-27,fordbronco,156,137,-19,simulation,133,121,-12,biodiversity,173,152,-21
workbag,180,172,-8,learnphysics,86,78,-8,kingofthehill,169,164,-5,paintbynumbers,181,143,-38,harleydavidsonmotorcycles,198,183,-15,cleftlip,166,151,-15,cleftlip,166,151,-15,бьютиблог,93,91,-2,pinkblush,98,95,-3,galaxynails,199,162,-37,finneasoconnell,189,161,-28,12hourshifts,198,184,-14,poisongame,117,106,-11,12hourshifts,198,184,-14,juniorhighschool,168,160,-8,shanegillisstandup,197,191,-6,scammeralert,161,143,-18,chelseafc,183,167,-16,pizzanight,111,102,-9,siliconemolds,176,167,-9,臨水夫人,193,179,-14,countryswing,112,102,-10,studentmom,183,163,-20,cola,86,76,-10,lordswork,132,126,-6,transferstudent,157,150,-7,madelyncline,135,111,-24,,,,,bailoterapia,186,174,-12,umarnurmagamedov,67,29,-38,adultkids,131,115,-16,finneasoconnell,189,161,-28,milkchocolate,179,162,-17,easydinner,65,61,-4,phillyfood,140,134,-6,oled,87,74,-13,lospollos,107,93,-14,sagradafamilia,168,130,-38,heatlesshair,144,132,-12,tonsilstones,191,174,-17,tonsilstones,191,174,-17,tienganh,128,107,-21,коттедж,73,67,-6,коттедж,73,67,-6,puppetry,188,171,-17,jordanbellfort,119,109,-10,battlekart,142,123,-19,28weekspregnant,122,109,-13,hatchingeggs,197,149,-48,eclipseseason,178,167,-11,человекпаук,114,104,-10,lastfirstday,200,195,-5,relationshipadvice,166,155,-11,bathbomb,115,98,-17,daintytattoos,118,87,-31,sail,85,,,crabseason,198,175,-23,gap,188,180,-8,moulinrougemusical,98,80,-18,白tチャレンジ,83,56,-27,petfriendlyhome,112,96,-16,bernedoodle,139,121,-18,instaposes,173,153,-20,truquedelimpeza,176,158,-18,datingstruggles,97,81,-16,humanbodyquiz,178,166,-12,chineseslime,155,116,-39,freddyfazbearcosplay,180,147,-33,speechtotext,182,171,-11,,,,,mylesgarrett,94,63,-31,hhnorlando,167,152,-15,twinparanormal,145,134,-11,daejon,90,81,-9,puppetry,188,171,-17,sagradafamilia,168,130,-38,tuning,197,178,-19,reddeadredemtion2,183,171,-12,arachnid,125,100,-25
bridevibes,96,87,-9,psat,109,101,-8,usagi,188,183,-5,paintingdate,198,152,-46,dieselmechanic,84,67,-17,babyname,132,115,-17,babyname,132,115,-17,cleanser,152,149,-3,haircaretips,79,75,-4,localnailtech,154,116,-38,queenofcountry,176,129,-47,treecutting,132,115,-17,challengegame,74,62,-12,treecutting,132,115,-17,alternativeschool,143,134,-9,coupleprank,72,64,-8,noticiasvirales,174,156,-18,larams,161,144,-17,pizzatime,119,110,-9,embroiderytok,135,125,-10,南桃園金虎爺會,117,102,-15,swingdancing,165,155,-10,bradleyonabudget,118,95,-23,swig,157,147,-10,foodcombos,190,182,-8,guru,184,177,-7,realitytvclips,130,98,-32,,,,,olympia,171,156,-15,lestermartinez,66,26,-40,crianzaconsciente,193,177,-16,queenofcountry,176,129,-47,newfoods,147,129,-18,crockpotrecipes,160,156,-4,chicagofoodie,77,70,-7,newiphone,107,94,-13,gamesnotiktok,166,152,-14,uktravel,161,85,-76,weddinghair,155,143,-12,fisioterapia,184,166,-18,fisioterapia,184,166,-18,ancientworld,132,111,-21,mopping,111,105,-6,mopping,111,105,-6,halloweentoys,197,179,-18,selflovequotes,53,42,-11,imagineering,166,147,-19,bigwalk,132,119,-13,horselover,27,,,soulconnections,89,77,-12,dharmann,158,148,-10,hunxho,135,129,-6,ghost,123,111,-12,sugaring,135,118,-17,newink,162,107,-55,boeing757,88,,,deerstand,188,160,-28,comfy,193,185,-8,kpopcommunity,114,96,-18,👄👄👄,25,,,adventuredog,154,137,-17,chihuahuapuppy,197,175,-22,lasvegasphotographer,50,29,-21,astucebricolage,151,131,-20,blackcouples,169,151,-18,electromagnetism,144,131,-13,whisper,19,,,ninonakanocosplay,197,160,-37,imagetovideo,199,188,-11,,,,,cincinnatibengals,185,153,-32,realmadridfc,198,182,-16,creepytales,151,140,-11,octobuddy,97,87,-10,halloweentoys,197,179,-18,uktravel,161,85,-76,beta,169,136,-33,gta6leaks,110,97,-13,lizards,135,108,-27
weddingguest,159,150,-9,chemistrypaper2,182,174,-8,alastor,192,187,-5,slipcasting,118,70,-48,fordbronco,150,131,-19,1yearolldbaby,154,137,-17,1yearolldbaby,154,137,-17,lashartist,64,60,-4,eyemakeup,137,133,-4,nails💅,8,,,calebhammer,16,,,grasscutting,192,170,-22,guessthedrink,65,52,-13,grasscutting,192,170,-22,senoiryear,105,95,-10,amberautrycomedy,151,143,-8,tintuc,160,141,-19,transfer,149,131,-18,foodcontent,155,145,-10,halloweencrochet,111,100,-11,善化轎友會,170,153,-17,populardances,184,174,-10,dailyjournal,96,71,-25,unicornfrappuccino,62,51,-11,saltandstraw,160,150,-10,popularscience,61,53,-8,my600lblife,86,50,-36,,,,,planche,182,167,-15,usmannurmagomedov,105,63,-42,coparent,122,104,-18,calebhammer,16,,,grocerysavings,176,156,-20,bartender,42,37,-5,hosted,150,143,-7,lenovo,137,124,-13,rlclips,173,159,-14,oregoncoast,11,,,glasshair,181,169,-12,cymbiotika,187,169,-18,cymbiotika,187,169,-18,louisianahistory,88,64,-24,kitchencleaning,166,160,-6,kitchencleaning,166,160,-6,3dprints,181,159,-22,menmotivation,164,152,-12,parcasterix,151,129,-22,cozynight,174,161,-13,showcattle,36,,,dailytarot,112,99,-13,obx5,113,102,-11,whitneyhouston,141,135,-6,patrickjane,147,135,-12,fragranceknowledge,195,171,-24,tattooinspo,16,,,urbanmobility,91,,,magnetfishingfinds,157,125,-32,etsyfinds,198,190,-8,dancemoments,166,148,-18,imissmyhome,30,,,petessentials,199,181,-18,birddog,193,151,-42,sonya6000,161,136,-25,cleaningcreator,196,174,-22,foreveryours,200,181,-19,cielonocturno,129,113,-16,satisfyingasmr,25,,,maskmaking,144,95,-49,adytips,157,140,-17,,,,,llws,170,127,-43,footballedits,169,151,-18,lapascualita,165,150,-15,fastcharge,114,104,-10,3dprints,181,159,-22,oregoncoast,11,,,carwash,23,,,snezhnaya,200,187,-13,herping,193,159,-34
gap,191,182,-9,математикаогэ,105,96,-9,sallyface,142,136,-6,artprocess,12,,,tuning,188,168,-20,babysoftiktok,140,119,-21,babysoftiktok,140,119,-21,maccosmetics,76,71,-5,hairasmr,150,144,-6,hardgel,29,,,financialaudit,22,,,lumber,197,174,-23,samewordchallenge,111,98,-13,lumber,197,174,-23,riceuniversity,147,137,-10,shelbanddyl,112,103,-9,murdertrial,177,157,-20,mourinho,197,179,-18,highproteinrecipes,169,157,-12,bouquettutorial,144,131,-13,同心行同路,156,138,-18,heelclick,143,132,-11,giftexchange,120,93,-27,alaniwitchesbrew,154,143,-11,buldakmukbang,103,92,-11,earthscience,126,117,-9,willitolives,168,127,-41,,,,,snatch,159,143,-16,iceskater,144,85,-59,raisinggirls,108,87,-21,financialaudit,22,,,sourpatchkids,84,62,-22,foodhacks,194,189,-5,birminghamal,184,177,-7,iphonerepair,151,138,-13,gta6new,180,166,-14,weekendtrip,18,,,nychairstylist,115,102,-13,bellspalsy,192,172,-20,bellspalsy,192,172,-20,antiguedad,175,151,-24,petfriendlyhome,90,83,-7,petfriendlyhome,90,83,-7,mrsfallout,135,112,-23,augustocury,85,72,-13,playtopiapalembang,153,124,-29,collegemom,200,187,-13,stockshowlife,41,,,amarredeamor,170,157,-13,optimusprime,48,36,-12,exchangestudent,149,143,-6,milesmorales,178,166,-12,perfumelayering,121,96,-25,tatto,24,,,мтз,92,,,viralfishing,182,146,-36,bridevibes,94,85,-9,therockyhorrorshow,117,98,-19,sharonosborne,32,,,goatsoftiktok,189,170,-19,labradorretriever,45,,,cancuntravel,85,58,-27,pembersihlantai,144,121,-23,datingstory,170,144,-26,falconheavy,78,57,-21,soapcutting,31,,,cosplayhack,161,89,-72,appsyouneed,197,173,-24,,,,,niners,156,108,-48,iceskating,181,150,-31,graywolf,199,184,-15,miniearbuds,158,148,-10,mrsfallout,135,112,-23,weekendtrip,18,,,subaru,27,,,lospollos,105,91,-14,parrot,10,,
comfy,196,187,-9,studytip,142,132,-10,tybw,175,169,-6,paintings,33,,,beta,161,130,-31,babyanddoglove,168,147,-21,babyanddoglove,168,147,-21,pores,167,161,-6,nativepartner,189,182,-7,nailcontent,35,,,freefood,30,,,garagedoorrepair,177,147,-30,guesstheitem,193,180,-13,garagedoorrepair,177,147,-30,collegescholarships,166,156,-10,husbandprank,100,90,-10,nycmayor,190,170,-20,oline,162,143,-19,easybreakfast,166,153,-13,ribbonbow,185,172,-13,蘆洲建設,136,108,-28,dubsmashchallenge,187,171,-16,yarnhaul,161,132,-29,21andover,142,128,-14,tryingnewfoods,109,98,-11,professorjiang,146,135,-11,fatimabosch,146,87,-59,,,,,dumbbells,140,123,-17,daytonainternationalspeedway,200,141,-59,highconflictcoparenting,86,62,-24,freefood,30,,,candiedfruits,101,79,-22,homebaker,119,113,-6,lambchop,87,79,-8,newtech,198,184,-14,counterstrike2,197,183,-14,scenery,28,,,hairstylistoftiktok,196,183,-13,hypothyroidism,199,176,-23,hypothyroidism,199,176,-23,tipslegales,179,155,-24,windowdecor,109,102,-7,windowdecor,109,102,-7,popit,134,109,-25,wisewordsoftheday,78,64,-14,dansemacabre,196,166,-30,morningmotivation,93,79,-14,rancher,44,,,espiritualidade,157,141,-16,kiaracarrera,181,168,-13,classiccountry,191,185,-6,sitcom,182,170,-12,tweezers,165,140,-25,tattoolife,34,,,دراجات,94,,,saltwater,21,,,weddingguest,157,148,-9,hbcudance,157,136,-21,tiktikhaitien🇭🇹,43,,,wasp,195,175,-20,pomeranian,55,,,streetphotography,5,,,crochetstrap,197,172,-25,modernrelationships,191,165,-26,carlsagan,106,84,-22,fastandaggressiveasmr,36,,,cosplaydance,32,,,magiamagia,158,129,-29,,,,,sportsbetting,137,,,redbull,34,,,thewarrens,187,171,-16,osmopocket3,174,161,-13,popit,134,109,-25,scenery,28,,,ferrari,38,,,gamesnotiktok,162,148,-14,marinebiology,39,,
matchingoutfits,170,160,-10,kindergartenmath,163,151,-12,headcanon,195,189,-6,chalkart,43,,,carwash,23,,,сыночки,115,93,-22,сыночки,115,93,-22,vaseline,45,36,-9,maccosmetics,187,174,-13,essie,51,,,savings,34,,,sandblasting,194,164,-30,lomba17agustus,103,88,-15,sandblasting,194,164,-30,pastudentlife,93,81,-12,funnymom,147,133,-14,inundacion,164,140,-24,statefarmpartner,195,170,-25,groundbeef,185,151,-34,wallhanging,192,179,-13,百人部隊,177,147,-30,handdance,132,112,-20,honestconversations,195,166,-29,pumpkinchai,50,35,-15,чтояем,166,155,-11,newyorkuniversity,139,127,-12,realitytv,6,,,,,,,30daychallenge,55,35,-20,ufcshanghai,127,61,-66,exclusivepumping,64,36,-28,savings,34,,,rebeccaschinese,165,143,-22,kitchenhack,185,179,-6,dallasfoodie,85,75,-10,miniprojector,196,166,-30,leahashe,142,127,-15,texastravel,30,,,overnightblowout,192,176,-16,braces,2,,,braces,2,,,forbiddenhistory,190,162,-28,maximalism,151,144,-7,maximalism,151,144,-7,clickeez,175,149,-26,motivationalpage,118,104,-14,playtopiamargocity,191,157,-34,badgereel,198,184,-14,calves,54,,,tarotreader,12,,,timcurry,74,60,-14,bensonboone,101,94,-7,obx,82,69,-13,jergenspartner,120,94,-26,tattoosleeve,44,,,boeing747,105,,,campfire,24,,,matchingoutfits,168,158,-10,runtheworld,178,157,-21,カメラを追う,44,,,catroom,143,121,-22,dachshundpuppy,56,,,retrocamera,48,,,produtodelimpeza,165,125,-40,compromiso,140,110,-30,satélites,189,155,-34,soapasmr,46,,,mikucosplay,33,,,uxui,115,85,-30,,,,,lanekififin,138,,,preworkout,111,,,dontwatchatnight,179,159,-20,creality,196,183,-13,clickeez,175,149,-26,texastravel,30,,,mercedesbenz,49,,,rlclips,169,155,-14,wildlifephotography,42,,
comfrt,137,126,-11,mathtricks,55,42,-13,машаимедведь,197,191,-6,artistlife,58,,,subaru,27,,,9months,88,61,-27,9months,88,61,-27,contactlenses,67,58,-9,scentoftheday,151,136,-15,dippowdernails,95,,,irs,58,,,plumbingtok,185,135,-50,guessthevoice,128,113,-15,plumbingtok,185,135,-50,terceirao,150,138,-12,натуралальбертович,139,123,-16,tariffs,183,159,-24,studentsection,187,161,-26,yummy,15,,,diaperbouquet,143,127,-16,鎮安宮,155,74,-81,kpopcommunity,185,163,-22,talkswithtom,165,135,-30,beerposter,130,114,-16,weirdsnacks,134,120,-14,wcu,173,161,-12,kimkardashian,18,,,,,,,gymaccessories,183,155,-28,umarnurmagomedov,164,94,-70,realmotherhood,94,66,-28,irs,58,,,caterer,168,142,-26,rice,146,139,-7,مطاعم,145,135,-10,rog,115,84,-31,familygamenight,188,172,-16,grandtetonnationalpark,61,,,haircareproducts,153,135,-18,pharmacy,20,,,pharmacy,20,,,usgeography,170,138,-32,ocedarmop,150,141,-9,ocedarmop,150,141,-9,eeyore,153,117,-36,promotivacional01,176,155,-21,clawmachine,23,,,handmadecraft,141,126,-15,pollos,68,,,capricorn,17,,,patrickjaneedit,120,106,-14,bichota,198,190,-8,beautyinblack,90,74,-16,fallperfume,147,116,-31,septumpiercing,45,,,airbusa380,119,,,gamewarden,34,,,comfrt,135,124,-11,tambourineministry,60,37,-23,msfatty,102,,,windowcat,149,127,-22,bigdog,71,,,instax,55,,,bañolimpio,39,,,divorcestory,95,64,-31,quantummechanics,58,,,асмрдлясна,49,,,hazbinhotelcosplay,46,,,whoo,130,97,-33,,,,,michiganwolverines,139,,,geauxtigers,116,,,huntedhouse,129,102,-27,oled,99,85,-14,eeyore,153,117,-36,grandtetonnationalpark,61,,,truckerlife,62,,,gta6new,176,162,-14,ants,50,,
lingerie,139,128,-11,equation,62,48,-14,madara,198,192,-6,custombanner,83,,,ferrari,37,,,hlhs,80,52,-28,hlhs,80,52,-28,moisturesurge,185,173,-12,lashartist,159,142,-17,nailremoval,113,,,xrparmy,72,,,copper,24,,,huesandcues,125,109,-16,copper,24,,,collegereality,156,136,-20,chrisandsammy,168,151,-17,unsolvedmystery,145,118,-27,littleleague,190,160,-30,cook,47,,,giftwrap,170,154,-16,1214,4,,,bailarin,192,170,-22,myalgicencephalomyelitis,181,140,-41,hotcocoa,186,164,-22,noreaction,119,103,-16,kingazoulay,32,19,-13,podercerdito❤️,43,,,,,,,fitnesschallenge,87,55,-32,redbull,4,,,proudparents,144,116,-28,xrparmy,72,,,weekofdinners,146,107,-39,mealprepideas,90,81,-9,loadedfries,149,139,-10,3dprints,190,159,-31,sokoban,171,153,-18,acadianationalpark,75,,,koreanhaircare,97,78,-19,kneepain,23,,,kneepain,23,,,etymology,57,,,gardeningtools,190,177,-13,gardeningtools,190,177,-13,collectibles,12,,,motivacionalquotes,167,138,-29,disneychristmas,48,,,babydiapers,155,138,-17,donkeys,92,,,witchlife,41,,,outerbanksedit,164,146,-18,ellalangley,61,52,-9,sayyestothedress,134,118,-16,sugaringhairremoval,198,161,-37,septumring,56,,,boeing767,125,,,pescaria,55,,,lingerie,137,126,-11,katseyexgap,163,134,-29,spiderlilyeditz,118,,,homewithcats,148,125,-23,blackcats,78,,,familyphotographer,59,,,multipurposecleaner,49,,,civilwedding,151,120,-31,humanbodyfacts,59,,,suds,64,,,cosplayersoftiktok,66,,,lucaswebq,100,64,-36,,,,,boisestate,142,,,michiganfootball,123,,,ghostbox,184,145,-39,iphonerepair,171,157,-14,collectibles,12,,,acadianationalpark,75,,,lowrider,73,,,counterstrike2,192,178,-14,bigcats,82,,
leopard,149,138,-11,calculation,110,94,-16,bleachtybw,114,107,-7,paintingart,86,,,mercedesbenz,48,,,babycry,175,139,-36,babycry,175,139,-36,macambassador,191,177,-14,vaseline,99,80,-19,nailclipper,116,,,finances,75,,,workvlog,68,,,relatablepartner,174,154,-20,workvlog,68,,,schooliscool,173,149,-24,siiri,170,149,-21,btsmedia,191,164,-27,gabrieljesus,176,128,-48,beans,97,,,cakecandle,175,156,-19,0101,7,,,tambourineministry,103,64,-39,rutinas,126,76,-50,collagencoffee,188,166,-22,candiedfruits,140,121,-19,curiosities,135,121,-14,santea,63,,,,,,,fitnesshacks,143,100,-43,miketyson,18,,,parentingtweens,159,125,-34,finances,75,,,candytable,172,130,-42,brisket,173,164,-9,neworleansfood,144,133,-11,madebygoogle,195,146,-49,springtrap,193,175,-18,disneyresorts,121,,,detroithair,175,156,-19,sleepapnea,97,,,sleepapnea,97,,,lenguajecorporal,76,,,spinmop,164,145,-19,spinmop,164,145,-19,fidgettoy,24,,,selfbelief,20,,,disneyhacks,52,,,pumpandpour,182,162,-20,indiogigante,108,,,capricorn♑️,61,,,sarahcameron,174,156,-18,ellalangleymusic,107,98,-9,lorelaigilmore,137,119,-18,fallscent,184,145,-39,inktherapy,87,,,электросамокаты,126,,,pescadores,77,,,leopard,147,136,-11,kpopcovergroup,122,83,-39,หน้าอิโมจิ,121,,,bernedoodle,198,165,-33,toypoodle,107,,,portraitphotographer,75,,,tipshogar,64,,,married,3,,,3iatlas,62,,,realpersonasmr,67,,,animecon,74,,,ciberseguridad,42,,,,,,,bryceunderwood,146,,,miketyson,144,,,creepyman,188,147,-41,lenovo,155,140,-15,fidgettoy,24,,,disneyresorts,121,,,burnout,81,,,leahashe,138,123,-15,wildlifeconservation,99,,
backtoschooloutfit,155,144,-11,ipn,143,127,-16,rickandmortyedit,124,117,-7,colorbynumber,92,,,truckerlife,61,,,fraternaltwins,136,95,-41,fraternaltwins,136,95,-41,vitamincserum,173,155,-18,contactlenses,167,135,-32,polygeltutorial,166,,,ripple,79,,,treework,74,,,intuitionchallenge,156,124,-32,treework,74,,,خريجة,196,168,-28,horace,140,118,-22,briansteel,199,171,-28,intermiami,139,89,-50,tacotuesday,101,,,tejer,158,138,-20,1009,11,,,kpopcovergroup,195,142,-53,chemo,21,,,pumpkindrinks,169,145,-24,foodchallenges,82,59,-23,rowanuniversity,147,130,-17,briolsen,74,,,,,,,preworkout,11,,,kimiantonelli,44,,,singlemotherhood,197,145,-52,ripple,79,,,catering,14,,,fallmenu,166,150,-16,foodfestival,181,169,-12,smartphone,49,,,mlbbxjjk,198,178,-20,palawan,140,,,стрижка,172,152,-20,nmn,104,,,nmn,104,,,animalscience,96,,,buildingahouse,170,150,-20,buildingahouse,170,150,-20,trinkets,25,,,motivationspeech,37,,,disneycastle,71,,,birthdaycelebration,158,136,-22,petpig,109,,,earthsigns,67,,,petercullen,118,88,-30,tydollasign,170,160,-10,rafecameron,180,162,-18,laser,18,,,forearmtattoo,101,,,aircraftdetailing,137,,,shedhunting,116,,,backtoschooloutfit,153,142,-11,highschooldanceteam,161,111,-50,massageinsg,134,,,parrot,53,,,orangecats,143,,,laphotographer,80,,,ライフハック,88,,,weddingreception,43,,,veritasium,82,,,natureasmr,72,,,magicshow,96,,,webdevelopment,66,,,,,,,nightcap,149,,,bodybuilder,151,,,terrorifico,48,,,newiphone,123,106,-17,trinkets,25,,,palawan,140,,,dodgecharger,97,,,sokoban,167,149,-18,animais,100,,
fdoc,114,100,-14,mathstricks,120,103,-17,lorax,183,175,-8,charcoaldrawing,98,,,lowrider,72,,,squishybaby,139,94,-45,squishybaby,139,94,-45,azelaicacid,141,120,-21,hairremovalspray,176,137,-39,beginnernailartist,169,,,cvsdeals,89,,,fireman,85,,,bingogames,182,127,-55,fireman,85,,,collegemoveinday,103,68,-35,bartenderstories,187,163,-24,texasnews,154,121,-33,michiganfootball,81,,,tasty,116,,,custombouquet,164,144,-20,0406,17,,,newdancechallenge,55,,,workvlog,37,,,chailatte,134,103,-31,2x2is2,164,140,-24,extinctanimals,152,131,-21,hamzahthefantastic,81,,,,,,,bodybuilder,13,,,taekwondo,46,,,pregnancyjourney,3,,,cvsdeals,89,,,swedishcandy,27,,,bartenderlife,118,101,-17,atlantacheck,183,164,-19,pcsetup,57,,,grandtheftauto6,91,70,-21,madeira,143,,,damagedhair,79,,,orthopedics,126,,,orthopedics,126,,,queerhistory,97,,,movein,174,154,-20,movein,174,154,-20,screenfreeplay,60,,,inspiredaily,42,,,thesmiler,80,,,craftymom,146,122,-24,frisones,143,,,estadounidos🇺🇸,93,,,deanwinchester,97,,,madisonsquaregarden,187,176,-11,rorygilmore,129,108,-21,herfantasybox,69,,,tattoocommunity,106,,,siklistangtiktoker,138,,,fishingvideo,121,,,polo,199,188,-11,ilovedancing,199,144,-55,각도의중요성,142,,,labradorretriever,62,,,guineapigs,145,,,pointandshoot,81,,,limpiezarápida,98,,,agegapcouple,48,,,neurosciencetok,88,,,satisfatorio,100,,,keegan,111,,,cheatingpartner,86,,,,,,,iowastate,157,,,ufcparis,152,,,haunteddolls,66,,,rog,132,95,-37,screenfreeplay,60,,,madeira,143,,,carbonfiber,139,,,springtrap,188,170,-18,monarchbutterfly,111,,
teacherootd,195,181,-14,geogebra,165,143,-22,spidermanacrossthespiderverse,128,119,-9,drawingideas,105,,,burnout,80,,,babylove,10,,,babylove,10,,,theordinary,158,,,nails💅,97,,,nailremovalhack,174,,,walgreenscouponing,98,,,sheetrock,131,,,juegosdemesa,67,,,sheetrock,131,,,hawaiipacificuniversity,162,121,-41,stantwitter,68,,,freespeech,153,116,-37,teamusa,151,,,sourdoughbaking,133,,,sewingtipsandtricks,162,137,-25,0908,28,,,krump,93,,,dumpster,64,,,pumpkinlatte,100,66,-34,ramenmukbang,187,160,-27,mindsettransformation,174,153,-21,heeseung,83,,,,,,,legs,14,,,boxingfans,107,,,grandmasoftiktok,15,,,walgreenscouponing,98,,,pizookie,31,,,sourdoughtok,188,168,-20,coffeshop,190,168,-22,hometech,61,,,modernwarfare4,146,121,-25,barharbor,153,,,finehair,118,,,naturalwellness,130,,,naturalwellness,130,,,procesomigratorio,113,,,furniture,22,,,furniture,22,,,disneypintrading,102,,,danpena,107,,,buschgardenstampa,100,,,momroutine,186,158,-28,cavalli,152,,,brujo,102,,,cine,110,,,trippieredd,153,114,-39,optimusprime,195,171,-24,faketan,97,,,ornamentaltattoo,110,,,muddybottoms,150,,,proangler,127,,,teacherootd,192,179,-13,newdancechallenge,34,,,tiêutiêu,145,,,tuckerbudzyn,72,,,goldensoftiktok,147,,,kodakphotoprinter,82,,,lifehacksde,118,,,relationshipquotes,55,,,corpshumain,109,,,honeykeyboard,126,,,madokacosplay,129,,,whatsappmessages,112,,,,,,,pennstatefootball,161,,,legs,155,,,mystere,95,,,smartphone,54,,,disneypintrading,102,,,barharbor,153,,,hypercar,144,,,mlbbxjjk,193,173,-20,sulcata,128,,
knitting,197,175,-22,mathstudent,198,172,-26,sethmacfarlane,167,156,-11,natureart,106,,,dodgecharger,95,,,babytiktok,13,,,babytiktok,13,,,maybellinepartner,160,,,laser,144,,,halloweennailart,175,,,calebhammerclips,117,,,insulation,138,,,اسئلة_دينية,127,,,insulation,138,,,ncat27,172,125,-47,couldabeenrecords,155,,,atlanticcitynj,179,137,-42,georgiabulldogs,158,,,homecook,168,,,tambourembroidery,198,166,-32,malaysialiondance,59,,,量産型,105,,,partnerloss,109,,,coffeeathome,29,,,swedishcandy,42,,,gentlereminder,190,168,-22,findjeremiah,133,,,,,,,glutegrowth,23,,,skiseason,140,,,brothersisterlove,71,,,calebhammerclips,117,,,minicake,50,,,yummy,22,,,cltnc,80,,,inductionspeaker,64,,,lowtiergod,89,63,-26,skywalk,165,,,brownhair,119,,,breathwork,135,,,breathwork,135,,,demographics,116,,,casa,25,,,casa,25,,,animemerch,103,,,motivationalshort,149,,,expeditioneverest,102,,,highconflictcoparenting,181,139,-42,backyardbreeder,153,,,norteamerica🇲🇽🇺🇸🇨🇦,131,,,wednesday,111,,,beyoncé,54,,,realitytv,49,,,palmers,151,,,navel,124,,,ebikeaccessories,157,,,jaxon,137,,,fdoc,112,98,-14,krump,55,,,сербски,153,,,pomeranian,74,,,dogbath,150,,,oldcamera,84,,,kitchencleaninghacks,126,,,weddingvideographer,70,,,sciences,110,,,pregnacycravings,131,,,deadpoolcosplay,130,,,howtospyonmyspousewhatsapp,133,,,,,,,tennesseevols,173,,,georgiafootball,160,,,deepweb,114,,,pcsetup,65,,,animemerch,103,,,skywalk,165,,,challenger,149,,,grandtheftauto6,90,69,-21,sulcatatortoise,139,,
daisychain,127,75,-52,satprep,11,,,acrossthespiderverse,189,173,-16,creativeart,109,,,carbonfiber,134,,,babyledweaning,41,,,babyledweaning,41,,,redlipstick,170,,,whiteningtoothpaste,179,,,gothicnails,180,,,couponingdealsthisweek,140,,,viraltiktokforyoupage,148,,,thinkalike,135,,,viraltiktokforyoupage,148,,,bachelorsdegree,76,,,anwarjibawi,174,,,abcnews,8,,,hookem,160,,,southerncooking,171,,,подароксвоимируками,148,115,-33,開基玉皇宮,100,,,picoriverasportsarena,157,,,rejectiontherapy,110,,,matchatok,45,,,weirdfood,88,,,medicalhistory,178,139,-39,erikakirk,134,,,,,,,качалка,69,,,whip,145,,,induction,95,,,couponingdealsthisweek,140,,,dulcesenchilados,99,,,cook,88,,,phillycheesesteak,103,,,iphonewallpaper,80,,,brainteaser,139,105,-34,travelplanning,169,,,bun,131,,,functionalmedicine,146,,,functionalmedicine,146,,,قانون,129,,,realestateinvesting,131,,,realestateinvesting,131,,,peluche,104,,,motivationalsuccess,150,,,bavarianinn,113,,,draincleaner,191,140,-51,aninals,167,,,nortecarolina🇲🇽🇺🇲,142,,,edwardcullen,150,,,zachbryan,89,,,abcnews,51,,,toothgems,154,,,stickandpokes,127,,,yates,160,,,lovefishing,138,,,funnyshirt,200,183,-17,communitytheatre,79,,,joemeltadiaman,157,,,dachshundpuppy,75,,,perrostiktok,158,,,ricoh,167,,,vesinhnhacua,134,,,mixedcouple,73,,,antimatter,114,,,soapy,134,,,pinkiepiecosplay,142,,,pctricks,156,,,,,,,oregonfootball,177,,,bigten,161,,,ttm,123,,,hometech,71,,,peluche,104,,,travelplanning,169,,,electricdirtbike,155,,,modernwarfare4,142,118,-24,floridawildlife,153,,
glasses,39,,,sattips,44,,,blackclover,108,,,bobbiegoods,112,,,hypercar,139,,,babyhealth,120,,,babyhealth,120,,,porecare,182,,,gingerhair,182,,,pressonnailtutorial,184,,,banks,151,,,roadwork,152,,,pokernight,142,,,roadwork,152,,,universityofwashington,119,,,dontlaugh,180,,,tornado,21,,,shoheiohtani,164,,,tempe,177,,,craftideas,19,,,donggang,111,,,caporales,158,,,adultfriendships,112,,,coke,61,,,takisfuego,97,,,satprep,60,,,zaynmalik,137,,,,,,,upperbodyworkout,109,,,wakesurf,148,,,baby2026,126,,,banks,151,,,greatvalue,127,,,coffeeathome,131,,,thingstodoinboston,172,,,robotvacuum,104,,,gta6trailer,157,119,-38,sunsetlovers,171,,,rainbowhair,141,,,microbiome,152,,,microbiome,152,,,geotok,141,,,homeforsale,133,,,homeforsale,133,,,toyunboxing,118,,,remindertomyself,162,,,montu,115,,,exclusivepumping,151,92,-59,bonkey,168,,,طاقة,151,,,criminalminds,151,,,temazo,157,,,lsu,79,,,feminineproducts,160,,,suntattoo,141,,,defensetech,169,,,survivalshelter,142,,,knitting,194,173,-21,caporales,95,,,zapobedu,162,,,bigdog,100,,,catlitter,165,,,dcphotographer,169,,,floorclean,135,,,ilovemyfiance,109,,,schrodinger,128,,,fullscreen,143,,,фокусник,153,,,instahack,166,,,,,,,indianafootball,179,,,vols,166,,,paranormalevidencecaughtoncamera,124,,,inductionspeaker,74,,,toyunboxing,118,,,sunsetlovers,171,,,trx,160,,,lowtiergod,88,62,-26,reptileenclosure,165,,
tiktokshoprestock,79,,,رياضيات,88,,,httyd,154,,,artprints,128,,,challenger,144,,,babycontent,172,,,babycontent,172,,,urbandecay,184,,,fentybeauty,183,,,nailcharms,185,,,cashflow,159,,,soldador,171,,,dicegames,143,,,soldador,171,,,dreamcollege,136,,,viralmemes,185,,,accident,29,,,carlosalcaraz,169,,,foodvideo,178,,,kidscraft,108,,,官将首,123,,,purobailando,179,,,asmrvlog,150,,,whiskeyglass,168,,,spicychips,113,,,selfbelief,153,,,braxtonberrios,153,,,,,,,gymstyle,112,,,salahdineparnasse,159,,,nephews,147,,,cashflow,159,,,icecreamtime,169,,,beans,186,,,njrestaurants,186,,,fitnesstracker,121,,,horrorgame,63,,,newenglandfall,175,,,curlyhairtips,146,,,dehydration,164,,,dehydration,164,,,dinosaurfacts,164,,,arearug,144,,,arearug,144,,,unboxingtoys,141,,,liveinthepresent,171,,,bumpercars,116,,,pregnancyjourney,7,,,budweiserclydesdales,171,,,candlemagic,153,,,sunriseonthereaping,172,,,gunsnroses,172,,,ohiostate,150,,,ombrebrows,164,,,bellyrings,154,,,nyctransit,171,,,wadefishing,147,,,daisychain,125,73,-52,purobailando,110,,,nini1235,170,,,blackcats,108,,,petsitter,172,,,selfiehacks,179,,,ratkiller,143,,,myforeverlove,145,,,vialactea,136,,,sandasmr,161,,,dandysworldcosplay,157,,,peechapp,168,,,,,,,ugafootball,181,,,secfootball,170,,,creepyplaces,131,,,iphonewallpaper,92,,,unboxingtoys,141,,,newenglandfall,175,,,slammed,163,,,gta6trailer,153,116,-37,lovemonkey,181,,
tjmaxx,92,,,данирбаев,103,,,animatic,158,,,cursivewriting,137,,,electricdirtbike,149,,,twintok,179,,,twintok,179,,,crueltyfree,188,,,cerave,186,,,okcnailtech,188,,,extremecouponer,164,,,jaw,181,,,настольнаяигра,169,,,jaw,181,,,lastschoolyear,174,,,drumar,188,,,leftist,38,,,benshelton,182,,,pozole,183,,,origamitutorial,121,,,麻豆金蓮寺,134,,,moderndance,181,,,spendadaywithme,174,,,instantcoffee,174,,,tacobellorder,124,,,stis,164,,,quenlinblackwell,166,,,,,,,breathedivinity,123,,,rzrlife,163,,,lactationconsultant,148,,,extremecouponer,164,,,traderjoeslist,182,,,cupcakes,187,,,bayareafood,191,,,amd,133,,,zombie,69,,,effieltower,179,,,recedinghairline,170,,,coldandfluseason,165,,,coldandfluseason,165,,,محامي,166,,,smallspace,165,,,smallspace,165,,,emotionalsupportstuffedanimal,142,,,强者思维,181,,,christmasatdisney,117,,,grandmasoftiktok,33,,,pintinhos,172,,,aquariuszodiac,180,,,michealmyers,190,,,classicrock,173,,,sheldon,184,,,fragrancelayering,178,,,necktatto,175,,,foldingebike,179,,,مضيق_هرمز,150,,,glasses,37,,,bailarines,140,,,بحرى_خطر,176,,,toypoodle,147,,,doggie,174,,,slowshutter,181,,,productodelimpieza,150,,,relationshiptiktok,147,,,млечныйпуть,151,,,coreyasmr,174,,,kpopdemonhunterscosplay,163,,,trucodegoogle,170,,,,,,,ohiostatebuckeyes,182,,,alexandratrusova,177,,,kinpanama,140,,,robotvacuum,121,,,emotionalsupportstuffedanimal,142,,,effieltower,179,,,chrysler300,170,,,horrorgame,62,,,possumsoftiktok,182,,
womenfashion,98,,,probability,144,,,asta,173,,,texturedart,146,,,trx,154,,,sortingceremony,184,,,sortingceremony,184,,,lashestutorial,192,,,грвм,191,,,nailasmr,189,,,retirementgoals,166,,,строительство,182,,,whosmostlikelyto,185,,,строительство,182,,,yonseiuniversity,188,,,adulthumor,190,,,publicsafety,87,,,goblue,186,,,baketok,186,,,toploader,129,,,麻豆鼓,135,,,udanationals,188,,,spendtheeveningwithme,177,,,lakewood,178,,,jmango,173,,,pharmacyschool,168,,,briannaolsen,182,,,,,,,pilatesclass,125,,,mercedesf1,166,,,21weekspregnant,177,,,retirementgoals,166,,,grocerytips,192,,,fooddeals,189,,,elpasotx915,192,,,camaradeseguridad,152,,,halloweengame,133,,,positanoitaly,183,,,airwrap,182,,,healthwarning,172,,,healthwarning,172,,,ancienttech,187,,,homesforsale,186,,,homesforsale,186,,,marbles,157,,,dailylifemotivation,185,,,canadawonderland,145,,,chemo,76,,,donkeyrescue,175,,,esoterismo,182,,,tonymontana,192,,,marcoantoniosolis,180,,,rave,187,,,perfumeforwomen,182,,,angeltattoo,176,,,autobuses,183,,,campingadventure,156,,,tiktokshoprestock,77,,,dancechallege,162,,,desiinspain🇮🇳🇪🇸,182,,,funnyparrots,179,,,seniorcat,178,,,laviem,183,,,smarthack,159,,,adviceforwomen,150,,,gasgiant,170,,,glasscutting,177,,,chosocosplay,174,,,hypicphotoediting,185,,,,,,,mississippistate,187,,,buckeyes,182,,,scaryplaces,146,,,fitnesstracker,139,,,marbles,157,,,positanoitaly,183,,,toyotatacoma,175,,,zombie,68,,,natureasmr,188,,
maxidress,119,,,mathlover,151,,,howtotrainyourdragon,177,,,artdrawings,170,,,slammed,156,,,trisomy21,191,,,trisomy21,191,,,holygrail,193,,,karseellhairmask,194,,,dragonnails,193,,,preciousmetals,173,,,pintores,186,,,cardgamesoftiktok,187,,,pintores,186,,,collegevisit,193,,,jeffarcuri,193,,,tpusa,106,,,clemsonfootball,193,,,avocado,187,,,paperplane,154,,,西港慶安宮,154,,,muzz,190,,,beatcancer,180,,,7brewsecretmenu,184,,,eatwithnoi,193,,,usm,171,,,wendolynortiz,187,,,,,,,rotatorcuff,170,,,entrance,169,,,bestgrandma,184,,,preciousmetals,173,,,costcobuys,193,,,tacotuesday,193,,,thingstodoinnj,194,,,vivox200pro,169,,,dti,149,,,grandteton,187,,,cuidadocapilar,189,,,parkinsons,177,,,parkinsons,177,,,intonation,193,,,coffeetable,195,,,coffeetable,195,,,sanriocore,174,,,quoteforlife,189,,,puyallupfair,149,,,craftideas,83,,,horsebarn,184,,,estadosunidos🇺🇸🇺🇲🇺🇲🇺🇲🇺🇲🇺🇲🇺🇲🇺🇲,184,,,spencerreidedit,193,,,indierock,185,,,hogwarts,189,,,womenperfume,189,,,blackandgraytattoo,182,,,f15eagle,189,,,creativefishing,173,,,tjmaxx,90,,,newdc,190,,,notyourreemar,188,,,marinebiology,180,,,furbabies,180,,,photoboothideas,184,,,savondemarseille,172,,,paypig,164,,,kepler22b,172,,,satisfyin,184,,,draculauracosplay,179,,,herramientasia,186,,,,,,,chrispaul,188,,,miamihurricanes,187,,,icebergs,147,,,amd,149,,,sanriocore,174,,,grandteton,187,,,subasta,180,,,dti,145,,,coralreef,191,,
athleisure,140,,,becaritacetina,172,,,rezeroedit,180,,,posca,174,,,chrysler300,162,,,newbornbabies,193,,,newbornbabies,193,,,acneskin,195,,,perfumereview,196,,,pumpkinnails,194,,,dolar,177,,,teacherhacks,187,,,doremifasolatido,188,,,teacherhacks,187,,,residencymatch,194,,,jimmycarr,195,,,alerta,107,,,lonzoball,194,,,tortillas,190,,,cricuthacks,165,,,ancientheavenlypalace,175,,,familydance,194,,,cornbossup,186,,,poppingboba,189,,,cookiesoftheweek,195,,,nychistory,189,,,bbn,189,,,,,,,jonskywalker,177,,,сашатрусова,180,,,badinlaws,185,,,dolar,177,,,asianstore,195,,,tamales,196,,,arepas,195,,,roomba,179,,,gtaviral,155,,,balitravel,189,,,dysonairwrap,193,,,pharmacytiktok,178,,,pharmacytiktok,178,,,forbiddenknowledge,194,,,interiorinspo,196,,,interiorinspo,196,,,marbleracing,183,,,usamotivation,191,,,disneysanimalkingdom,156,,,streetphotography,90,,,cavalos,186,,,folkmagic,187,,,fastandfuriousedit,195,,,chalant,190,,,hulu,190,,,fragranceformen,192,,,inktok,188,,,кикшеринг,191,,,fishingchallenges,178,,,womenfashion,96,,,salsachoque,192,,,kurtkizi🕊️✌️,189,,,wildlifephotography,186,,,saintbernard,182,,,cameratripod,185,,,ideascaseras,177,,,weddingdesign,172,,,microbio,181,,,satisfyingcontent,186,,,cosp,187,,,ماجد_العواضي,190,,,,,,,big12,190,,,leaguescup,189,,,spookyplaces,162,,,camaradeseguridad,172,,,marbleracing,183,,,balitravel,189,,,detailingcars,184,,,gtaviral,151,,,palomas,195,,
boutique,144,,,умножение,176,,,kaiser,186,,,fypart,182,,,toyotatacoma,167,,,mysunshine,195,,,mysunshine,195,,,biorepartner,196,,,makeuplook,197,,,novoovo,195,,,businessfunding,184,,,bluecollarjobs,188,,,airmail,197,,,bluecollarjobs,188,,,khaigiang,195,,,francoescamilla,196,,,gasprices,129,,,laligahighlights,196,,,charcuterie,194,,,diywreath,168,,,震天家族,188,,,freakumdress,197,,,carcrashsurvivor,188,,,chiaseedwater,194,,,bestasmr,196,,,neuroanatomy,196,,,iwasntexpectingababy,191,,,,,,,glutemax,196,,,alpine,186,,,raisingcultures,187,,,businessfunding,184,,,thriftyicecream,196,,,catering,197,,,tampafood,196,,,wirelessspeaker,185,,,gamingtok,158,,,hotelsandresorts,190,,,phillyhairstylist,194,,,anxietysupport,182,,,anxietysupport,182,,,visadetrabajo,195,,,spacesaver,197,,,spacesaver,197,,,pokemonpacks,192,,,inspirationalwords,194,,,casinonight,162,,,workvlog,127,,,honorsystemfarmstand,192,,,geminis♊️,188,,,интерны,196,,,asake,194,,,bts_official_bighit,196,,,manspot,194,,,luciefication,189,,,rafale,194,,,letsgofishing,193,,,maxidress,117,,,tangoargentino,194,,,vhd_iu25,194,,,maltese,187,,,labpuppy,188,,,studiophoto,190,,,produkberkesan,191,,,bossromance,177,,,cienciaexplicada,187,,,chiropracticasmr,188,,,renfairecosplay,190,,,полезныесайты,194,,,,,,,conorbenn,193,,,barça,192,,,apariciones,170,,,fold,180,,,pokemonpacks,192,,,hotelsandresorts,190,,,pontiac,196,,,gamingtok,154,,,montereycalifornia,197,,
septum,185,,,usamath,187,,,animejapan,187,,,doodleideas,190,,,subasta,172,,,primeraño,196,,,primeraño,196,,,exfoliate,198,,,adventcalendar,198,,,sandiegonails,196,,,facebookads,192,,,constructiontiktok,193,,,brainquiz,198,,,constructiontiktok,193,,,lise,197,,,ukbanter,198,,,scamalert,180,,,notredamefootball,198,,,hotdogbun,195,,,starpaper,186,,,地方文化,189,,,vello,198,,,timestamps,190,,,drinkrecipes,196,,,ไข่ลูก,197,,,mbg,197,,,yellabeezy,192,,,,,,,kegelexercises,197,,,downhillmtb,188,,,iui,194,,,facebookads,192,,,bizcochodominicano,198,,,cafecito,198,,,longislandeats,198,,,drflash,188,,,wemmbu,170,,,norwegiancruiseline,191,,,knotless,195,,,thevagdoc,195,,,thevagdoc,195,,,egyptianhistory,197,,,entrywaydecor,198,,,entrywaydecor,198,,,creditcardskin,196,,,motivationusa,197,,,photopass,195,,,brothersisterlove,159,,,chickenlove,193,,,привязка,197,,,aidrama,198,,,latinmusic,196,,,wolverine,197,,,clubdenuit,196,,,geometrictattoo,192,,,bikelight,195,,,alaskafishing,197,,,athleisure,138,,,theatrelife,197,,,alxynstok,198,,,animaltok,188,,,groomingtips,190,,,dancephotoshoot,196,,,kegoctuong,192,,,noahandlori,193,,,letmeexplainsomething,195,,,satisfyingvisuals,195,,,ralseicosplay,196,,,filetransfer,195,,,,,,,heisman,197,,,texasfootball,193,,,conspiración,182,,,vivox200pro,188,,,creditcardskin,196,,,norwegiancruiseline,191,,,carsafety,198,,,wemmbu,166,,,wildlifetok,198,,
kidsfashion,199,,,codingforkids,190,,,wileecoyote,194,,,почерк,192,,,detailingcars,176,,,firstbirthdayideas,197,,,firstbirthdayideas,197,,,brownlashes,199,,,gurwm,199,,,nailstickers,198,,,bathandbodyworks_partner,195,,,weldingschool,199,,,sisterchallenge,199,,,weldingschool,199,,,scholarshiptok,198,,,britishnostalgia,199,,,noticiasen1minuto,186,,,grandslam,199,,,cookierecipe,198,,,tejidosacrochet,189,,,跳鍾馗,197,,,beginnerdance,199,,,nonhodgkinslymphoma,192,,,toastedmarshmallow,198,,,thebreaker06,199,,,профмат,199,,,quenblackwell,198,,,,,,,yogapractice,199,,,illiatopuria,193,,,stillbirth,198,,,bathandbodyworks_partner,195,,,guavacandy,199,,,liquidivpartner,199,,,tomahawksteak,199,,,macbookair,189,,,gaminglife,185,,,egypttravel,198,,,unicehair,198,,,telehealth,196,,,telehealth,196,,,ancientknowledge,198,,,halloweenblanket,199,,,halloweenblanket,199,,,packingvideo,199,,,jayjaydouglas,198,,,scaryfarm,198,,,diygift,189,,,simmental,195,,,piscesenergy,199,,,flim,199,,,brunomarsconcert,197,,,travisscott,198,,,fraganciasmasculinas,197,,,girlartist,193,,,су57,196,,,outdoortips,199,,,boutique,142,,,pomdance,198,,,haidangparis🐉,199,,,sillycat,192,,,daschund,195,,,sportraits,199,,,engineer_ideas,195,,,sportsromancebooks,195,,,osirisrex,196,,,clicky,198,,,shizukucosplay,198,,,oldphotorestoration,198,,,,,,,sooners,198,,,footballszn,196,,,spirittalker,192,,,phonecasewithstand,198,,,packingvideo,199,,,egypttravel,198,,,custombuild,199,,,finalfantasy,194,,,reptilecare,199,,
wishlist,200,,,recursoseducativos,200,,,japananime,200,,,grafftok,197,,,pontiac,187,,,mellizos,200,,,mellizos,200,,,charlottetilbury,200,,,damagedhair,200,,,aillsanailglue,200,,,financialgoals,197,,,traditionalcraft,200,,,adultgame,200,,,traditionalcraft,200,,,almamater,200,,,siblingmemes,200,,,planecrash,196,,,alnassr,200,,,halloweenbaking,199,,,ganchillo,200,,,小港朝天閣聖飛堂,200,,,alphaxidelta,200,,,doublelungtransplant,196,,,cervezas,200,,,chipotlemukbang,200,,,etymology,200,,,wifeswap,199,,,,,,,fitnessfinds,200,,,canamoffroad,194,,,parentingwithpurpose,199,,,financialgoals,197,,,waferpapercake,200,,,pumpkinspiceseason,200,,,atxfoodie,200,,,applewallpaper,192,,,finalfantasy,199,,,thingstodoinarizona,199,,,calicohair,199,,,breathebetter,198,,,breathebetter,198,,,wildlifebiology,200,,,farmhousedecor,200,,,farmhousedecor,200,,,hironopopmart,200,,,inspriationalquotes,200,,,outdoorplayground,200,,,birthdaycountdown,199,,,piglife,198,,,beginnerwitchtips,200,,,paramountplus,200,,,гитара,199,,,tornado,200,,,hydrafacial,199,,,ideasdetatuajes,200,,,mtz,199,,,tilapiafish,200,,,wishlist,197,,,heelsdanceclass,200,,,nbaongoc07_,200,,,hairlesscat,196,,,viralpets,200,,,selfportraits,200,,,ゴミ箱,199,,,weddingplanningtip,197,,,k218b,199,,,selfdefenseplug🔌,199,,,marincosplay,200,,,instagramrecovery,200,,,,,,,collegefootballtiktok,199,,,ryanwilliams,197,,,casomisterioso,194,,,roomba,200,,,hironopopmart,200,,,thingstodoinarizona,199,,,mccormick,200,,,capcom,197,,,gorillas,200,,
