APPAREL_AND_ACCESSORIES_hashtag,APPAREL_AND_ACCESSORIES_rank_today,APPAREL_AND_ACCESSORIES_rank_prev_state,APPAREL_AND_ACCESSORIES_rank_delta,ACADEMIC_RESOURCES_hashtag,ACADEMIC_RESOURCES_rank_today,ACADEMIC_RESOURCES_rank_prev_state,ACADEMIC_RESOURCES_rank_delta,ANIMATION_AND_COMICS_hashtag,ANIMATION_AND_COMICS_rank_today,ANIMATION_AND_COMICS_rank_prev_state,ANIMATION_AND_COMICS_rank_delta,ART_hashtag,ART_rank_today,ART_rank_prev_state,ART_rank_delta,AUTOMOTIVE_hashtag,AUTOMOTIVE_rank_today,AUTOMOTIVE_rank_prev_state,AUTOMOTIVE_rank_delta,BABY_CARE_hashtag,BABY_CARE_rank_today,BABY_CARE_rank_prev_state,BABY_CARE_rank_delta,BABY_KIDS_AND_MATERNITY_hashtag,BABY_KIDS_AND_MATERNITY_rank_today,BABY_KIDS_AND_MATERNITY_rank_prev_state,BABY_KIDS_AND_MATERNITY_rank_delta,BEAUTY_hashtag,BEAUTY_rank_today,BEAUTY_rank_prev_state,BEAUTY_rank_delta,BEAUTY_AND_PERSONAL_CARE_hashtag,BEAUTY_AND_PERSONAL_CARE_rank_today,BEAUTY_AND_PERSONAL_CARE_rank_prev_state,BEAUTY_AND_PERSONAL_CARE_rank_delta,BEAUTY_SERVICES_hashtag,BEAUTY_SERVICES_rank_today,BEAUTY_SERVICES_rank_prev_state,BEAUTY_SERVICES_rank_delta,BUSINESS_AND_FINANCE_hashtag,BUSINESS_AND_FINANCE_rank_today,BUSINESS_AND_FINANCE_rank_prev_state,BUSINESS_AND_FINANCE_rank_delta,BUSINESS_SERVICES_hashtag,BUSINESS_SERVICES_rank_today,BUSINESS_SERVICES_rank_prev_state,BUSINESS_SERVICES_rank_delta,CARD_AND_BOARD_GAMES_hashtag,CARD_AND_BOARD_GAMES_rank_today,CARD_AND_BOARD_GAMES_rank_prev_state,CARD_AND_BOARD_GAMES_rank_delta,CAREER_AND_PROFESSIONAL_GROWTH_hashtag,CAREER_AND_PROFESSIONAL_GROWTH_rank_today,CAREER_AND_PROFESSIONAL_GROWTH_rank_prev_state,CAREER_AND_PROFESSIONAL_GROWTH_rank_delta,COLLEGE_hashtag,COLLEGE_rank_today,COLLEGE_rank_prev_state,COLLEGE_rank_delta,COMEDY_hashtag,COMEDY_rank_today,COMEDY_rank_prev_state,COMEDY_rank_delta,COMMUNITY_UPDATES_AND_ISSUES_hashtag,COMMUNITY_UPDATES_AND_ISSUES_rank_today,COMMUNITY_UPDATES_AND_ISSUES_rank_prev_state,COMMUNITY_UPDATES_AND_ISSUES_rank_delta,CONVENTIONAL_AND_MAINSTREAM_SPORTS_hashtag,CONVENTIONAL_AND_MAINSTREAM_SPORTS_rank_today,CONVENTIONAL_AND_MAINSTREAM_SPORTS_rank_prev_state,CONVENTIONAL_AND_MAINSTREAM_SPORTS_rank_delta,COOKING_hashtag,COOKING_rank_today,COOKING_rank_prev_state,COOKING_rank_delta,CRAFTING_AND_CREATIONS_hashtag,CRAFTING_AND_CREATIONS_rank_today,CRAFTING_AND_CREATIONS_rank_prev_state,CRAFTING_AND_CREATIONS_rank_delta,CULTURE_hashtag,CULTURE_rank_today,CULTURE_rank_prev_state,CULTURE_rank_delta,DANCE_hashtag,DANCE_rank_today,DANCE_rank_prev_state,DANCE_rank_delta,DIARY_AND_VLOG_hashtag,DIARY_AND_VLOG_rank_today,DIARY_AND_VLOG_rank_prev_state,DIARY_AND_VLOG_rank_delta,DRINKS_hashtag,DRINKS_rank_today,DRINKS_rank_prev_state,DRINKS_rank_delta,EATING_EXPERIENCES_hashtag,EATING_EXPERIENCES_rank_today,EATING_EXPERIENCES_rank_prev_state,EATING_EXPERIENCES_rank_delta,EDUCATION_hashtag,EDUCATION_rank_today,EDUCATION_rank_prev_state,EDUCATION_rank_delta,ENTERTAINMENT_AND_SPORTS_NEWS_hashtag,ENTERTAINMENT_AND_SPORTS_NEWS_rank_today,ENTERTAINMENT_AND_SPORTS_NEWS_rank_prev_state,ENTERTAINMENT_AND_SPORTS_NEWS_rank_delta,ENVIRONMENT_hashtag,ENVIRONMENT_rank_today,ENVIRONMENT_rank_prev_state,ENVIRONMENT_rank_delta,EXERCISE_AND_FITNESS_hashtag,EXERCISE_AND_FITNESS_rank_today,EXERCISE_AND_FITNESS_rank_prev_state,EXERCISE_AND_FITNESS_rank_delta,EXTREME_AND_ADVENTURE_SPORTS_hashtag,EXTREME_AND_ADVENTURE_SPORTS_rank_today,EXTREME_AND_ADVENTURE_SPORTS_rank_prev_state,EXTREME_AND_ADVENTURE_SPORTS_rank_delta,FAMILY_hashtag,FAMILY_rank_today,FAMILY_rank_prev_state,FAMILY_rank_delta,FINANCIAL_SERVICES_hashtag,FINANCIAL_SERVICES_rank_today,FINANCIAL_SERVICES_rank_prev_state,FINANCIAL_SERVICES_rank_delta,FOOD_hashtag,FOOD_rank_today,FOOD_rank_prev_state,FOOD_rank_delta,FOOD_AND_BEVERAGE_hashtag,FOOD_AND_BEVERAGE_rank_today,FOOD_AND_BEVERAGE_rank_prev_state,FOOD_AND_BEVERAGE_rank_delta,FOOD_RECOMMENDATIONS_hashtag,FOOD_RECOMMENDATIONS_rank_today,FOOD_RECOMMENDATIONS_rank_prev_state,FOOD_RECOMMENDATIONS_rank_delta,GADGETS_AND_INNOVATION_hashtag,GADGETS_AND_INNOVATION_rank_today,GADGETS_AND_INNOVATION_rank_prev_state,GADGETS_AND_INNOVATION_rank_delta,GAMES_hashtag,GAMES_rank_today,GAMES_rank_prev_state,GAMES_rank_delta,GENERAL_TRAVEL_hashtag,GENERAL_TRAVEL_rank_today,GENERAL_TRAVEL_rank_prev_state,GENERAL_TRAVEL_rank_delta,HAIR_CARE_hashtag,HAIR_CARE_rank_today,HAIR_CARE_rank_prev_state,HAIR_CARE_rank_delta,HEALTH_hashtag,HEALTH_rank_today,HEALTH_rank_prev_state,HEALTH_rank_delta,HEALTH_AND_WELLNESS_hashtag,HEALTH_AND_WELLNESS_rank_today,HEALTH_AND_WELLNESS_rank_prev_state,HEALTH_AND_WELLNESS_rank_delta,HISTORY_AND_LITERATURE_hashtag,HISTORY_AND_LITERATURE_rank_today,HISTORY_AND_LITERATURE_rank_prev_state,HISTORY_AND_LITERATURE_rank_delta,HOME_AND_GARDEN_hashtag,HOME_AND_GARDEN_rank_today,HOME_AND_GARDEN_rank_prev_state,HOME_AND_GARDEN_rank_delta,HOME_IMPROVEMENT_hashtag,HOME_IMPROVEMENT_rank_today,HOME_IMPROVEMENT_rank_prev_state,HOME_IMPROVEMENT_rank_delta,HOUSEHOLD_PRODUCTS_hashtag,HOUSEHOLD_PRODUCTS_rank_today,HOUSEHOLD_PRODUCTS_rank_prev_state,HOUSEHOLD_PRODUCTS_rank_delta,LEARNING_AND_DEVELOPMENT_hashtag,LEARNING_AND_DEVELOPMENT_rank_today,LEARNING_AND_DEVELOPMENT_rank_prev_state,LEARNING_AND_DEVELOPMENT_rank_delta,LEISURE_AND_RECREATION_FACILITIES_hashtag,LEISURE_AND_RECREATION_FACILITIES_rank_today,LEISURE_AND_RECREATION_FACILITIES_rank_prev_state,LEISURE_AND_RECREATION_FACILITIES_rank_delta,LIFE_SERVICES_hashtag,LIFE_SERVICES_rank_today,LIFE_SERVICES_rank_prev_state,LIFE_SERVICES_rank_delta,LIVESTOCK_AND_FARMING_hashtag,LIVESTOCK_AND_FARMING_rank_today,LIVESTOCK_AND_FARMING_rank_prev_state,LIVESTOCK_AND_FARMING_rank_delta,MISCELLANEOUS_PERFORMANCES_hashtag,MISCELLANEOUS_PERFORMANCES_rank_today,MISCELLANEOUS_PERFORMANCES_rank_prev_state,MISCELLANEOUS_PERFORMANCES_rank_delta,MOVIES_AND_TV_hashtag,MOVIES_AND_TV_rank_today,MOVIES_AND_TV_rank_prev_state,MOVIES_AND_TV_rank_delta,MUSIC_hashtag,MUSIC_rank_today,MUSIC_rank_prev_state,MUSIC_rank_delta,NEWS_AND_ENTERTAINMENT_hashtag,NEWS_AND_ENTERTAINMENT_rank_today,NEWS_AND_ENTERTAINMENT_rank_prev_state,NEWS_AND_ENTERTAINMENT_rank_delta,OTHER_BEAUTY_hashtag,OTHER_BEAUTY_rank_today,OTHER_BEAUTY_rank_prev_state,OTHER_BEAUTY_rank_delta,OTHER_FASHION_hashtag,OTHER_FASHION_rank_today,OTHER_FASHION_rank_prev_state,OTHER_FASHION_rank_delta,OTHER_TRANSPORTATION_hashtag,OTHER_TRANSPORTATION_rank_today,OTHER_TRANSPORTATION_rank_prev_state,OTHER_TRANSPORTATION_rank_delta,OUTDOOR_RECREATION_hashtag,OUTDOOR_RECREATION_rank_today,OUTDOOR_RECREATION_rank_prev_state,OUTDOOR_RECREATION_rank_delta,OUTFITS_hashtag,OUTFITS_rank_today,OUTFITS_rank_prev_state,OUTFITS_rank_delta,PERFORMING_ARTS_hashtag,PERFORMING_ARTS_rank_today,PERFORMING_ARTS_rank_prev_state,PERFORMING_ARTS_rank_delta,PERSONAL_PHOTOGRAPHY_hashtag,PERSONAL_PHOTOGRAPHY_rank_today,PERSONAL_PHOTOGRAPHY_rank_prev_state,PERSONAL_PHOTOGRAPHY_rank_delta,PETS_hashtag,PETS_rank_today,PETS_rank_prev_state,PETS_rank_delta,PET_CARE_AND_ACCESSORIES_hashtag,PET_CARE_AND_ACCESSORIES_rank_today,PET_CARE_AND_ACCESSORIES_rank_prev_state,PET_CARE_AND_ACCESSORIES_rank_delta,PHOTOGRAPHY_hashtag,PHOTOGRAPHY_rank_today,PHOTOGRAPHY_rank_prev_state,PHOTOGRAPHY_rank_delta,PRODUCTIVITY_AND_EFFICIENCY_hashtag,PRODUCTIVITY_AND_EFFICIENCY_rank_today,PRODUCTIVITY_AND_EFFICIENCY_rank_prev_state,PRODUCTIVITY_AND_EFFICIENCY_rank_delta,ROMANCE_hashtag,ROMANCE_rank_today,ROMANCE_rank_prev_state,ROMANCE_rank_delta,SCIENCE_hashtag,SCIENCE_rank_today,SCIENCE_rank_prev_state,SCIENCE_rank_delta,SENSORY_EXPERIENCES_hashtag,SENSORY_EXPERIENCES_rank_today,SENSORY_EXPERIENCES_rank_prev_state,SENSORY_EXPERIENCES_rank_delta,SHOWS_FESTIVALS_AND_EXHIBITIONS_hashtag,SHOWS_FESTIVALS_AND_EXHIBITIONS_rank_today,SHOWS_FESTIVALS_AND_EXHIBITIONS_rank_prev_state,SHOWS_FESTIVALS_AND_EXHIBITIONS_rank_delta,SOFTWARE_AND_APPS_hashtag,SOFTWARE_AND_APPS_rank_today,SOFTWARE_AND_APPS_rank_prev_state,SOFTWARE_AND_APPS_rank_delta,SPECIAL_EFFECTS_hashtag,SPECIAL_EFFECTS_rank_today,SPECIAL_EFFECTS_rank_prev_state,SPECIAL_EFFECTS_rank_delta,SPORTS_hashtag,SPORTS_rank_today,SPORTS_rank_prev_state,SPORTS_rank_delta,SPORTS_AND_OUTDOOR_hashtag,SPORTS_AND_OUTDOOR_rank_today,SPORTS_AND_OUTDOOR_rank_prev_state,SPORTS_AND_OUTDOOR_rank_delta,SUPERNATURAL_AND_HORROR_hashtag,SUPERNATURAL_AND_HORROR_rank_today,SUPERNATURAL_AND_HORROR_rank_prev_state,SUPERNATURAL_AND_HORROR_rank_delta,TECHNOLOGY_hashtag,TECHNOLOGY_rank_today,TECHNOLOGY_rank_prev_state,TECHNOLOGY_rank_delta,TOYS_COLLECTIBLES_AND_MEMORABILIA_hashtag,TOYS_COLLECTIBLES_AND_MEMORABILIA_rank_today,TOYS_COLLECTIBLES_AND_MEMORABILIA_rank_prev_state,TOYS_COLLECTIBLES_AND_MEMORABILIA_rank_delta,TRAVEL_hashtag,TRAVEL_rank_today,TRAVEL_rank_prev_state,TRAVEL_rank_delta,VEHICLE_AND_TRANSPORTATION_hashtag,VEHICLE_AND_TRANSPORTATION_rank_today,VEHICLE_AND_TRANSPORTATION_rank_prev_state,VEHICLE_AND_TRANSPORTATION_rank_delta,VIDEO_GAMES_hashtag,VIDEO_GAMES_rank_today,VIDEO_GAMES_rank_prev_state,VIDEO_GAMES_rank_delta,WILDLIFE_AND_EXOTIC_PETS_hashtag,WILDLIFE_AND_EXOTIC_PETS_rank_today,WILDLIFE_AND_EXOTIC_PETS_rank_prev_state,WILDLIFE_AND_EXOTIC_PETS_rank_delta
pfw,99,145,46,calculus1,151,173,22,spookymonth,116,159,43,inktober,17,36,19,privateproperty,163,200,37,firsthalloween,113,195,82,firsthalloween,113,195,82,sephoraadventcalendar,162,199,37,scent,134,178,44,tortoiseshellnails,84,121,37,banks,172,197,25,femalewelder,159,191,32,becsandmel,122,151,29,femalewelder,159,191,32,деньсамоуправления,32,89,57,fredbeyer,142,167,25,inmigranteslatinos,160,191,31,lasvegasaces,116,153,37,packlunch,148,190,42,howtocrochet,141,160,19,大家辛苦了,127,151,24,thereal250goat,115,176,61,vlogtober,43,107,64,coffeestand,122,174,52,calleyandmeg,93,139,46,деньучителя,88,155,67,dailyshow,123,164,41,beachcleanup,1,1,0,winterarcchallenge,146,183,37,paytontalbott,77,112,35,grownkids,153,191,38,banks,172,197,25,2октября,100,169,69,fried,152,174,22,longislandeats,126,173,47,ereader,137,164,27,minecraftmeme,165,199,34,foliage,129,160,31,tenderheaded,76,112,36,menopausesupport,97,131,34,menopausesupport,97,131,34,палеонтология,129,158,29,furniturefinds,135,177,42,furniturefinds,135,177,42,cardopening,95,132,37,dailylifemotivation,165,180,15,onlinearcade,125,177,52,pregnancyloss,76,135,59,koyun,134,177,43,circusperformer,146,171,25,iamjanedoe,53,93,40,johnsummit,151,181,30,steelers,99,171,72,halloweenmakeuplook,119,163,44,brooklyntattoo,153,192,39,flightlife,68,146,78,beachfishing,82,148,66,pfw,97,143,46,thereal250goat,81,118,37,بدويه_مزيونه👑❤,163,194,31,animalvideos,143,181,38,catowners,154,190,36,longexposure,149,168,19,cintadedoblecara,156,187,31,nationalbfday,86,143,57,tardigrade,105,134,29,fixingslime,122,189,67,pennywisecosplay,75,141,66,automatizacion,109,130,21,aiportraits,6,7,1,deshaunwatson,121,197,76,acl,132,182,50,davidgrusch,127,160,33,swipewipe,158,195,37,cardopening,95,132,37,foliage,129,160,31,flydubai,134,188,54,minecraftmeme,161,195,34,ellington,133,161,28
parisfashionweek,142,177,35,mathtest,84,104,20,アニメ好きな人と繋がりたい,160,176,16,rockart,134,149,15,fuel,152,167,15,momcozyuk,67,89,22,momcozyuk,67,89,22,biodance,110,131,21,hairlosssolution,129,155,26,michigannailtech,147,172,25,medicare,52,68,16,roofingcontractor,113,140,27,scratchers,163,191,28,roofingcontractor,113,140,27,teacherday,118,147,29,leannemorgan,167,191,24,domesticviolenceawareness,53,77,24,kane,120,150,30,halloweenfood,96,128,32,halloweencraftsforkids,162,180,18,阿勸誠興社,163,186,23,kizomba,154,190,36,septemberrecap,118,153,35,afternooncoffee,123,171,48,cajuncorn,165,192,27,businessmajor,158,185,27,theresnoee,138,177,39,cleanriver,2,2,0,fallprevention,115,150,35,mmahighlights,164,190,26,pregnancyloss,34,68,34,medicare,52,68,16,fruitsaladyummyyummy,109,164,55,halloweencandy,178,200,22,thingstodoincharlotte,167,189,22,viraltech,164,190,26,スマホゲーム,152,180,28,statueofliberty,86,107,21,kidbraider,71,103,32,toothpastetablets,170,196,26,toothpastetablets,170,196,26,blackinventors,135,162,27,homebuilding,105,140,35,homebuilding,105,140,35,pokemonpacks,153,176,23,simonsinek,48,62,14,clawcrazy,130,176,46,tryingtoconceive,136,167,31,bantamchicken,54,82,28,retrograde,80,92,12,hocuspocus,146,170,24,sofistadium,158,175,17,tylil,130,190,60,skullmakeup,124,152,28,pawprinttattoo,173,200,27,sailingadventure,95,141,46,landbasedsharkfishing,90,137,47,parisfashionweek,140,175,35,standingnexttoyou,125,153,28,👌👌👌✌️✌️✌️,98,124,26,dogtiktok,172,192,20,lovedogs,167,194,27,nannycam,70,88,18,meohaycuocsong,49,75,26,cheatingstory,125,154,29,microbio,134,155,21,sandasmr,135,156,21,mikunakanocosplay,142,196,54,تعديل_صور,143,162,19,zachkingmagic,7,8,1,aaronrodgers,81,132,51,ballondor,94,114,20,panteon,111,134,23,ereader,153,184,31,pokemonpacks,153,176,23,statueofliberty,86,107,21,fuel,158,175,17,fortnitenews,168,197,29,wildlifetok,104,128,24
halloweencostumes,117,142,25,studystudy,162,182,20,アニメ好きと繋がりたい,161,177,16,windowart,85,98,13,svj,166,175,9,babyreels,177,192,15,babyreels,177,192,15,crueltyfree,116,136,20,hairgloss,132,154,22,nailcharms,81,105,24,hurry,119,135,16,teacherburnout,139,166,27,whatami,150,176,26,teacherburnout,139,166,27,5школа,140,161,21,funnyscare,137,158,21,believewomen,119,136,17,cr7cristianoronaldo,161,189,28,ricecooker,150,175,25,giftwrappingideas,161,173,12,廟會日常,143,164,21,keepitgangster,159,184,25,monthlyreset,156,178,22,cocktailtok,137,162,25,turron,138,163,25,collegevlog,164,186,22,brucedropemoff,117,146,29,oceancleanup,3,3,0,disciplineyourself,79,108,29,climb,91,108,17,pregnancyannouncment,167,194,27,hurry,119,135,16,onthegosnacks,116,139,23,costcodeals,116,135,19,charlottefoodie,164,183,19,bluetoothheadphones,107,129,22,ゲーム好きな人と繋がりたい,153,181,28,grouptrip,94,115,21,kidsbraids,64,95,31,optometrist,167,191,24,optometrist,167,191,24,visados,162,181,19,customhome,83,103,20,customhome,83,103,20,legopartner,150,166,16,keepgoingtwin,86,100,14,arizonastatefair,112,135,23,birthdaybasket,149,177,28,geeseoftiktok,116,144,28,expareja,162,174,12,tomcruise,148,168,20,halloweekend,128,144,16,kai,105,148,43,oakcha,163,188,25,tattooremovalspecialists,135,160,25,pacificairshow,148,189,41,teamoutdoors,124,157,33,halloweencostumes,115,140,25,troyboi,130,152,22,jjvirall,109,132,23,catcore,180,199,19,funnydogsoftiktok,141,161,20,halloweenphotoshootideas,78,94,16,暮らしの記録,78,101,23,quotesforher,148,160,12,antimatter,71,81,10,halloweenslime,167,186,19,firsthalloween,45,84,39,storytips,120,132,12,belajaredit,8,9,1,clevelandbrowns,49,90,41,cristiano,81,98,17,creepystorytime,90,112,22,bluetoothheadphones,121,149,28,legopartner,150,166,16,grouptrip,94,115,21,svj,174,183,9,スマホゲーム,148,176,28,beavers,84,107,23
wirelessbra,137,160,23,studyadvice,170,189,19,アニメ動画,167,183,16,ambidextrous,66,77,11,camioneros,190,197,7,halloweenbaby,109,122,13,halloweenbaby,109,122,13,projectpan,176,191,15,skincareproducts,154,173,19,octobernails,39,49,10,financialnews,144,156,12,nursepractitionerstudent,132,151,19,lotteryticket,128,153,25,nursepractitionerstudent,132,151,19,happyteachersday,144,162,18,bestfriendhumor,150,171,21,deathpenalty,51,67,16,acl,92,118,26,calabaza,161,183,22,chunkyblanket,171,183,12,萬華福興殿,146,166,20,thewayyoumove,163,183,20,doublelungtransplant,166,183,17,dowhatmovesyou,178,200,22,takisfuego,46,67,21,aerogel,123,139,16,jeremiah,124,150,26,recyclingtips,4,4,0,бодибилдинг,143,164,21,givesyouwiiings,94,111,17,hospitalbirth,171,198,27,financialnews,144,156,12,princesscake,63,85,22,traderjoesfinds,120,132,12,orlandoinfluencer,109,127,18,techvibes,156,178,22,banner,37,63,26,icecave,156,177,21,kidhairstyles,84,114,30,coldandfluseason,69,92,23,coldandfluseason,69,92,23,theodoreroosevelt,176,194,18,homeownerlife,165,185,20,homeownerlife,165,185,20,novistars,152,167,15,modernwisdom,98,111,13,tulsastatefair,70,89,19,siblinggoals,121,148,27,worlddairyexpo,169,195,26,venusretrograde,49,60,11,annehathaway,51,65,14,xadenriorson,134,150,16,truecrimetiktok,138,170,32,colonge,82,103,21,girltattoo,116,140,24,csx,98,133,35,treestand,119,135,16,wirelessbra,135,158,23,kizomba,107,127,20,setiaselamanya💞💞,83,98,15,dogmeme,164,176,12,dogdance,174,192,18,filmsimulation,113,129,16,haushaltstipps,79,94,15,tethered,154,166,12,spacetechnology,95,105,10,tracingasmr,177,196,19,costumeshalloween,100,132,32,techreels,170,182,12,zachking,1,1,0,braves,47,83,36,winterarc,54,68,14,ghostsoncamera,156,173,17,tvantenna,177,199,22,novistars,152,167,15,icecave,156,177,21,carmusthaves,103,108,5,ゲーム好きな人と繋がりたい,149,177,28,arachnophobia,148,169,21
jellybra,92,111,19,linearalgebra,107,122,15,apothecarydiaries,104,119,15,gothicart,105,115,10,escalade,135,141,6,babygiggles,119,132,13,babygiggles,119,132,13,lashestutorial,165,179,14,scalphealth,158,177,19,nailsnails,85,94,9,businessfunding,188,198,10,concreto,55,72,17,pilesgame,174,197,23,concreto,55,72,17,деньучителя,11,28,17,lourdasprec,133,149,16,medicare,100,116,16,nebraskavolleyball,117,133,16,healthycooking,154,172,18,paperclay,174,182,8,嘉義城隍廟,111,130,19,mjimpersonator,129,147,18,rotationplasty,123,135,12,providenceri,53,69,16,kathiew,114,129,15,scicomm,146,162,16,dezz,153,179,26,trashcleanup,5,5,0,fatburn,144,165,21,steez,145,162,17,34weeks,160,185,25,businessfunding,188,198,10,markethaul,143,153,10,halloweentreats,107,118,11,hamburguesas,135,152,17,mobiletips,166,188,22,崩壊スターレイル,141,166,25,northcascades,158,175,17,phillyhairstylist,159,183,24,foodnoise,114,137,23,foodnoise,114,137,23,greatflood,94,111,17,interiorstyling,127,142,15,interiorstyling,127,142,15,pokemoncollection,184,197,13,opendialogue,180,193,13,knottstok,147,158,11,adoptionjourney,111,133,22,sheepfarm,142,162,20,energyreading,138,148,10,spencerjames,138,152,14,yunglean,130,145,15,cuffem,146,175,29,naturalbrows,170,190,20,halloweentattoo,121,142,21,maintenancetips,179,195,16,fishingdeals,170,185,15,jellybra,90,109,19,poletutorial,145,165,20,productioncompanies,46,60,14,horsecare,139,150,11,blackdog,182,197,15,momentvsphoto,176,191,15,casalimpiayordenada,153,167,14,cheatingpartner,186,197,11,veritasium,65,74,9,indianmassage,169,182,13,jokermakeup,124,154,30,howtospyonmyspousewhatsapp,60,71,11,vfxbreakdown,2,2,0,joeyporterjr,151,185,34,postseason,62,76,14,alienabduction,134,144,10,3dprints,165,182,17,pokemoncollection,184,197,13,northcascades,158,175,17,escalade,140,145,5,banner,36,61,25,weirdanimals,143,163,20
hocoweek,159,176,17,screenfreelearning,127,140,13,アニメ編集,165,180,15,dogportrait,111,121,10,carmusthaves,99,104,5,heartwarrior,41,52,11,heartwarrior,41,52,11,antiagingskincare,109,119,10,elfcosmetics,79,96,17,halloweennailinspo,98,106,8,propertyinvestment,184,193,9,digger,30,45,15,cryptickillers,148,169,21,digger,30,45,15,caltech,153,170,17,paolasuarez,132,144,12,inmate,143,156,13,micdup,159,174,15,falldesserts,170,186,16,scrapbookingsupplies,61,68,7,府城和善堂轎班會,139,158,19,katseyegnarly,177,195,18,dumpster,36,45,9,redbulladventcalendar,140,156,16,wockshopz,147,159,12,elonmuskquotes,186,199,13,wendyguevara,154,180,26,plogging,6,6,0,gymcommunity,154,175,21,randyorton,79,95,16,grandmalove,120,142,22,propertyinvestment,184,193,9,foodprices,126,135,9,cocktail,183,194,11,houstoncontentcreator,151,167,16,tvantenna,160,180,20,ゼンレスゾーンゼロ,142,167,25,vegashotels,72,87,15,herbalessences,92,113,21,deeptissuemassage,138,160,22,deeptissuemassage,138,160,22,queerhistory,121,138,17,christmasfinds,137,149,12,christmasfinds,137,149,12,christmasgiftsforkids,96,108,12,motivationquote,77,87,10,azstatefair,128,136,8,fallphotoshoot,127,149,22,pajarete,173,192,19,vocesdelmasalla,176,186,10,timbradford,181,194,13,donomar,99,112,13,girlhefunny1x,123,146,23,zombiemakeup,99,115,16,animetattoos,128,148,20,nautica,131,142,11,foldablebed,94,108,14,hocoweek,157,174,17,broadwayshow,151,168,17,mydiary🥰,147,159,12,chewypartner,84,94,10,catcore,126,137,11,creativephotoshoot,150,164,14,giadungthongminh,48,61,13,diadelnovio,82,91,9,sistemasolar,38,46,8,zit,75,87,12,catfursuit,79,100,21,whatsappmessages,58,68,10,specialeffect,3,3,0,lasvegasaces,117,149,32,playoffs,55,66,11,scarystorytime,55,64,9,gravastar,119,135,16,christmasgiftsforkids,96,108,12,vegashotels,72,87,15,mecanica,94,98,4,崩壊スターレイル,137,162,25,honeybees,160,179,19
balenci,107,122,15,vectors,153,166,13,scoobydoo,102,116,14,windowpainting,51,60,9,mecanica,91,95,4,babyhalloween,88,99,11,babyhalloween,88,99,11,lorealparisskincare,174,184,10,cleanbeauty,170,187,17,uñaslindas,99,107,8,moneyhabits,145,153,8,electricaltools,52,65,13,viraltiktoktrend,87,106,19,electricaltools,52,65,13,teachersday,55,71,16,приколыдослёз,136,147,11,publicsafety,74,86,12,cristiano,56,70,14,slowcooker,134,148,14,carhanging,74,81,7,恭送入廟,137,154,17,sansimon,141,154,13,collegevlog,76,85,9,cervezavictoria,105,120,15,fishfilet,110,121,11,scholarshiptips,156,168,12,kaicenatclips,58,83,25,pickuptrash,7,7,0,militaryfitness,165,184,19,ufchighlights,130,141,11,eggretrieval,157,178,21,moneyhabits,145,153,8,freshlybaked,170,177,7,jerseymikes,147,157,10,stocktonca,134,149,15,techtricks,173,191,18,ゲーマー,144,169,25,salemma,60,72,12,hairclay,148,167,19,lymphaticdrainagemassage,147,169,22,lymphaticdrainagemassage,147,169,22,admiralbyrd,143,160,17,gardenlights,145,156,11,gardenlights,145,156,11,halloweengifts,102,113,11,newhope,58,66,8,fahrgeschäft,146,153,7,christmasornaments,129,150,21,meatchickens,97,114,17,lovetarot,112,121,9,florencepugh,166,177,11,vinylrecords,180,193,13,janedoe,39,57,18,herfantasybox,70,84,14,skulltattoo,80,99,19,flightsafety,113,121,8,jigs,125,138,13,balenci,105,120,15,nyctheatre,111,126,15,ajes,128,138,10,straycat,86,96,10,petowner,153,164,11,filmlab,158,172,14,キッチン便利グッズ,107,119,12,couplevibes,171,180,9,apollo11,73,80,7,สกุชชี่,90,102,12,minecraftcosplay,168,188,20,hypicphotoediting,104,113,9,vfx_mantu_barman,4,4,0,browns,27,58,31,olise,123,133,10,creepyencounters,150,159,9,phonehacks,132,148,16,halloweengifts,102,113,11,salemma,60,72,12,chemicalguys,125,129,4,ゼンレスゾーンゼロ,138,163,25,antfarm,137,155,18
costumeinspo,166,181,15,профиль,42,53,11,theapothecarydiaries,126,140,14,sipandpaint,75,82,7,chemicalguys,121,125,4,timeisathief,115,126,11,timeisathief,115,126,11,2016makeup,179,189,10,teethcare,83,99,16,ghostnails,122,129,7,tradingforbeginners,175,182,7,lvp,112,125,13,kidgame,144,162,18,lvp,112,125,13,intramurals,80,96,16,hoodirony,186,197,11,tpusa,141,153,12,delontewest,165,179,14,gamedayfood,107,120,13,craftingtiktok,87,94,7,女子官將首,147,163,16,universoulcircus,186,199,13,cancerawarness,172,181,9,lvbdrinks,155,170,15,eatingfood,99,109,10,columbiauniversity,175,187,12,brittstewart,122,144,22,beatplasticpollution,8,8,0,турники,96,113,17,skatingrink,82,92,10,nonspeaking,158,177,19,tradingforbeginners,175,182,7,danville,175,182,7,meatballsub,148,158,10,kuliner,173,186,13,3dprints,145,161,16,ゲーム好き,148,173,25,chicagotravel,116,128,12,hairjourney,62,76,14,cuidadobucal,104,125,21,cuidadobucal,104,125,21,ancientknowledge,161,178,17,spookydecor,168,179,11,spookydecor,168,179,11,fidgetrading,188,199,11,personalmotivation,133,141,8,ferriswheel,47,53,6,miscarriageawareness,98,118,20,donkeylovers,170,185,15,manifestacion,75,83,8,phillies,78,88,10,anuelaa,93,105,12,summyah,136,151,15,womenperfume,186,199,13,scarcoverup,134,151,17,hitachi,129,136,7,судак,134,147,13,costumeinspo,164,179,15,dancedance,179,194,15,tiktikhaitien🇭🇹,16,25,9,xoloitzcuintli,168,178,10,huskies,184,195,11,pumpkinheadphotoshoot,58,70,12,tipsandtrik,55,66,11,weddingphoto,162,169,7,astronauta,80,87,7,asmrrelajante,168,180,12,scarletwitchcosplay,134,150,16,snapchathack,176,185,9,mirzasalman007,5,5,0,pittsburghsteelers,58,88,30,gilmora,162,171,9,mckameymanor,193,200,7,temperedglass,151,166,15,fidgetrading,188,199,11,chicagotravel,116,128,12,cadillacescalade,154,158,4,ゲーマー,140,165,25,lovemonkey,169,184,15
brincos,180,195,15,satenglish,130,141,11,ブルーアーカイブ,157,171,14,chalkboardcalendar,70,76,6,teslamodely,192,196,4,spinabifidaawareness,148,158,10,spinabifidaawareness,148,158,10,eyecare,108,116,8,hairproductreview,110,124,14,nailmakeover,180,187,7,investmentbanking,76,82,6,firefightersoftiktok,118,128,10,dicetower,154,172,18,firefightersoftiktok,118,128,10,koreanschool,123,138,15,burrowhalloweentreat,104,113,9,crimetiktok,95,106,11,ballondor,66,78,12,lillianphan,142,155,13,balloonhack,100,107,7,崙背囝仔,153,168,15,hbcudance,169,181,12,solodates,102,110,8,aerocano,72,85,13,spicychicken,115,125,10,mathtok,69,79,10,kashmere,139,158,19,worldcleanupday,9,9,0,entrenamientoencasa,100,117,17,jamskate,88,98,10,pregnancyproblems,174,190,16,investmentbanking,76,82,6,kinderbueno,37,43,6,culvers,111,120,9,thingstodoinboston,153,165,12,phonehacks,117,132,15,ゲーム配信,146,170,24,nycchristmas,147,159,12,silkpressnaturalhair,147,160,13,vitaminac,173,194,21,vitaminac,173,194,21,direito,181,198,17,homeownertips,87,97,10,homeownertips,87,97,10,3dprints,144,153,9,jackma,155,163,8,disneylandtips,42,47,5,washingmachineclean,103,123,20,bunnieandcrunchy,135,149,14,pensilvania,152,159,7,dakotajohnson,94,104,10,metallica,95,107,12,funnypranks,174,189,15,soldejaneiropartner,144,156,12,glittertattoo,161,178,17,flydubai,5,9,4,surffishing,28,40,12,brincos,178,192,14,lovetodance,166,180,14,prasetya,37,45,8,adopted,135,143,8,dogmeme,113,123,10,instantcamera,60,72,12,cupbrush,38,47,9,5050,70,76,6,internationalspacestation,118,125,7,asmrviral,187,199,12,spongebobcosplay,108,122,14,cheatingpartner,37,45,8,rongxuathien,10,10,0,miketomlin,93,123,30,worldscollide,95,103,8,criaturaextraña,165,171,6,bluetoothearbuds,107,121,14,3dprints,144,153,9,nycchristmas,147,159,12,electricscooter,155,159,4,ゲーム好き,144,169,25,amazonriver,184,198,14
tiktokshopfind,158,169,11,mathteachers,86,96,10,ゼンレスゾーンゼロ,158,172,14,octobercalendar,44,49,5,lamborghini,27,30,3,babycontent,71,80,9,babycontent,71,80,9,beautydeals,182,190,8,darkcircles,112,125,13,sandiegonails,69,75,6,micropayments,81,87,6,75thrangerregiment,145,155,10,tablegames,182,200,18,75thrangerregiment,145,155,10,atar,127,140,13,nfcdefenseghouls,105,114,9,copwatch,125,135,10,collegevolleyball,188,200,12,onepanmeal,156,169,13,uvresin,151,158,7,善化一明堂,175,190,15,joslide,184,196,12,errandsvlog,40,47,7,guinness,78,91,13,tasteflavorco,185,195,10,anatomyquiz,130,140,10,pfw,71,89,18,marinedebris,10,10,0,bikinibodybuilding,179,196,17,mtblife,134,144,10,grandparentslove,100,115,15,micropayments,81,87,6,freezedry,93,99,6,grilling,136,145,9,bostonfood,108,119,11,appletips,134,149,15,オンラインゲーム,147,171,24,phuketthailand,97,108,11,sharkbeauty,178,191,13,bloodpressure,100,119,19,bloodpressure,100,119,19,arqueología,64,76,12,homevibes,157,166,9,homevibes,157,166,9,tcgplayer,99,107,8,vidamotivada,158,166,8,scarefest,169,174,5,toiletbrush,156,176,20,pigeonlovers,143,156,13,collective,163,170,7,paramountplusuk,108,118,10,oliviarodrigoconcert,117,129,12,yankees,188,200,12,skintightening,128,139,11,oufer,129,145,16,aviationtok,58,62,4,anglers,149,160,11,tiktokshopfind,156,167,11,kidathegreat,171,185,14,1secondglowup,50,58,8,snowleopard,157,165,8,dogtiktok,121,131,10,instaxmini,92,104,12,drainrack,41,50,9,couplequestions,102,108,6,vulgarisationscientifique,156,163,7,lavandoamano,97,107,10,maomaocosplay,69,82,13,personaldata,158,166,8,zachkingvideo,11,11,0,mlbpostseason,145,169,24,jeremiahsmith,84,91,7,losbanosca,171,177,6,androidtricks,172,186,14,tcgplayer,99,107,8,phuketthailand,97,108,11,lamborghini,29,32,3,ゲーム配信,142,166,24,loro,178,191,13
faja,105,115,10,numbertheory,164,174,10,asta,84,97,13,liveweddingpainter,76,81,5,carguy,83,86,3,chunkybaby,102,110,8,chunkybaby,102,110,8,gothmakeup,98,105,7,dermatologist,80,91,11,catnails,74,80,6,tiktokadsmanager,131,137,6,toolstoday,179,188,9,geocache,50,67,17,toolstoday,179,188,9,questbridge,76,88,12,ohiospookygridiron,106,115,9,legaldrama,153,163,10,playoffs,37,47,10,waffles,127,139,12,wrappinghacks,179,186,7,0211,44,57,13,chilichallenge,185,197,12,gorgeousdoll,59,66,7,blankstreet,102,114,12,curderburger,54,63,9,sciencequiz,154,164,10,akademiks,145,163,18,planetmatters,11,11,0,blackgirlfitness,166,181,15,uww,148,158,10,latetalker,141,156,15,tiktokadsmanager,131,137,6,greatvalue,113,119,6,carneasada,141,150,9,loadedfries,112,123,11,handwarmers,142,156,14,ウマ娘,102,125,23,egipto,187,198,11,hairmist,117,129,12,pelvicfloor,38,56,18,pelvicfloor,38,56,18,ancienttechnology,107,118,11,hometok,154,162,8,hometok,154,162,8,learningtoys,161,169,8,悟人生之道,159,167,8,magicmountain,52,56,4,badgereels,119,137,18,piglife,128,140,12,scorpio♏️,119,125,6,paramountplus,174,184,10,firstofthemonth,45,56,11,nhl,67,77,10,designerperfume,148,159,11,nostril,159,175,16,sr71blackbird,123,127,4,truckcamping,71,81,10,faja,103,113,10,pariscavchoreography,187,199,12,sapu❤️,74,82,8,blackcats,58,65,7,petodor,164,174,10,couplephotographer,154,166,12,tarpaulin,46,55,9,lovemygf,108,114,6,exoplanet,64,70,6,scoopasmr,108,118,10,coralinecosplay,85,97,12,браузер,184,192,8,aivj,13,12,-1,mlbplayoffs,82,98,16,travishunter,186,193,7,lifeofluxury,20,24,4,chargingcable,127,140,13,learningtoys,161,169,8,egipto,187,198,11,carguy,86,89,3,オンラインゲーム,143,167,24,птицы,180,192,12
jewelrytok,174,184,10,octobersat,51,58,7,マンガ,150,163,13,publicart,109,114,5,hyundai,87,90,3,spinabifida,107,115,8,spinabifida,107,115,8,kojicacid,101,108,7,teethtok,90,101,11,nailtransformation,24,29,5,xrpupdate,190,196,6,wastewatertreatment,186,195,9,ransomnotes,96,113,17,wastewatertreatment,186,195,9,schooledit,93,103,10,bearshauntrebound,107,116,9,scamalert,179,189,10,postseason,43,53,10,applepie,131,142,11,diyhalloweendecor,43,49,6,高雄中鋼轎班會,130,143,13,swingdancing,97,108,11,chiariwarrior,105,111,6,bartenders,114,126,12,papayasalad,109,117,8,desmos,120,129,9,brittanybroski,131,145,14,plásticos,12,12,0,seniorfitness,175,189,14,thebloodline,178,188,10,tryingtoconceive,68,82,14,xrpupdate,190,196,6,driedfruit,128,134,6,nycfoodie,157,165,8,peruvianfood,120,131,11,durabilitytest,171,185,14,ゲーム実況,149,172,23,newyorktravel,115,125,10,hairbrushing,165,177,12,nitricoxide,98,116,18,nitricoxide,98,116,18,lostcivilization,134,145,11,estatesale,70,76,6,estatesale,70,76,6,toysfortoddlers,183,191,8,melrobbinspodcast,49,56,7,elitchgardens,59,62,3,cognitivedecline,181,197,16,cattlefarmer,178,190,12,conjure,157,163,6,beck,117,126,9,clownmakeup,161,170,9,lonchedehuevito,159,169,10,gourmandfragrance,161,172,11,tatuados,183,199,16,fighterjets,51,54,3,denton,48,57,9,jewelrytok,172,182,10,katseyegnarly,121,132,11,asalamualaikumwrwb,85,93,8,catrescue,82,89,7,minigoldendoodle,179,189,10,photographyforbeginners,155,167,12,toilethacks,24,32,8,questionsforcouples,115,121,6,corpshumain,104,109,5,squishylover,111,121,10,cutefurry,113,125,12,tipsdetiktok,95,102,7,ilution,9,,,wnbaplayoffs,106,121,15,redsox,69,74,5,aliensarereal,47,51,4,appletips,149,162,13,toysfortoddlers,183,191,8,newyorktravel,115,125,10,hyundai,90,93,3,ゲーム実況,145,168,23,katmainationalpark,126,137,11
otoño,122,131,9,mathsteacher,69,76,7,japananime,151,164,13,learningtodraw,160,165,5,cadillacescalade,149,152,3,hearttransplant,121,128,7,hearttransplant,121,128,7,skinhealth,106,113,7,bundles,171,182,11,nailsupplies,47,52,5,interest,141,146,5,electricaltips,82,90,8,relatablepartner,129,144,15,electricaltips,82,90,8,1школа,166,176,10,stanclickin,123,132,9,sexualassaultawareness,52,61,9,jeremiahsmith,58,64,6,southerncooking,152,163,11,flowerbouquets,44,50,6,羅東城隍廟,166,179,13,dancechoreographer,113,124,11,teambro,50,55,5,halloweendrinks,55,66,11,barebellsproteinbar,137,145,8,mathtrick,128,137,9,boynextdoor,134,148,14,raee,13,13,0,workoutforbeginners,167,180,13,mercedesf1,187,197,10,grandsons,159,173,14,interest,141,146,5,peelablegummy,138,144,6,desserts,77,84,7,thingstodochicago,136,147,11,bluetoothearbuds,91,104,13,repo,112,134,22,leafpeeping,153,163,10,halloweenhair,99,110,11,applecider,110,128,18,applecider,110,128,18,newyorkhistory,125,135,10,beachhouse,119,125,6,beachhouse,119,125,6,zurutoys,69,75,6,stoics,191,198,7,inflatables,67,69,2,pregnancytips,37,52,15,petpig,51,62,11,ritualesmagicos,192,198,6,chucky,100,108,8,hyperpop,190,198,8,dandysworld,169,177,8,menstrimmer,83,92,9,cartilagepiercing,147,162,15,737,55,58,3,bushcraftskills,136,145,9,otoño,120,129,9,dirtywork,182,193,11,snejanaonopkareal,33,40,7,petparent,129,136,7,pies,147,156,9,koreanphotobooth,165,177,12,valbarrales,104,110,6,futurewife,143,149,6,aerogel,23,26,3,oobleck,132,142,10,disfraces,32,42,10,ipadapp,188,195,7,kyxaodienanh,12,,,bonix,147,161,14,posturecorrection,170,175,5,sobrenatural,50,54,4,handwarmers,164,177,13,zurutoys,69,75,6,leafpeeping,153,163,10,truckdriver,21,23,2,ウマ娘,99,121,22,whitetailhunting,155,166,11
bagtok,129,137,8,smallgroupinstruction,169,176,7,崩壊スターレイル,155,168,13,pumpkincarving,20,24,4,truckdriver,19,21,2,2months,193,200,7,2months,193,200,7,eyepatch,128,135,7,gluelesswigs,174,185,11,y2knails,55,60,5,hillmantok,142,147,5,electriciantools,160,168,8,gamesnight,133,148,15,electriciantools,160,168,8,montclairstateuniversity,36,43,7,paolitasuarez,75,83,8,policeencounter,85,94,9,olise,86,92,6,leftovers,155,165,10,cardmaking,145,151,6,0616,56,68,12,hanelinetwins,161,172,11,collegediml,74,79,5,coffeeday,166,177,11,southfloridaeats,152,160,8,henryposton,138,147,9,thekardashians,141,155,14,actonclimate,14,14,0,jim,72,84,12,aewdynamite,81,89,8,toxicparent,106,119,13,hillmantok,142,147,5,foodlabels,77,82,5,cinnamonrolls,93,100,7,seattlefood,152,163,11,temperedglass,133,146,13,animegaming,123,143,20,crucero,91,100,9,fringe,182,193,11,cuidadodental,128,146,18,cuidadodental,128,146,18,segundaoportunidad,71,80,9,christmasdecorations,144,150,6,christmasdecorations,144,150,6,pokemonpulls,71,77,6,stopcomparing,80,86,6,halloweenhaunt,62,63,1,ttccommunity,60,75,15,dairycows,94,105,11,brujas,71,76,5,pennywise,126,134,8,singalong,169,176,7,cloverboys,31,37,6,darkarmpits,132,141,9,piercinglingua,171,186,15,a340,92,95,3,southfloridafishing,111,119,8,closetorganization,190,199,9,danceevolution,161,171,10,menyala🔥🔥🔥🔥,72,79,7,specialneedscat,148,155,7,xoloitzcuintli,117,125,8,seniorportraits,30,41,11,antitikus,150,156,6,gfproposal,153,159,6,eggward,60,63,3,asmrforyou,144,154,10,relatableanime,104,114,10,mobiletricks,32,38,6,kischönheit,14,,,timberwolves,173,187,14,bowhunting,83,87,4,casadeterror,149,153,4,huawei,26,38,12,pokemonpulls,71,77,6,crucero,91,100,9,f150,22,24,2,repo,108,130,22,birdfy,157,168,11
fashionweek,65,72,7,matematicasdivertidas,137,143,6,maomao,92,103,11,chalkboard,86,90,4,f150,20,22,2,momboy💙,36,42,6,momboy💙,36,42,6,peelshot,154,161,7,rhode,67,77,10,tipsdeuñas,194,199,5,truefriendship,168,173,5,substituteteacher,182,190,8,christmasgame,157,171,14,substituteteacher,182,190,8,школьнаяжизнь,116,123,7,comedycentral,119,127,8,1stamendmentaudit,176,185,9,mondaynightfootball,136,141,5,onepotmeals,126,134,8,beginnerflorist,147,153,6,開基永華宮,120,131,11,dcme,178,188,10,figueroastreet,75,80,5,winetasting,61,71,10,viralsnacks,76,83,7,etymology,157,166,9,chriseanjr,99,111,12,platafacil,15,15,0,dips,83,95,12,womenswrestling,112,120,8,adhdkids,134,147,13,truefriendship,168,173,5,cadbury,146,151,5,готовка,180,187,7,hellokittycafe,161,172,11,partylights,163,176,13,cozygaming,178,198,20,traveltheworld,140,149,9,hairlosssolution,46,56,10,kneebrace,177,195,18,kneebrace,177,195,18,lonestarstate,101,110,9,blankets,177,183,6,blankets,177,183,6,lpstok,94,100,6,reprogramyourmind,93,99,6,hauntedattractions,66,67,1,jaleelsisterjada,67,81,14,buckskin,127,138,11,pisceswomen,132,137,5,livandmaddie,141,149,8,worldscollidetour,76,82,6,christapike,33,39,6,halloweenmakeupideas,134,143,9,tattooer,151,165,14,boeing737,32,34,2,primitiveskills,167,175,8,bagtok,127,135,8,dancechallenges,180,190,10,caption_queen👑,81,88,7,petcleaning,187,194,7,bunnylove,145,153,8,austinphotographer,86,97,11,管道疏通,173,179,6,consejosparamujeres,170,176,6,zinatneszona,182,185,3,asmrespañol,100,109,9,disfracesdehaloween,138,148,10,whatsappspy,36,42,6,yapayzekagüzelliği,15,,,mississippistate,107,120,13,sportstok,156,160,4,bellwitch,188,192,4,noisecancellingheadphones,161,173,12,lpstok,94,100,6,traveltheworld,140,149,9,bubbatruck🌾,24,26,2,animegaming,119,139,20,muledeer,162,173,11
costumeideas,16,22,6,trig,102,107,5,アニメ好き,162,173,11,landscapepainting,38,41,3,bubbatruck🌾,22,24,2,babycostume,99,105,6,babycostume,99,105,6,elfcosmetics,39,45,6,diylashes,128,138,10,spookynails,22,26,4,sinusrelief,180,185,5,tiles,109,116,7,ballonchallenge,120,133,13,tiles,109,116,7,6to,119,126,7,darkcomedy,131,139,8,texaspolitics,177,186,9,pregame,167,172,5,pozole,143,150,7,journalspread,169,175,6,和善堂轎班會,142,152,10,wop,125,133,8,vlogfamiliar,90,95,5,lakewood,77,87,10,pubsub,171,178,7,collegediml,167,176,9,krisjenner,105,117,12,cuidadodelplaneta,16,16,0,sportmotivation,170,182,12,bloodline,122,130,8,23weekspregnant,136,148,12,sinusrelief,180,185,5,amossweets,154,159,5,comidamexicana,42,47,5,happytastesgood,89,99,10,huawei,21,33,12,wuwacreator,88,106,18,theviewhotel,181,190,9,hairgloss,47,57,10,eyedoctor,180,198,18,eyedoctor,180,198,18,strangefacts,103,112,9,homedesign,44,49,5,homedesign,44,49,5,noomi,137,143,6,motivationalshort,101,107,6,hauntedtrail,71,72,1,crianza,74,88,14,heo,141,152,11,norteamerica🇲🇽🇺🇸🇨🇦,142,147,5,billybobthornton,110,117,7,saawareness,83,89,6,scarystories,162,168,6,strawberrylegs,160,169,9,scartattoo,163,177,14,f14,42,44,2,publiclandhunter,191,199,8,fashionweek,63,70,7,sonideras,186,196,10,sharonosborne,41,47,6,dogtoys,192,198,6,dogoftiktok,183,191,8,jcpennyportraits,88,99,11,clogremover,39,44,5,themacfamily,181,187,6,scicomm,28,30,2,asmrchiropractic,115,123,8,disfrazdehalloween,82,91,9,tiktokstrategy,41,47,6,,,,,steelersnation,167,180,13,footballtok,157,161,4,ufos,36,39,3,techhacks,98,109,11,noomi,137,143,6,theviewhotel,181,190,9,mercedes,25,27,2,cozygaming,174,194,20,viralanimals,79,89,10
longsleeve,121,127,6,subtraction,103,108,5,animejapan,145,155,10,halloweenart,35,37,2,mercedes,23,25,2,babyootd,114,120,6,babyootd,114,120,6,skincareproducts,68,74,6,afro,135,145,10,diymanicure,54,58,4,pyo,185,190,5,thirdgradeteacher,151,158,7,islamicquiz,134,147,13,thirdgradeteacher,151,158,7,carnegiemellon,102,108,6,jefe,158,166,8,womensrightsmatter,42,48,6,redsox,48,52,4,halloweentreats,61,67,6,decoraciónconglobos,170,176,6,開基共善堂,152,162,10,gaspedal,150,158,8,fallvlog,122,127,5,coffeecreamer,91,101,10,flyingdutchmanburger,191,198,7,texashistory,137,145,8,dakotajohnson,60,71,11,gestionderesiduos,17,17,0,kegel,178,190,12,landoscar,143,151,8,overdue,177,189,12,pyo,185,190,5,letspackanorder,178,183,5,fallbaking,62,67,5,sffoodie,115,124,9,techhacks,82,94,12,proplayer,126,144,18,adventuretravel,44,52,8,voluminoushair,176,186,10,pcosawareness,43,60,17,pcosawareness,43,60,17,alternatehistory,117,126,9,arearug,115,120,5,arearug,115,120,5,toycar,146,152,6,motivationalsaturday,102,108,6,fairgrounds,91,92,1,speechdelay,120,134,14,ropehorse,146,157,11,manifestación,147,152,5,tori,115,122,7,worldscollide,91,97,6,siennaspiro,175,181,6,naturalsoap,171,180,9,freehandtattoo,81,94,13,f15,47,49,2,giantfish,135,142,7,longsleeve,119,125,6,mjimpersonator,90,99,9,顔だけどあっぷ,42,48,6,toddleranddog,104,109,5,chewypartner,59,66,7,newphotographer,121,132,11,householdtips,33,37,4,vegaswedding,183,189,6,stemforkids,35,37,2,henryhoover,78,85,7,nightwingcosplay,116,124,8,websitebuilder,55,60,5,,,,,steelers,10,20,10,iowahawkeyes,191,195,4,glitchinthematrix,38,41,3,techtrends,185,196,11,toycar,146,152,6,adventuretravel,44,52,8,carros,38,40,2,wuwacreator,85,103,18,sandiegozoo,42,51,9
formaldress,185,191,6,mathtok,11,15,4,blackclover,35,44,9,художка,81,83,2,carros,36,38,2,pediatricot,127,133,6,pediatricot,127,133,6,tiktokbeauty,157,163,6,fentybeauty,123,132,9,bridalnails,79,83,4,financialplanning,75,79,4,siding,47,53,6,iqchallenge,151,164,13,siding,47,53,6,businessmajor,28,33,5,bearsbengalshalloween,101,108,7,womansrights,109,115,6,okc,51,54,3,thanksgivingdinner,188,194,6,badgereels,24,29,5,灣裡街廣濟堂竹蘭社,164,174,10,newdc,190,198,8,afternoonroutine,112,116,4,drank,115,125,10,jjspartner,94,100,6,lsat,68,74,6,rayasianboy,57,67,10,cuidarelmedioambiente🌏♻️🌏🌏🌏,18,18,0,fitnesscoach,99,110,11,monstertrucks,103,110,7,adoptionjourney,59,70,11,financialplanning,75,79,4,costcodeals,10,14,4,petermillar,143,148,5,banhmi,157,166,9,chargingcable,110,121,11,deadlock,43,60,17,fallfoliage,55,63,8,hairstylistlife,156,165,9,optometry,84,101,17,optometry,84,101,17,easterisland,190,199,9,decoracionhogar,183,188,5,decoracionhogar,183,188,5,mtgcards,179,185,6,motivationalinspiration,38,43,5,fairdate,102,103,1,photographersoftiktok,146,160,14,crazycow,99,109,10,tuananhleo,148,153,5,amyfarrahfowler,135,142,7,greyday,94,99,5,kimkardashian,92,97,5,scent,16,24,8,tattoodeals,174,187,13,sr71,50,52,2,campfires,180,186,6,formaldress,183,189,6,poledancersoftiktok,141,150,9,lindacanci,106,112,6,xolo,142,147,5,straycat,61,68,7,laviem,172,183,11,hackdelimpieza,65,69,4,sportsromancebooks,165,170,5,exoplanets,89,91,2,eyecleaning,185,192,7,catwomancostume,153,161,8,aidetection,83,88,5,,,,,collegebasketball,175,183,8,baller,194,198,4,vocesdelmasalla,78,81,3,stabilization,113,123,10,mtgcards,179,185,6,fallfoliage,55,63,8,ferrari,41,43,2,proplayer,122,140,18,cuteracoon,147,156,9
watchtok,190,196,6,mathforkids,64,68,4,dragons,191,200,9,clayartist,87,89,2,ferrari,39,41,2,toddlerhalloween,146,152,6,toddlerhalloween,146,152,6,cleanbeauty,76,81,5,eyemakeup,127,136,9,pressonnail,87,91,4,coffeecreamer,150,154,4,workshoptools,128,134,6,reflexchallenge,164,177,13,workshoptools,128,134,6,osce,105,110,5,funnyskit,138,145,7,supportsurvivors,149,155,6,fantasyfootballtips,53,56,3,cinnamonrolls,52,57,5,balloontutorial,68,73,5,刑府千歲,171,181,10,ttdance,119,126,7,29thbirthday,124,128,4,fallcocktails,117,127,10,waxbottlecandy,100,106,6,satmath,80,86,6,wilito,114,124,10,mülltrennungwirkt,19,19,0,girlmotivation,151,162,11,wrestlingtok,111,118,7,soldiercominghome,75,86,11,coffeecreamer,150,154,4,lidl,73,77,4,nescafe,150,155,5,houstonfoodies,187,196,9,androidtricks,155,166,11,nikke,77,94,17,lastminute,73,81,8,lengthretention,146,154,8,pms,85,102,17,pms,85,102,17,arqueologia,74,82,8,diyhomeprojects,140,144,4,diyhomeprojects,140,144,4,kidsgiftideas,82,87,5,letgoofthepast,45,50,5,universalstudios,1,1,0,giftwrapping,80,93,13,goosetok,111,121,10,ritual,24,28,4,moviescenes,105,111,6,rolemodel,108,113,5,prankvideo,122,127,5,chafing,96,104,8,bestfriendtattoos,175,188,13,aviationdaily,54,56,2,heatedchair,53,58,5,watchtok,187,193,6,philippians413,174,183,9,新しい人生,130,136,6,servicedog,55,59,4,automaticlitterbox,137,144,7,posesideas,110,120,10,easyhomehacks,87,91,4,romancerecs,178,183,5,cienciacuriosa,128,130,2,visualtriggers,68,74,6,disfraceshalloween,171,179,8,aivideoediting,86,91,5,,,,,jjmccarthy,56,63,7,prowrestling,70,73,3,datosperturbadores,124,127,3,flashdrive,166,176,10,kidsgiftideas,82,87,5,lastminute,73,81,8,tucson,84,86,2,freddy,181,199,18,serpiente,179,188,9
vintedseller,71,76,5,teastest,101,105,4,kenny,96,104,8,calendarideas,94,96,2,tucson,81,83,2,toddleranddog,23,28,5,toddleranddog,23,28,5,beautyhack,139,144,5,hairhacks,179,188,9,burgundynails,88,92,4,studentloandebt,177,181,4,farmequipment,158,164,6,puzzleaddict,169,182,13,farmequipment,158,164,6,stjohnsuniversity,124,129,5,lasperdidas,63,69,6,น้ําท่วม,151,157,6,cr7,18,20,2,fried,87,92,5,clayartist,69,74,5,替天將藝,184,194,10,fancyfootwork,71,77,6,loquetiranenusa,164,168,4,jarritos,133,143,10,driedfruit,117,123,6,ancientmysteries,83,89,6,aldc,116,126,10,mudançaclimática,20,20,0,coreworkouts,159,170,11,wrestlingfans,161,168,7,grandchildren,135,146,11,studentloandebt,177,181,4,winco,101,105,4,recetasmexicanas,181,186,5,shawarma,44,52,8,gravastar,109,119,10,valve,173,190,17,riu,89,97,8,fallhaircolor,174,182,8,remedy,124,141,17,remedy,124,141,17,wordorigins,141,149,8,throwblanket,161,165,4,throwblanket,161,165,4,bestiegift,105,110,5,achieveyourgoals,60,65,5,disneylandtiktok,58,58,0,fertilityjourney,99,112,13,oldhorse,114,124,10,witchtiktok,66,70,4,usa??,157,163,6,grupofirme,152,157,5,rakai,21,25,4,vainilla,179,187,8,татумосква,78,90,12,electricscooter,6,7,1,huntingtok,57,62,5,costumeideas,16,21,5,dancechoreographer,80,88,8,aanquoteser,133,139,6,gatoschistosos,79,83,4,aquascape,143,150,7,viralcamera,177,187,10,주방정리,182,186,4,angstyromance,66,70,4,сурдин,143,145,2,sinkcleaning,89,95,6,familyhalloweencostume,121,128,7,computervirus,87,92,5,,,,,sga,181,188,7,okc,75,78,3,ufosightings,51,53,2,kindle,43,52,9,bestiegift,105,110,5,riu,89,97,8,b58,107,109,2,nikke,74,91,17,cutemonkey,50,58,8
ysl,98,103,5,satreading,122,126,4,azurlane,95,102,7,oiloncanvas,184,186,2,b58,103,105,2,babyitems,73,78,5,babyitems,73,78,5,rhode,32,36,4,hairroutine,61,69,8,naillamp,96,100,4,buildingabusiness,53,56,3,boilermaker,183,189,6,tabletopgame,125,137,12,boilermaker,183,189,6,5toa,180,185,5,militaryhumor,86,92,6,borderpatrol,167,173,6,intermiami,81,83,2,готовка,94,99,5,artforkids,101,106,5,台灣民俗文化,128,137,9,パラパラ,155,161,6,livinginalaska,190,194,4,lasvegasbartender,145,155,10,amossweets,151,157,6,dailyinspiration,90,96,6,bestnewartist,126,136,10,proyectolibera,21,21,0,motivaciongym,176,187,11,wwf,126,132,6,gestante,142,153,11,buildingabusiness,53,56,3,намек,127,131,4,mealplanning,194,199,5,bayareafoodie,124,132,8,noisecancellingheadphones,143,153,10,arknights,74,90,16,thingstodoinarizona,108,116,8,scalphealth,57,64,7,primarycare,148,165,17,primarycare,148,165,17,justa,185,193,8,decoration,18,21,3,decoration,18,21,3,sensorybin,111,116,5,motivationforwomen,66,71,5,hauntedhayride,77,77,0,soldiercominghome,154,166,12,simmental,120,130,10,cartas,87,91,4,dramaseries,179,185,6,raye,186,191,5,raiders,111,115,4,teethcleaning,28,35,7,handtattoos,138,150,12,kukiring4,37,38,1,icefishing,68,73,5,vintedseller,69,74,5,danzaazteca,140,148,8,কুমারখালী_কুষ্টিয়া,173,179,6,whitetail,83,87,4,petmemorial,144,151,7,nycphotoshoot,97,106,9,serbukpembersih,184,188,4,goodmen,106,110,4,sciencetok,5,6,1,carpetwashing,93,99,6,newyorkcomiccon,156,163,7,microsoftcopilot,119,124,5,,,,,drakemaye,22,28,6,ballhog,101,104,3,ufosighting,74,76,2,skylightcalendar,90,99,9,sensorybin,111,116,5,thingstodoinarizona,108,116,8,caressentials,164,166,2,valve,169,186,17,animalbehavior,59,67,8
slippers,102,107,5,الحروف_العربية,128,132,4,butters,185,192,7,portrait,16,17,1,truckaccessories,191,193,2,dadtips,118,123,5,dadtips,118,123,5,breakout,167,171,4,makeupinspo,72,80,8,cnl,100,104,4,xrpnews,74,77,3,windturbine,192,198,6,tiltnshout,155,167,12,windturbine,192,198,6,collegevlog,30,34,4,standupcomedian,55,60,5,dateline,171,177,6,collegebasketball,193,195,2,ninjakitchen,110,115,5,claydate,123,128,5,彰府聖心堂,161,170,9,dancevibes,59,64,5,uofo,27,30,3,coconutmilk,158,168,10,foodtasting,119,124,5,goodmotivation,57,62,5,adrianalima,179,189,10,ceroresiduos,22,22,0,bicepworkout,181,192,11,francocolapinto,146,152,6,bumil,172,183,11,xrpnews,74,77,3,seafoodboils,136,140,4,traderjoes,35,39,4,thingstodoinphilly,127,135,8,flashdrive,146,155,9,nikkegoddessofvictory,82,98,16,nyctravel,40,47,7,haircareproducts,119,126,7,adhdsupport,166,183,17,adhdsupport,166,183,17,polpot,187,195,8,smallspaceliving,76,79,3,smallspaceliving,76,79,3,stressrelieftoy,120,125,5,bobproctor,79,84,5,toboggan,127,127,0,crossstitch,160,172,12,chickensoftiktok🐔,162,172,10,piscesenergy,168,172,4,dramatok,187,193,6,whw,179,183,4,umamusume,176,179,3,oldspice,60,67,7,bodypiercings,142,154,12,mafiabikes,40,41,1,deerhunter,70,75,5,ysl,96,101,5,sansimon,98,105,7,punkjacket,25,30,5,poodle,87,91,4,yorkshire,158,165,7,productvideo,117,126,9,homhacks,25,28,3,marriedyoung,160,164,4,scienceexperiment,11,12,1,asmrscalpcheck,113,119,6,halloweencosplay,58,64,6,garageringtones,142,147,5,,,,,playoffs,46,52,6,intermiami,118,121,3,creepytiktok,97,99,2,usbc,148,157,9,stressrelieftoy,120,125,5,nyctravel,40,47,7,brez,9,10,1,deadlock,42,58,16,talkingbird,123,131,8
yogapants,141,146,5,satgrammar,133,137,4,tokyorevengers,54,60,6,картина,63,64,1,dieseltrucks,193,195,2,babyluna,29,33,4,babyluna,29,33,4,acnetips,194,198,4,makeuphack,175,183,8,atlantanailtech,143,147,4,interestrates,124,127,3,appliancerepair,36,41,5,chainreaction,114,125,11,appliancerepair,36,41,5,gurumuda,91,95,4,comediahumor,57,62,5,campussafety,190,196,6,ronaldo,7,8,1,bakewithme,172,177,5,journalmaking,156,161,5,曾府大元帥,71,79,8,dancechoreography,77,82,5,birthdaybasket,33,36,3,ninjapartner,67,76,9,eatwithgg,122,127,5,planets,85,90,5,leejunyoung,189,199,10,siapdarling,23,23,0,fitnessapp,184,195,11,luchalibre,48,53,5,partonatural,173,184,11,interestrates,124,127,3,sourgummies,182,186,4,easydinner,36,40,4,tacomawa,128,136,8,techtrends,162,170,8,simulation,87,103,16,visitarizona,149,156,7,overnightblowout,129,136,7,breastcancerawareness,28,44,16,breastcancerawareness,28,44,16,herenciahispana,99,106,7,wayfairfinds,98,101,3,wayfairfinds,98,101,3,playdoh,136,141,5,positivewords,116,121,5,disneylandrailroad,162,162,0,kodak,59,70,11,mychicken,164,174,10,cubing,54,57,3,ghostface,48,53,5,musichistory,193,197,4,justice,64,66,2,kayali,67,74,7,customtattoos,149,161,12,bycicle,49,50,1,whitetailhunting,75,80,5,slippers,100,105,5,chilichallenge,126,133,7,hdxeditzz,39,44,5,dogcostume,166,170,4,cutevideos,189,196,7,offcameraflash,152,161,9,cleanhacks,70,73,3,bwwm,173,177,4,3iatlas,49,50,1,hairplayasmr,127,133,6,renfair,71,77,6,photoeditor,152,157,5,,,,,nflpredictions,156,162,6,concacaf,138,141,3,жутко,126,128,2,battery,28,35,7,playdoh,136,141,5,visitarizona,149,156,7,mustang,13,14,1,nikkegoddessofvictory,79,95,16,حيوانات,124,132,8
babydoll,153,158,5,aphug,154,158,4,draken,88,94,6,chalkmarkers,84,85,1,brez,8,9,1,safesleep,94,98,4,safesleep,94,98,4,glycolicacid,84,87,3,sewin,176,184,8,strongnails,192,196,4,retire,135,138,3,snowremoval,90,95,5,whosmostlikelyto,119,130,11,snowremoval,90,95,5,signoff,100,104,4,rifecomedyclub,58,63,5,crimenews,33,38,5,cristianoronaldo,10,11,1,fajitas,187,192,5,resinmold,180,185,5,左營虎軍堂五虎會,157,165,8,choreographer,44,48,4,diario,103,106,3,ninjablender,88,97,9,ggflavour,123,128,5,studyhacks,25,29,4,fanum,42,51,9,stopplasticpollution,24,24,0,mensphysique,186,197,11,бокс,59,64,5,adopteevoices,176,187,11,retire,135,138,3,tunnockscaramelwafer,184,188,4,latte,73,77,4,dcfoodie,130,138,8,kindle,36,43,7,minecrafter,124,140,16,uniquestays,92,98,6,hairproductreview,37,43,6,ergonomicpillow,67,83,16,ergonomicpillow,67,83,16,historyfunfacts,164,171,7,cleaningasmr,99,102,3,cleaningasmr,99,102,3,slowrisesquishy,126,130,4,personaldevelopmentcoach,147,152,5,hhn,3,2,-1,infertilityjourney,92,103,11,cornishcross,166,176,10,speedcubing,56,59,3,thriller,59,64,5,vma,46,48,2,victorious,185,187,2,micropigmentacion,182,189,7,sanfranciscotattooartist,156,168,12,f22raptor,52,53,1,elkhunt,128,133,5,yogapants,139,144,5,foreva,181,188,7,bocilsd🗿,56,61,5,birdsoftiktok,31,34,3,rescate,132,138,6,fujifilmxt50,153,162,9,tienich,102,105,3,moderndating,34,37,3,briancox,51,52,1,satysfyingvideo,153,159,6,michaelmyerscosplay,86,92,6,tipsandroid,169,174,5,,,,,miamiheat,165,171,6,bball,187,190,3,creepyvibes,138,140,2,vibecoding,64,71,7,slowrisesquishy,126,130,4,uniquestays,92,98,6,automotive,16,17,1,simulation,84,100,16,primate,146,154,8
corset,169,174,5,обществознаниеогэ,187,191,4,wuwacreator,103,109,6,penart,104,105,1,mustang,11,12,1,2ndbirthday,98,102,4,2ndbirthday,98,102,4,latinabeauty,144,147,3,serum,178,186,8,russianmanicure,18,21,3,consumerrights,140,143,3,junkremovalbusiness,93,98,5,craps,130,141,11,junkremovalbusiness,93,98,5,schoolpride,186,190,4,videosgraciosos,69,74,5,lawenforcementcommunity,128,133,5,portugal,15,16,1,рецепт,56,60,4,christmasornaments,27,31,4,嘉義延順興,177,185,8,jellyous,51,55,4,cozyvlog,110,113,3,booze,108,117,9,creamofwheat,23,27,4,collegeapps,39,43,4,kyliecantrall,119,128,9,evera,25,25,0,gymedits,187,198,11,motogp,72,77,5,fertilitytreatment,189,200,11,consumerrights,140,143,3,bioengineeredingredients,189,193,4,monsterenergy,76,80,4,atlantathingstodo,176,184,8,skylightcalendar,78,85,7,gamingvideo,131,147,16,canadianrockies,112,118,6,maintenanceday,116,122,6,nmn,80,96,16,nmn,80,96,16,ayudalegal,183,190,7,fixerupper,107,110,3,fixerupper,107,110,3,figurine,134,138,4,quotesforhim,148,153,5,fair,4,3,-1,pipecleanerflowers,117,128,11,kabootar,179,189,10,endulzamiento,104,107,3,movienight,69,74,5,anuel,58,60,2,reggie,7,8,1,kojicacid,27,33,6,marylandtattooartist,184,196,12,lametro,60,61,1,gofish,145,150,5,babydoll,151,156,5,fancyfootwork,48,54,6,dekk_prstt,57,62,5,elk,114,117,3,такса,133,139,6,canonr6markii,93,101,8,好東西一起分享,118,121,3,newlyweds,53,56,3,astronauts,53,54,1,cloudslime,173,179,6,ghostfacemask,89,95,6,androidapps,173,178,5,,,,,detroitlions,66,71,5,portugal,18,20,2,creepyclips,177,179,2,phonetripod,156,163,7,figurine,134,138,4,canadianrockies,112,118,6,trucking,19,20,1,minecrafter,120,136,16,wildworld,177,185,8
bathingsuit,182,187,5,phonemicawareness,189,193,4,janedoe,5,10,5,coloring,1,1,0,automotive,14,15,1,babyswing,66,69,3,babyswing,66,69,3,exfoliate,171,174,3,halloweennails,49,56,7,nailtrends,20,23,3,payoffdebt,161,164,3,constructiontips,107,112,5,emojiquiz,146,157,11,constructiontips,107,112,5,semanadelestudiante,193,197,4,dadjoke,154,159,5,violence,137,142,5,seleccionmexicana,28,29,1,comidacasera,69,73,4,crossstitch,33,37,4,xuanlong,51,58,7,umassboston,100,104,4,schoolmorning,31,33,2,crowbar,124,133,9,hotfries,62,66,4,mathematics,13,16,3,snowman,174,183,9,เก็บขยะล้านชิ้น,26,26,0,gymaesthetic,189,200,11,takedown,110,115,5,jaleelsisterjada,33,43,10,payoffdebt,161,164,3,dulcesenchilados,104,107,3,postres,87,91,4,southbay,97,104,7,stabilization,102,109,7,whattoplay,111,126,15,tokyovlog,70,75,5,wigreview,163,169,6,adhdawareness,90,106,16,adhdawareness,90,106,16,ancienttech,155,161,6,bonelesscouch,134,137,3,bonelesscouch,134,137,3,sylveon,135,139,4,동기부여,192,197,5,sixflags,5,4,-1,halloweencraft,144,155,11,horseshoes,69,78,9,mercuryretrograde,126,129,3,jacobelordi,95,100,5,drummer,85,87,2,kaicenat,8,9,1,bodymist,36,42,6,jesustattoo,109,120,11,mscworldamerica,64,65,1,campers,72,76,4,corset,167,172,5,dancechoreography,54,60,6,dekkteddy,58,63,5,moose,130,133,3,germanshepherdsoftiktok,146,152,6,idahophotographer,94,102,8,naturalcleaning,17,19,2,innerwork,84,87,3,spacetime,58,59,1,plucking,72,77,5,catwomancosplay,162,168,6,chatgpttutorial,175,180,5,,,,,jahmyrgibbs,168,173,5,cr7,23,25,2,alienencounter,179,181,2,minicamera,72,78,6,sylveon,135,139,4,tokyovlog,70,75,5,custom,20,21,1,gamingvideo,127,143,16,waspnest,189,197,8
tiktokshopfalldealsforyou,6,10,4,satmath,15,18,3,viralgatos,179,184,5,ceramics,2,2,0,trucking,17,18,1,nicujourney,76,79,3,nicujourney,76,79,3,makeupover40,189,192,3,eyeliner,74,81,7,trendingnails,42,45,3,quant,165,168,3,craftsman,57,61,4,countrychallenge,187,198,11,craftsman,57,61,4,prelaw,13,16,3,rire,174,179,5,beritaviral,166,171,5,ballhog,71,72,1,villagelife,71,75,4,craftnight,53,57,4,中鋼轎班會,87,94,7,alameda,130,134,4,comfortcreator,32,34,2,ryzemushroomcoffee,129,138,9,fishsandwich,104,108,4,collegeadmissions,30,33,3,kuwtk,50,58,8,criseclimatica,27,27,0,pelvicfloor,18,28,10,daznboxing,132,137,5,crianza,36,46,10,quant,165,168,3,customtreats,114,117,3,budgetmeals,95,99,4,thingstodoinvegas,110,117,7,phonetripod,140,147,7,parabox,117,131,14,whitemountains,100,105,5,ivyleague,74,79,5,dolordecuello,136,152,16,dolordecuello,136,152,16,uscities,79,84,5,architecturedesign,160,163,3,architecturedesign,160,163,3,frankiestein,106,109,3,mujerespoderosas,47,51,4,halloweenhorrornights,6,5,-1,gravidez,170,181,11,grasspuppies,123,132,9,scorpiorising,141,144,3,مسلسلات_تركية,104,109,5,kellyclarkson,107,109,2,frenchstyle,163,164,1,spraytan,42,48,6,tattoosforwomen,119,130,11,ebike,1,1,0,tidewe,85,89,4,bathingsuit,180,185,5,swingdancing,70,76,6,vani🐣,61,66,5,horselovers,136,139,3,straycats,160,166,6,ricohgr3,141,149,8,trucosdelhogar,32,34,2,datingtalk,117,120,3,semenanalysis,63,64,1,asmrjulieta,101,106,5,jokercosplay,178,184,6,pippitai,182,187,5,,,,,yankees,21,25,4,aew,40,42,2,fantasmas,30,31,1,wirelessheadphones,77,83,6,frankiestein,106,109,3,whitemountains,100,105,5,jeep,27,28,1,arknights,72,87,15,mundoanimal,57,64,7
archive,110,114,4,mathtricks,43,46,3,captainunderpants,190,195,5,dibujo,10,10,0,custom,18,19,1,babyactivities,90,93,3,babyactivities,90,93,3,makeupinspo,35,37,2,fallhair,78,85,7,halloweennailart,43,46,3,ultabeauty,5,7,2,bau,161,165,4,mahjongg,124,134,10,bau,161,165,4,extracurriculars,82,85,3,stavroshalkias,175,180,5,loret,192,197,5,gilmora,110,111,1,antojitos,114,118,4,papermache,59,63,4,埔鹽施公舘,93,100,7,ballerinasoftiktok,165,169,4,birthdayvlog,47,49,2,whiskeylover,152,161,9,eateatwithkeysh,148,152,4,ushistory,34,37,3,ellysayagho,68,76,8,plasticbank,28,28,0,snatchedwaist,101,111,10,chiwiwis,138,143,5,siblinggoals,65,75,10,ultabeauty,5,7,2,candybar,124,127,3,foodreviews,160,164,4,tampafoodie,111,118,7,gimbal,177,184,7,bonnie,114,127,13,grandteton,121,126,5,naturalhairtiktok,132,137,5,masajes,155,171,16,masajes,155,171,16,asiloafirmativo,160,165,5,architecturelovers,188,191,3,architecturelovers,188,191,3,squishmallow,121,124,3,growbeyoundyourlimits,56,60,4,universalorlando,7,6,-1,fotografia,68,78,10,farriertok,137,146,9,scorpioenergy,158,161,3,ewanmcgregor,114,119,5,band,8,9,1,nfl,1,1,0,bodyacne,57,63,6,redink,141,152,11,aviation,2,2,0,vanstaal,89,93,4,tiktokshopfalldealsforyou,6,10,4,hbcudance,115,121,6,papmukena,65,70,5,fetch,160,163,3,blackcats,39,44,5,cavkaaeff,143,151,8,householdcleaning,36,38,2,infidelityrecovery,119,122,3,datosmedicos,136,137,1,scalpscratching,106,111,5,königcod,192,198,6,tipsedicion,183,188,5,,,,,sixers,78,82,4,deerhunting,48,50,2,scarytiktok,48,49,1,traveltech,150,156,6,squishmallow,121,124,3,grandteton,121,126,5,nissan,33,34,1,whattoplay,107,122,15,ecosystem,73,80,7
blackfridaydeals,161,165,4,nursingnotes,52,55,3,nami,66,70,4,artworkout,12,12,0,jeep,25,26,1,uniquebabynames,179,182,3,uniquebabynames,179,182,3,eyeliner,36,38,2,brows,100,107,7,chicagonailtech,52,55,3,budgeting,12,14,2,flightattendanttraining,170,174,4,moneygames,140,150,10,flightattendanttraining,170,174,4,acttestprep,111,114,3,workbesties,180,185,5,banjirbandang,71,75,4,match,155,156,1,recetasfáciles,176,180,4,polymerclaytutorial,71,75,4,神轎欣賞,102,109,7,balletdancer,40,43,3,fallbooks,48,50,2,drinkspecials,157,166,9,cheesecurds,75,78,3,dailyquotes,44,47,3,findjeremiah,94,102,8,kaychanel,29,29,0,jcserralde,121,131,10,elitomac,140,145,5,nycmom,98,108,10,budgeting,12,14,2,milka,140,143,3,foodvlog,176,180,4,thingstodoinnashville,149,156,7,audiophile,180,187,7,phighting,132,145,13,travelfacts,134,139,5,headbandwig,133,138,5,astigmatism,59,74,15,astigmatism,59,74,15,byzantineempire,170,175,5,christmastree,35,37,2,christmastree,35,37,2,rideoncar,165,168,3,louisehay,64,68,4,statefair,8,7,-1,caregiving,69,79,10,blueroan,145,154,9,witchesoftiktok,10,12,2,girlmeetsworld,159,164,5,piano,9,10,1,meme,2,2,0,oralspray,66,72,6,tattoobooking,125,135,10,electricbike,3,3,0,wildernesssurvival,116,120,4,archive,108,112,4,locking,173,179,6,fitri02,75,80,5,geese,197,200,3,adopted,93,98,5,weddingphotographytips,145,153,8,tipsparaelhogar,74,76,2,lifewithyou,175,178,3,futureofspace,164,165,1,asmrparadormir,142,147,5,madhattercosplay,194,200,6,krickart,195,200,5,,,,,devonachane,190,194,4,fantasyfootballtips,78,80,2,ghostmisadventures,56,57,1,techreview,74,79,5,rideoncar,165,168,3,travelfacts,134,139,5,trucker,34,35,1,parabox,113,127,14,prayingmantis,76,83,7
y2kfashion,163,167,4,огэ2026,82,85,3,anyaforger,82,86,4,coloringtok,45,45,0,nissan,31,32,1,babyhalloweencostume,184,187,3,babyhalloweencostume,184,187,3,dermatologist,40,42,2,softglam,111,118,7,nycnailtech,71,74,3,shopifypartner,23,25,2,firewood,49,52,3,wonkydoodles,145,155,10,firewood,49,52,3,collegeapps,3,5,2,xraystudent,183,188,5,socialcommentary,139,143,4,setter,156,157,1,easydinner,17,20,3,balloonideas,78,82,4,楠梓五千宮轎班會,126,133,7,sonideros,41,44,3,chiarimalformation,49,51,2,hotcocoa,98,106,8,freezedriedicecream,83,86,3,motivationalviralspeech,53,56,3,aaronmercury,111,119,8,sggreenplan,30,30,0,burnbootcamp,153,163,10,соревнования,152,157,5,brothersisterlove,99,109,10,shopifypartner,23,25,2,bubscandy,187,190,3,tastetest,19,22,3,cocktailbar,154,161,7,battery,23,29,6,moderndating,187,200,13,florenceitaly,159,164,5,bodywave,136,141,5,microingredients,71,86,15,microingredients,71,86,15,derechosmigratorios,182,187,5,apartmentlife,136,138,2,apartmentlife,136,138,2,toddlertoys,25,27,2,yokoikenji,72,76,4,universalstudioshollywood,9,8,-1,epoxyresin,126,136,10,gallerosdecorazon,159,168,9,lovespell,23,25,2,boymeetsworld,170,175,5,rnb,10,11,1,music,3,3,0,shavinghacks,80,86,6,chicanotattoo,162,172,10,fighterjet,4,4,0,duckcall,126,130,4,blackfridaydeals,159,163,4,danceroutine,178,184,6,アンハッピー,94,99,5,sheep,49,51,2,specialneedscat,101,106,5,freelancephotographer,146,154,8,superglue,9,10,1,marriageadvice,31,33,2,sciencedemo,180,181,1,asmrfacial,56,60,4,silenthillcosplay,91,96,5,swipewipe,20,24,4,,,,,chiefs,26,29,3,volleyball,5,6,1,ouijaboard,59,60,1,течток,75,80,5,toddlertoys,25,27,2,florenceitaly,159,164,5,autorepair,46,47,1,bonnie,110,123,13,waqas_kutwaal,101,108,7
whatnotpartner,179,183,4,математикаегэ,124,127,3,fategrandorder,85,89,4,artistsontiktok,74,74,0,trucker,32,33,1,cutebabies,21,23,2,cutebabies,21,23,2,eyecream,42,44,2,gluelesswig,115,122,7,hardgelnails,82,85,3,financetips,40,42,2,carpinteria,56,59,3,dailyquestion,69,78,9,carpinteria,56,59,3,lsat,7,9,2,мемасик,188,193,5,usnews,24,27,3,miamiheat,183,184,1,cook,24,27,3,christmascraft,117,121,4,灣裡萬年殿,134,141,7,bachatatiktok,65,68,3,nyclifestyle,66,68,2,smartwater,136,144,8,freezedry,90,93,3,nclexprep,63,66,3,sturniolos,185,193,8,ecovidrio,31,31,0,pilateslife,156,166,10,wrestlingcommunity,172,177,5,iugr,112,122,10,financetips,40,42,2,aldifinds,9,11,2,coffeetiktok,20,23,3,carrolltontx,168,175,7,wirelessheadphones,65,71,6,claude,107,119,12,chattanoogatn,175,180,5,modcut,137,142,5,magnesiumcomplex,82,97,15,magnesiumcomplex,82,97,15,crusades,73,77,4,christmasdecor,4,5,1,christmasdecor,4,5,1,giftsforkids,26,28,2,jordanpetersonquotes,73,77,4,hersheypark,10,9,-1,comfortcreator,143,153,10,ranchomc,184,193,9,lecturadecartas,31,33,2,strangerthingsedit,190,195,5,brunomars,11,12,1,dance,4,4,0,signaturescent,102,108,6,bodymodification,46,55,9,kugoo,10,10,0,survivalgear,42,45,3,y2kfashion,161,165,4,beginnerballet,185,191,6,ネコミミ,114,119,5,babyanddog,53,55,2,pethair,136,141,5,kansascityweddingphotographer,184,192,8,waterprooftape,13,14,1,relationshipadviceforwomen,59,61,2,science,1,1,0,rugcleaning,66,70,4,theboogeyman,130,135,5,mobiletips,22,26,4,,,,,broncos,30,33,3,ronaldo,8,9,1,llorona,72,73,1,photoprinter,99,104,5,giftsforkids,26,28,2,chattanoogatn,175,180,5,kia,60,61,1,phighting,128,141,13,sealsoftiktok,140,147,7
balenciaga,48,51,3,scholarshipopportunity,147,150,3,arknights,89,93,4,artstudent,78,78,0,autorepair,44,45,1,newbornlife,22,24,2,newbornlife,22,24,2,darkcircles,53,55,2,menscologne,122,129,7,nailtechtips,92,95,3,taxseason,99,101,2,sewer,65,68,3,willywonkagoldenticket,84,93,9,sewer,65,68,3,collegeessay,8,10,2,weddingstory,190,195,5,gbnews,68,71,3,football,1,1,0,desserts,40,43,3,craftwithme,164,168,4,桃園太原堂,135,142,7,neonmoon,66,69,3,rutinadiaria,73,75,2,redwine,76,83,7,mipropiacomida,131,134,3,professorjiang,70,73,3,1000lbsisters,78,85,7,แยกขยะกันเถอะ,32,32,0,espalda,87,96,9,sportsentertainment,180,185,5,pregnantbelly,117,127,10,taxseason,99,101,2,traderjoeshaul,15,17,2,coffeetok,32,35,3,huntsvilleal,178,185,7,usbc,131,137,6,animebattlearena,183,195,12,salemmassachusetts,27,31,4,updohairstyle,192,197,5,bloodflow,92,107,15,bloodflow,92,107,15,indigenoushistory,112,116,4,hometips,97,98,1,hometips,97,98,1,littletikes,80,82,2,motivationalqoutes,92,96,4,sixflagsmagicmountain,11,10,-1,pregnancylife,165,175,10,dancinghorse,67,75,8,collectivereading,60,62,2,twilightsaga,193,198,5,frenchmusic,12,13,1,animation,5,5,0,purpletoothpaste,113,119,6,snakeeyes,72,81,9,bicicleta,11,11,0,tents,120,123,3,whatnotpartner,177,181,4,electrobreakers,189,195,6,บังบอส,124,129,5,blackcatsoftiktok,71,73,2,meowl,157,162,5,howtopose,42,49,7,floorbrush,14,15,1,cuddling,61,63,2,physics,2,2,0,slimemaking,77,81,4,spiritwalker,170,175,5,aiautomation,35,39,4,,,,,postseason,51,54,3,cristianoronaldo,12,13,1,povhorror,125,126,1,walkietalkie,109,114,5,littletikes,80,82,2,salemmassachusetts,27,31,4,digrig,66,67,1,moderndating,183,196,13,vidamarina,144,151,7
spiritweek,78,81,3,desmos,24,26,2,dandysworld,26,29,3,cozycoloring,79,79,0,kia,58,59,1,newmomlife,24,26,2,newmomlife,24,26,2,diylashes,59,61,2,dollartreehaul,137,144,7,privatenailtech,106,109,3,comprarcasa,107,109,2,lumberjack,76,79,3,binhoboard,100,109,9,lumberjack,76,79,3,universityofdelaware,9,11,2,chistoso,68,72,4,protectwomen,35,37,2,soccer,2,2,0,postres,47,50,3,mosaiccrochet,166,170,4,彰化華德宮,138,145,7,dancecomp,133,136,3,romanticizinglife,106,108,2,applejuice,111,118,7,sketchyfoodreviews,139,142,3,microbiology,75,78,3,parisfashionweek,92,99,7,actionforclimate,33,33,0,rebounding,117,126,9,muaythai,26,30,4,bodysafety,122,132,10,comprarcasa,107,109,2,reeses,28,30,2,nationalcoffeeday,33,36,3,larestaurants,180,187,7,wirelessearbuds,40,45,5,ncaafootball,104,115,11,hotelroom,39,43,4,fallhair,24,28,4,nadplus,94,109,15,nadplus,94,109,15,anglosaxon,179,183,4,remodeling,103,104,1,remodeling,103,104,1,ちいかわ,104,106,2,lummaaziz,143,147,4,knottsberryfarm,12,11,-1,bebeencamino,75,84,9,hogtrapping,80,88,8,messageforyou,92,94,2,frenchvibes,26,30,4,edm,23,24,1,southpark,6,6,0,chinhair,185,191,6,tattoolovers,98,107,9,airboat,14,14,0,fallcamping,178,181,3,balenciaga,46,49,3,театр,57,62,5,paivadrj7,138,143,5,dogdentalcare,98,100,2,petowners,165,170,5,nashvillephotographer,83,90,7,everydayhacks,16,17,1,matchmaker,79,81,2,astronomy,3,3,0,мурашки,79,83,4,mentalismo,186,191,5,节点搭建,61,65,4,,,,,sportsbetting,163,166,3,campinggear,76,77,1,horror,1,1,0,contentcreatortools,122,127,5,ちいかわ,104,106,2,hotelroom,39,43,4,gmt800,72,73,1,claude,103,115,12,insectos,165,172,7
wallet,82,85,3,mathtrick,27,29,2,wutheringwaves,59,62,3,glittercoloring,80,80,0,digrig,64,65,1,preemie,25,27,2,preemie,25,27,2,drugstoremakeup,67,69,2,drugstoremakeup,153,160,7,cuidadodeuñas,112,115,3,buyingahouse,109,111,2,roofer,84,87,3,quizzes,127,136,9,roofer,84,87,3,collegeapplications,18,20,2,medicalhumor,84,88,4,believesurvivors,93,95,2,collegefootball,3,3,0,brownies,49,52,3,kidscrafts,14,17,3,竹雲宮武木體育會,154,161,7,baltimoreclub,157,160,3,cozymorning,107,109,2,localbusines,150,157,7,katinaeatskilos,178,181,3,rocketlaunch,105,108,3,wildnout,109,116,7,,,,,yogapractice,169,178,9,karate,38,42,4,babyloss,130,140,10,buyingahouse,109,111,2,snackcart,81,83,2,soup,38,41,3,disneylandfood,184,191,7,wearabletech,72,77,5,robloxdev,122,133,11,brooklynbridge,46,50,4,gluelesswig,38,42,4,snoring,95,110,15,snoring,95,110,15,texashistory,43,46,3,interiordecor,106,107,1,interiordecor,106,107,1,yugiohcommunity,117,119,2,nickvujicic,168,172,4,coastertok,14,13,-1,resin,87,96,9,equinetherapy,133,141,8,tarotcard,111,113,2,landman,86,90,4,ontour,147,148,1,dragonballz,90,90,0,fallfragrance,38,43,5,earjewelry,176,185,9,4wheeler,21,21,0,campingstove,188,191,3,spiritweek,76,79,3,newdc,129,134,5,queenkayleigh,188,193,5,rescuecat,109,111,2,gatoschistosos,56,60,4,mirrorless,89,96,7,usefulfinds,19,20,1,newlywed,80,82,2,anatomy,4,4,0,handmovements,99,103,4,furrygirl,34,38,4,operabrowser,89,93,4,,,,,bigten,195,198,3,sundayfootball,106,107,1,horrortok,2,2,0,phoneprotection,126,131,5,yugiohcommunity,117,119,2,brooklynbridge,46,50,4,peterbilt,81,82,1,animebattlearena,179,191,12,faunasilvestre,170,177,7
affordable,96,99,3,anatomyquiz,28,30,2,gon,57,59,2,windowpainter,176,176,0,gmt800,70,71,1,babyoutfit,27,29,2,babyoutfit,27,29,2,makeuphack,77,79,2,pixiecut,73,79,6,hellokittynails,135,138,3,daytradingtips,153,155,2,drain,102,105,3,mahjonggame,175,184,9,drain,102,105,3,premedlife,39,41,2,cnahumor,100,104,4,lluvias,110,112,2,mlb,4,4,0,caramel,68,71,3,pipecleanerflowers,23,26,3,左營虎軍堂,170,177,7,dancecompetition,23,25,2,friendshipbreakups,144,146,2,caffiene,156,163,7,portillos,63,65,2,abogadadeinmigracion,117,120,3,tonightsconversation,168,175,7,,,,,dailysteps,182,191,9,cmpunk,47,51,4,childlossawareness,148,158,10,daytradingtips,153,155,2,grocerylist,96,98,2,soupseason,39,42,3,eastvillage,185,192,7,walkietalkie,94,99,5,piggy,143,154,11,californiatravel,50,54,4,ricci,140,144,4,supplementsforwomen,142,157,15,supplementsforwomen,142,157,15,chicagohistory,72,75,3,roomtransformation,126,127,1,roomtransformation,126,127,1,myminibaby,118,120,2,思维认知,188,192,4,frightfest,16,15,-1,bumpdate,89,98,9,chicksoftiktok,152,160,8,rootwork,128,130,2,aidrama,127,131,4,mariachi,160,161,1,britishcelebrities,93,93,0,gourmandperfume,39,44,5,tatooideas,100,108,8,aviones,31,31,0,offshorefishing,26,28,2,wallet,80,83,3,dancelegends,150,155,5,xuhuongtrieuviewcaonhattiktok,23,27,4,whitetaildeer,120,122,2,catrescue,58,62,4,nikonphotography,98,105,7,smarthacks,23,24,1,happyanniversary,109,111,2,telescope,7,7,0,slimekit,126,130,4,couplehalloweencostumes,51,55,4,تطبيق,101,105,4,,,,,raiders,11,13,2,sixers,112,113,1,hauntedhouse,9,9,0,gamingmonitor,139,144,5,myminibaby,118,120,2,californiatravel,50,54,4,hondacivic,93,94,1,robloxdev,118,129,11,monitorlizard,173,180,7
widelegpants,114,117,3,sciencequiz,31,33,2,bluearchive,81,83,2,coloringbook,4,3,-1,peterbilt,78,79,1,3monthsold,34,36,2,3monthsold,34,36,2,serum,78,80,2,mua,92,98,6,nailcare,11,13,2,downpaymentassistance,186,188,2,goldprospecting,108,111,3,encuentralasdiferencias,179,188,9,goldprospecting,108,111,3,fstudent,107,109,2,funnyvid,120,124,4,socialjustice,148,150,2,volleyball,5,5,0,grilling,77,80,3,halloweencraft,29,32,3,小南城隍廟,181,188,7,danceteacher,32,34,2,lasvegaspromoter,154,156,2,chocolatemilk,71,77,6,exoticfruit,85,87,2,takeaction,121,124,3,belieber,178,185,7,,,,,hippain,116,124,8,icehockey,51,55,4,ttccommunity,27,36,9,downpaymentassistance,186,188,2,milkchocolate,112,114,2,drinking,41,44,3,nycbars,99,105,6,iphone5,100,105,5,limbuscompany,110,120,10,travelinspo,51,55,4,corte,142,146,4,cuppingtherapy,144,159,15,cuppingtherapy,144,159,15,doblenacionalidad,106,109,3,arboldenavidad,199,200,1,arboldenavidad,199,200,1,pokemoncenter,125,127,2,lifeslessons,195,199,4,knottsscaryfarm,18,17,-1,candlemaking,90,99,9,lifefarm,165,173,8,horoscopos,139,141,2,katnisseverdeen,129,133,4,gerardoortiz,167,168,1,мем,29,28,-1,toothcare,47,52,5,nosehoop,90,97,7,aviationhistory,36,36,0,deerstand,69,71,2,affordable,94,97,3,ballerinasoftiktok,110,114,4,россиянин,30,34,4,vacas,146,148,2,toddleranddog,74,78,4,fotosbonitas,123,130,7,bañolimpio,34,35,1,datingover40,121,123,2,spacetok,8,8,0,selfdefensekeychain,128,132,4,silenthillnurse,63,67,4,editingapp,194,198,4,,,,,dallascowboys,19,21,2,goalkeeper,119,120,1,ghosts,12,12,0,wirelessearbuds,50,54,4,pokemoncenter,125,127,2,travelinspo,51,55,4,carsoftiktok,1,1,0,piggy,139,150,11,birdman,174,181,7
ootn,144,147,3,nclextips,36,38,2,sukuna,16,17,1,artchallenge,5,4,-1,hondacivic,90,91,1,newbornmom,35,37,2,newbornmom,35,37,2,sheglam,93,95,2,facemask,98,104,6,frenchtipnails,12,14,2,moneygoals,192,194,2,remotejob,119,122,3,desafios,104,112,8,remotejob,119,122,3,وزارة_التعليم,113,115,2,peda,121,125,4,inundaciones,168,170,2,futbol,6,6,0,carneasada,80,83,3,embroiderytutorial,56,59,3,1025,12,18,6,zapateado,35,37,2,weeklyrecap,10,11,1,caramelfrappe,86,92,6,soil,95,97,2,deudas,151,154,3,survivor,23,29,6,,,,,fitnessequipment,122,130,8,skatelife,56,60,4,miscarriageawareness,52,61,9,moneygoals,192,194,2,freezerorganization,119,121,2,pumpkinspice,45,48,3,phillyfood,114,120,6,smartscale,101,106,5,deltaforcegame,119,129,10,destination,67,71,4,cuidadocapilar,143,147,4,gingivitis,161,176,15,gingivitis,161,176,15,tiengtrung,138,141,3,homedecor,1,1,0,homedecor,1,1,0,pokemonetb,127,129,2,frasedeldia,20,23,3,hhnorlando,20,19,-1,raisingboys,91,100,9,highlandcowsoftiktok,172,180,8,limpiezaenergetica,155,157,2,фильмы,131,135,4,clarinet,183,184,1,musica,30,29,-1,axilasmanchadas,61,66,5,latattooartist,91,98,7,farmequipment,57,57,0,rvcamping,83,85,2,widelegpants,112,115,3,adultdanceclass,133,137,4,songsinhkhacgioi,34,38,4,dogmom,2,3,1,petparent,89,93,4,cameratricks,127,134,7,bathroomcleaninghack,42,43,1,bfbfbf,130,132,2,spacefacts,9,9,0,rainasmr,136,140,4,fursuitfriday,66,70,4,techtricks,24,27,3,,,,,bills,28,30,2,mlsnext,134,135,1,foundfootage,15,15,0,pcsetup,70,74,4,pokemonetb,127,129,2,destination,67,71,4,cartok,2,2,0,ncaafootball,101,111,10,animalvideos,31,37,6
sheintrends,147,150,3,apcalculus,50,52,2,dragonballz,17,18,1,watercolor,6,5,-1,caressentials,157,158,1,babywearing,39,41,2,babywearing,39,41,2,sephorahaul,100,102,2,halfwig,105,111,6,naildesign,13,15,2,bolsadevalores,193,195,2,internships,126,129,3,ктоизвас,118,126,8,internships,126,129,3,4школа,170,172,2,videoschistosos,146,150,4,christapike,4,5,1,lamineyamal,9,9,0,jerseymikes,83,86,3,diychristmas,57,60,3,0907,28,34,6,linedancer,39,41,2,cancertok,22,23,1,greentea,89,95,6,wasabichallenge,103,105,2,frasedeldia,162,165,3,samandcolby,72,78,6,,,,,legpress,148,156,8,rollerskate,58,62,4,secondaryinfertility,76,85,9,bolsadevalores,193,195,2,aldis,134,136,2,easydinnerideas,46,49,3,foodfestival,116,122,6,galaxyprojector,57,61,4,fortnitemares,11,20,9,cannonbeach,74,78,4,peinadosfaciles,144,148,4,healthydiet,162,177,15,healthydiet,162,177,15,ushistory,12,14,2,halloweendecor,2,2,0,halloweendecor,2,2,0,kidscar,173,175,2,stayup,25,28,3,sixflagsgreatamerica,34,33,-1,diyideas,97,106,9,horsehooves,186,194,8,scorpio,7,8,1,lucychen,154,158,4,music,1,1,0,pioneertemplate,53,52,-1,retainers,118,123,5,ohiotattooartist,112,119,7,dualtron,66,66,0,stcroix,99,101,2,ootn,142,145,3,shuffletutorial,160,164,4,yantemplate,35,39,4,adorable,9,10,1,xolo,97,101,4,фотоссесия,148,155,7,vidapratica,66,67,1,relacionesdepareja,150,152,2,blackhole,10,10,0,glasscutting,164,168,4,dvacosplay,114,118,4,canvadesign,25,28,3,,,,,nflmemes,41,43,2,muaythai,151,152,1,horrorstories,23,23,0,robotvacuum,82,86,4,kidscar,173,175,2,cannonbeach,74,78,4,ebike,3,3,0,limbuscompany,106,116,10,trashpanda,64,70,6
seamlessbra,148,151,3,матеша,59,61,2,greenlantern,19,20,1,artprocess,7,6,-1,carsoftiktok,1,1,0,dancingbaby,44,46,2,dancingbaby,44,46,2,cejas,130,132,2,tartecosmetics,108,114,6,cateyenails,14,16,2,digitalmarketingforbeginners,197,199,2,epoxytable,154,157,3,monkeytailgame,121,129,8,epoxytable,154,157,3,collegeadmissions,2,3,1,dealershiphumor,165,169,4,jacksmith,43,44,1,footballedit,25,25,0,meatballsub,84,87,3,floreseternas,58,61,3,南勢街西羅殿,60,66,6,parapara,95,97,2,missouritok,23,24,1,thaitea,103,109,6,peelablegummy,128,130,2,профильнаяматематика,166,169,3,lilrodneyson,82,88,6,,,,,workoutwithme,150,158,8,prowrestlingtiktok,62,66,4,militaryhomecoming,108,117,9,digitalmarketingforbeginners,197,199,2,weddingfood,156,158,2,cook,49,52,3,dimsum,123,129,6,pcsetup,58,62,4,wildrift,70,79,9,travelreels,113,117,4,glasshair,169,173,4,hotflashes,41,55,14,hotflashes,41,55,14,historiademexico,67,69,2,halloweendecorations,41,41,0,halloweendecorations,41,41,0,clawdeenwolf,67,68,1,martamarcilla,29,32,3,disneywithkids,50,49,-1,cancertok,100,109,9,bovine,188,196,8,spiritualawakening,8,9,1,avengersinfinitywar,175,179,4,musica,4,4,0,allamerican,61,60,-1,bossbottledabsolu,120,125,5,nyctattoo,117,124,7,ramplife,67,67,0,huntingblind,108,110,2,sheintrends,145,148,3,contemporarydancer,193,197,4,succesfulwomen,38,42,4,кот,22,23,1,dachshundlove,173,177,4,poseidea,156,163,7,أفكار_منزلية,69,70,1,weddding,191,193,2,earthscience,22,22,0,cornstarcheating,181,185,4,linkcosplay,145,149,4,widgets,45,48,3,,,,,travishunter,125,127,2,volleyballworld,163,164,1,cryptids,28,28,0,wearabletech,87,91,4,clawdeenwolf,67,68,1,travelreels,113,117,4,truck,4,4,0,deltaforcegame,115,125,10,birdlover,65,71,6
moissanite,156,159,3,apushistory,60,62,2,umamusume,27,28,1,mixedmedia,8,7,-1,cartok,2,2,0,материнство,51,53,2,материнство,51,53,2,makeuptiktok,149,151,2,smoothhair,114,120,6,frenchnails,15,17,2,savingmoney,8,9,1,walmartspark,157,160,3,gkquiz,138,146,8,walmartspark,157,160,3,financialaid,5,6,1,workmemes,61,64,3,cops,2,2,0,highschoolfootball,26,26,0,recetasmexicanas,95,98,3,punchneedle,86,89,3,保安廣澤尊王,70,76,6,tanzen,103,105,2,lifeinyour20s,51,52,1,ninjaluxecafé,107,113,6,mukbanglovers,142,144,2,notarypublic,168,171,3,aaronpierre,129,135,6,,,,,armsworkout,185,193,8,f1tiktok,67,71,4,baby3,145,154,9,savingmoney,8,9,1,bizcochodominicano,164,166,2,takis,65,68,3,lasvegasfoodie,148,154,6,minicamera,61,65,4,royalehigh,101,110,9,travelplanning,125,129,4,njhairstylist,186,190,4,kidneyhealth,113,127,14,kidneyhealth,113,127,14,prehistoria,76,78,2,homerepair,60,60,0,homerepair,60,60,0,fingerboard,100,101,1,selfdoubt,41,44,3,frightnight,99,98,-1,missouritok,101,110,9,nigeriandwarfgoats,62,69,7,astrologytiktok,9,10,1,turkishseries,176,180,4,rodwave,5,5,0,goku,65,64,-1,sopami,121,126,5,horrortattoo,124,131,7,троллейбус,176,176,0,spining,161,163,2,seamlessbra,146,149,3,bachatatiktok,44,47,3,❤️🧡💛💚💙,45,49,4,dogparents,56,57,1,blackcatsoftiktok,49,52,3,tripodbluetooth,174,181,7,greasecleaner,81,82,1,datingadviceforwomen,20,21,1,brainfacts,25,25,0,overload,37,40,3,rintohsakacosplay,181,185,4,opensource,53,56,3,,,,,nhl,6,7,1,defense,166,167,1,nightmarefuel,33,33,0,dolbyvision,125,129,4,fingerboard,100,101,1,travelplanning,125,129,4,ford,5,5,0,fortnitemares,11,20,9,monkeysoftiktok,86,92,6
baggypants,160,163,3,actmath,61,63,2,erenyeager,34,35,1,traditionalart,9,8,-1,truck,3,3,0,lactancia,53,55,2,lactancia,53,55,2,antiaging,15,16,1,perfumereview,124,130,6,naturalnails,16,18,2,shopify,19,20,1,lawncarebusiness,168,171,3,jogosemcasa,170,178,8,lawncarebusiness,168,171,3,yearbook,6,7,1,aiprank,92,95,3,justice,8,8,0,injury,27,27,0,appetizers,157,160,3,glittertumblers,135,138,3,左營元帝廟,72,78,6,kennilove03,143,145,2,surgeryrecovery,56,57,1,takeashot,128,134,6,fruitriotpartner,183,185,2,meded,188,191,3,mtvvmas,161,167,6,,,,,snatch,53,60,7,jacobfatu,83,87,4,oldwivestales,155,164,9,shopify,19,20,1,foodsaver,165,167,2,cinnamonroll,70,73,3,restauranttok,175,181,6,techreview,62,66,4,drdonut,140,149,9,jacuzzi,126,130,4,hairroutine,18,21,3,bloodpressuremonitor,152,166,14,bloodpressuremonitor,152,166,14,jubilacion,83,85,2,minimalist,72,72,0,minimalist,72,72,0,kite,113,114,1,motivasihidup,42,45,3,spooktacular,111,110,-1,secondaryinfertility,155,164,9,horsehoof,104,111,7,witchy,12,13,1,lawandorder,184,188,4,pioneertemplate,6,6,0,sasuke,73,72,-1,sfxmakeupartist,143,148,5,houstontattoo,131,138,7,kukirin,7,6,-1,trabding,163,165,2,moissanite,154,157,3,ballroomdancer,154,157,3,forherpleasure,69,73,4,perritos,62,63,1,dogdentalcare,69,72,3,cancuntours,181,188,7,dicasúteis,117,118,1,loveofmylife,30,31,1,experimento,31,31,0,asmrscalp,59,62,3,coralinemakeup,59,62,3,whatsapptips,56,59,3,,,,,kalshi,8,9,1,football,1,1,0,ghoststory,58,58,0,smarttv,138,142,4,kite,113,114,1,jacuzzi,126,130,4,surron,6,6,0,royalehigh,98,107,9,monitos,105,111,6
rings,168,171,3,derivatives,76,78,2,aifruit,38,39,1,drawingchallenge,26,25,-1,ford,4,4,0,preemiebaby,59,61,2,preemiebaby,59,61,2,mua,45,46,1,pestañas,131,137,6,shortnails,17,19,2,taxtips,87,88,1,teacherideas,175,178,3,drinkinggamesss,172,180,8,teacherideas,175,178,3,studentcouncil,22,23,1,yusuf7n,93,96,3,uknews,45,45,0,gilbertomora,30,30,0,foodvideo,164,167,3,adornosnavideños,186,189,3,三玄心二軍,140,146,6,easydance,5,6,1,weekendvlog,86,87,1,celsius,130,136,6,sourgummies,194,196,2,sciencefun,192,195,3,tylil,19,24,5,,,,,fitnessroutine,81,88,7,caneloalvarez,84,88,4,familydynamics,37,45,8,taxtips,87,88,1,matildacake,171,173,2,dinnerwithme,85,88,3,latenighteats,194,200,6,automation,66,70,4,rpg,151,160,9,cheapflights,35,38,3,pixie,26,29,3,probiotic,63,76,13,probiotic,63,76,13,juliuscaesar,84,86,2,cleaningtok,78,78,0,cleaningtok,78,78,0,screenfreefun,147,148,1,tonyrobbins,43,46,3,kidsevents,193,192,-1,37weekspregnant,173,182,9,indiogigante,124,131,7,aquarius,13,14,1,gracereiter,185,189,4,edsheeran,7,7,0,michaelevansbehling,77,76,-1,fragrancelayering,191,196,5,earstacking,157,164,7,takeoff,9,8,-1,elkseason,166,168,2,baggypants,158,161,3,acboyz,169,172,3,等待有缘人,73,77,4,furbaby,66,67,1,fetch,110,113,3,halloweenphotoshoot,54,60,6,lavadoderopa,125,126,1,datingtok,42,43,1,meded,33,33,0,satisfatorio,94,97,3,harleyquinncosplay,99,102,3,aicontentcreator,64,67,3,,,,,rams,35,36,1,soccer,2,2,0,ouija,63,63,0,wiredearphones,146,150,4,screenfreefun,147,148,1,cheapflights,35,38,3,trucktok,7,7,0,drdonut,136,145,9,mountainlion,119,125,6
lace,176,179,3,learnmath,77,79,2,gojosatoru,47,48,1,canvaspainting,43,42,-1,surron,5,5,0,newbornmusthaves,60,62,2,newbornmusthaves,60,62,2,softglam,52,53,1,pixie,84,89,5,cutenails,23,25,2,cryptotrading,92,93,1,instacartshopper,46,48,2,scoollife,173,181,8,instacartshopper,46,48,2,alumni,24,25,1,thesefoos,115,118,3,rights,81,81,0,dantemoore,31,31,0,homebaking,184,187,3,origami,16,18,2,三玄心轎班團,187,193,6,trendingdance,12,13,1,21birthday,119,120,1,keurig,139,145,6,carneseca,12,13,1,militaryhistory,32,34,2,piperrockelle,173,178,5,,,,,gymbros,105,112,7,jaidaparker,96,100,4,infertilityjourney,48,56,8,cryptotrading,92,93,1,squashies,185,187,2,brownies,90,93,3,dominospizza,56,61,5,photoprinter,84,88,4,wutheringwaves,38,46,8,tokyotravel,36,39,3,chicagohairstylist,130,133,3,sleepapnea,65,78,13,sleepapnea,65,78,13,wwiihistory,86,88,2,farmhousedecor,112,112,0,farmhousedecor,112,112,0,customdoll,163,164,1,morninginspiration,67,70,3,epicuniverse,22,20,-2,21stbirthday,174,183,9,chickenlady,180,187,7,libraseason,14,15,1,twilight,17,20,3,marchingband,20,20,0,greenlantern,102,101,-1,acidohialuronico,195,200,5,dfwtattooartist,187,194,7,f22,19,18,-1,luxurycamping,169,171,2,rings,166,169,3,dnace,197,200,3,自信女孩,99,103,4,humordegatos,77,78,1,dogcostume,115,118,3,nikoncoolpix,85,91,6,limpiezacasera,137,138,1,myperson,46,47,1,sciencefun,34,34,0,tiktokasmr,98,101,3,magictutorial,126,129,3,textingsecrets,78,81,3,,,,,lamarjackson,39,40,1,collegefootball,3,3,0,orb,67,67,0,iphoneunboxing,147,151,4,customdoll,163,164,1,tokyotravel,36,39,3,toyota,8,8,0,rpg,147,156,9,natureisamazing,130,136,6
jfashion,187,190,3,admission,78,80,2,isagi,53,54,1,streetartist,67,66,-1,trucktok,6,6,0,nephewlove,68,70,2,nephewlove,68,70,2,eyemakeup,58,59,1,eyecream,88,93,5,beetlesgelpolish,26,28,2,escapethematrix,111,112,1,woodworkingtools,75,77,2,onelinechallenge,185,193,8,woodworkingtools,75,77,2,mpls,29,30,1,blowmeup,128,131,3,unsolvedmystery,98,98,0,goal,32,32,0,comfortfood,13,15,2,giftwrapping,17,19,2,廣信府張府天師,189,195,6,cumbiasonidera,22,23,1,readathon,128,129,1,cafehelado,147,153,6,candyreview,16,17,1,spacefacts,33,35,2,paulyd,192,197,5,,,,,abdomen,111,118,7,хоккей,100,104,4,pregnancylife,81,89,8,escapethematrix,111,112,1,houstoncakes,192,194,2,рецепт,101,104,3,miamifoodie,104,109,5,phoneprotection,108,112,4,gaminglife,120,128,8,travelday,58,61,3,salonowner,131,134,3,dementa,91,104,13,dementa,91,104,13,localhistory,89,91,2,entrywaydecor,147,147,0,entrywaydecor,147,147,0,pokemon,1,1,0,motivationpodcast,70,73,3,oogieboogiebash,23,21,-2,autismlife,177,186,9,duckling,79,85,6,santamuerte,15,16,1,scream,65,68,3,siennaspiro,26,26,0,willito,109,108,-1,teethcare,10,14,4,pierce,50,56,6,publictransportation,23,22,-1,undergroundshelter,171,173,2,lace,174,177,3,linedancer,26,28,2,落書きソング,100,104,4,huskylife,91,92,1,hamsters,151,154,3,aprendefotografia,104,110,6,tienichcuocsong,145,146,1,weddingdetails,56,57,1,speedoflight,43,43,0,metalcasting,110,113,3,clowncosplay,128,131,3,hausatech,190,193,3,,,,,footy,40,41,1,mlb,4,4,0,exorcism,77,77,0,cleanair,160,164,4,pokemon,1,1,0,travelday,58,61,3,tesla,11,11,0,wutheringwaves,37,45,8,parrottok,139,145,6
tatuajes,189,192,3,lettersounds,119,121,2,sungjinwoo,64,65,1,coloringbooks,89,88,-1,toyota,7,7,0,7monthsold,69,71,2,7monthsold,69,71,2,exfoliation,88,89,1,houstonhairstylist,118,123,5,brownnails,32,34,2,girlyfinds,113,114,1,maquinariapesada,79,81,2,extramedium,186,194,8,maquinariapesada,79,81,2,columbiauniversity,34,35,1,dadprank,153,156,3,heartbreaking,99,99,0,ohiostate,33,33,0,soup,19,21,2,resin,18,20,2,0715,18,23,5,danceclass,31,32,1,postsurgery,141,142,1,crownroyal,154,160,6,asiansnacks,21,22,1,viralmotivation,56,58,2,yurnboi,66,70,4,,,,,reformer,112,119,7,boxinghighlights,109,113,4,autismlife,88,96,8,girlyfinds,113,114,1,пастила,193,195,2,nyceats,108,111,3,houstonthingstodo,105,110,5,dolbyvision,116,120,4,streetfighter,133,141,8,vietnamtravel,71,74,3,bridalhair,177,180,3,habitossaludables,105,118,13,habitossaludables,105,118,13,untoldhistory,92,94,2,christmasgarland,190,190,0,christmasgarland,190,190,0,squishy,2,2,0,insprational,71,74,3,universalorlandoresort,24,22,-2,nationalsonsday,191,200,9,horsepeople,100,106,6,pisces,16,17,1,americancelebrities,68,71,3,thecure,44,44,0,flood,195,194,-1,menscologne,14,18,4,fullsleevetattoo,54,60,6,maquinariapesada,26,25,-1,pike,18,19,1,jfashion,185,188,3,balletdancer,27,29,2,fypシ゚viral💖tiktok☆♡🦋,101,105,4,mascotasdivertidas,145,146,1,toletolecat,196,199,3,storytellingphotography,105,111,6,sabaoliquido,162,163,1,relacionessanas,77,78,1,birthprocess,85,85,0,pinesol,112,115,3,princesspeachcosplay,167,170,3,vibecoding,12,14,2,,,,,jaguars,72,73,1,futbol,7,7,0,ufoalien,82,82,0,jblpartner,174,178,4,squishy,2,2,0,vietnamtravel,71,74,3,aviation,12,12,0,wildrift,68,76,8,africanwildlife,168,174,6
blackfriday,22,24,2,alevelmath,136,138,2,kageyama,71,72,1,sculpture,11,9,-2,tesla,10,10,0,mybabyboy,101,103,2,mybabyboy,101,103,2,mac,96,97,1,lorealparishaircare,121,126,5,3dnailart,33,35,2,laundromat,115,116,1,ruferos,100,102,2,matchinggame,76,83,7,ruferos,100,102,2,newyorkuniversity,41,42,1,workstruggles,170,173,3,criminaljustice,124,124,0,yamal,34,34,0,soupseason,20,22,2,candlemaking,19,21,2,舞狮表演,27,32,5,bachatadance,49,50,1,curbside,151,152,1,frother,167,173,6,mukbanger,33,34,1,learntoread,110,112,2,abelito,73,77,4,,,,,weighttraining,114,121,7,alexpereira,120,124,4,nationalsonsday,89,97,8,laundromat,115,116,1,waferpapercake,194,196,2,birria,109,112,3,njrestaurants,106,111,5,wiredearphones,129,133,4,warhammer,134,142,8,nychotels,76,79,3,hairlosssolutions,181,184,3,dailywellness,107,120,13,dailywellness,107,120,13,crazyhistory,95,97,2,rentals,193,193,0,rentals,193,193,0,pokemoncards,3,3,0,fortalezamental,75,78,3,bubbleplanet,25,23,-2,32weekspregnant,77,85,8,goatfarm,113,119,6,sagittarius,17,18,1,theoutsiders,143,146,3,drill,64,64,0,lesserafim,197,196,-1,perfumereview,15,19,4,nipplepiercing,94,100,6,tractors,27,26,-1,bowseason,34,35,1,blackfriday,21,23,2,sonideros,28,30,2,vinoajalah,110,114,4,cerebellarhypoplasia,152,153,1,servicedog,37,39,2,pointandshoot,106,112,6,kithchengadgets,163,164,1,secondchanceromance,85,86,1,agujeronegro,111,111,0,satisfyinglips,121,124,3,fursuiter,5,7,2,aiediting,27,29,2,,,,,oregonducks,77,78,1,wrestling,10,10,0,reptilian,95,95,0,vacuum,24,27,3,pokemoncards,3,3,0,nychotels,76,79,3,diesel,15,15,0,gaminglife,116,124,8,reptilecare,181,187,6
jacket,41,43,2,scholarshipopportunities,143,145,2,gear5,72,73,1,bannerpainting,13,11,-2,diesel,13,13,0,prettybaby,154,156,2,prettybaby,154,156,2,lashlift,103,104,1,cosmetology,126,131,5,coralinenails,37,39,2,wealthymindset,118,119,1,finisher,101,103,2,halloweengames,90,97,7,finisher,101,103,2,westernuniversity,131,132,1,shxtsngigsclips,171,174,3,venturacounty,140,140,0,basketballtiktok,35,35,0,comidamexicana,21,23,2,diyideas,20,22,2,múalan,30,35,5,2stepping,57,58,1,photodump,1,1,0,nonalcoholic,170,176,6,chillis,34,35,1,earthscience,119,121,2,giselle,110,114,4,,,,,bicepsworkout,118,125,7,rollerdance,135,139,4,familyof3,127,135,8,wealthymindset,118,119,1,fruitcuttingusa🇺🇸,197,199,2,burgers,124,127,3,localcoffeeshop,107,112,5,traveltech,130,134,4,projectmoon,166,174,8,roadtripusa,96,99,3,curtainbangs,184,187,3,multivitamin,134,147,13,multivitamin,134,147,13,floridahistory,97,99,2,homestorage,194,194,0,homestorage,194,194,0,toys,4,4,0,estoico,95,98,3,halloweenevents,45,43,-2,familydynamics,79,87,8,breederslife,153,159,6,tarotcards,18,19,1,ፍቅር➻ብቻ🖇ፍቅር➻ብቻ❤🥀🔐,171,174,3,aboogiewitdahoodie,118,118,0,collegefootball,12,10,-2,ingrownhair,41,45,4,gothictattoo,105,111,6,aircraftcarrier,28,27,-1,saddlehunting,45,46,1,jacket,39,41,2,choreographer,30,32,2,medangirls🏴‍☠️🔥,191,195,4,schnauzer,183,184,1,humordegatos,54,56,2,iphoneaesthetic,107,113,6,掃除グッズ,177,178,1,relationshipdynamics,92,93,1,spookyscience,186,186,0,donotconsume,171,174,3,halloweencouplescostumes,67,69,2,removebackground,29,31,2,,,,,mondaynightfootball,140,141,1,lamineyamal,11,11,0,mrballenfan,101,101,0,cordlessvacuum,36,39,3,toys,4,4,0,roadtripusa,96,99,3,dashcam,18,18,0,streetfighter,129,137,8,katydid,183,189,6
purse,67,69,2,calculusbc,183,185,2,mrkrabs,128,129,1,drawingprocess,15,13,-2,dashcam,16,16,0,mariel,195,197,2,mariel,195,197,2,retinol,114,115,1,lash,136,141,5,dmvnailtech,57,59,2,xauusd,123,124,1,housebuild,106,108,2,adivinanzas,113,120,7,housebuild,106,108,2,utas,136,137,1,relatablememes,18,20,2,trump2024🇺🇸,152,152,0,footy,36,36,0,easydinnerideas,22,24,2,bouquets,21,23,2,liondancelife,31,36,5,toprock,58,59,1,diml,2,2,0,cervezas,186,192,6,teacherlunch,59,60,1,lsatprep,148,150,2,connorwood,125,129,4,,,,,workoutsplit,95,101,6,redbullracing,157,161,4,spinabifidawarrior,162,170,8,xauusd,123,124,1,fruits,3,4,1,villagelife,130,133,3,foodielife,121,126,5,cleanair,139,143,4,shxrk,52,59,7,cruisetravel,133,136,3,pixiecut,22,24,2,kidneyfailure,154,167,13,kidneyfailure,154,167,13,tramites,128,130,2,homeimprovement,5,4,-1,homeimprovement,5,4,-1,pokemontcg,5,5,0,motivationtips,120,123,3,urbanair,48,46,-2,embarazofeliz,83,91,8,pollos🐥,158,164,6,libra♎️,19,20,1,aestheticedit,180,183,3,upcomingartist,123,123,0,tvshow,13,11,-2,soapmaking,51,55,4,chicagotattoo,120,126,6,airtrafficcontrol,29,28,-1,goosehunting,60,61,1,purse,65,67,2,bachatadance,33,35,2,unimaginablelove,192,196,4,catlover,1,1,0,rescuecat,78,80,2,learnphotography,108,114,6,pengusirtikusampuh,183,184,1,forbiddenromance,99,100,1,ciencia,6,5,-1,clickyasmr,191,194,3,pinkiepiecosplay,141,143,2,iostips,30,32,2,,,,,nfl,1,1,0,highschoolfootball,33,33,0,skinwalkers,104,104,0,dreaminapioneer,44,47,3,pokemontcg,5,5,0,cruisetravel,133,136,3,subaru,30,30,0,warhammer,130,138,8,hedgehog,51,56,5
giftsforhim,77,79,2,fullyfundedscholarship,188,190,2,animation,1,1,0,chalkart,28,26,-2,subaru,28,28,0,aibaby,11,12,1,aibaby,11,12,1,niacinamide,117,118,1,colorwow,138,143,5,handmadenails,59,61,2,realfriendship,160,161,1,woodworking,1,2,1,logogame,142,149,7,woodworking,1,2,1,18школа,149,150,1,stantwitter,44,46,2,noreaster,7,6,-1,ncaa,39,39,0,schoollunch,23,25,2,journalwithme,22,24,2,liondancemalaysia,32,37,5,viraldances,69,70,1,ditl,3,3,0,mushroomcoffee,54,59,5,nerdynuts,80,81,1,sattips,155,157,2,woowop,148,152,4,,,,,backdayworkout,108,114,6,petryan,166,170,4,bebeencamino,35,42,7,realfriendship,160,161,1,traderjoes,4,5,1,deliciousfood,144,147,3,sushilovers,125,130,5,jblpartner,169,173,4,noomiclone,63,70,7,cabininthewoods,144,147,3,syntheticwig,31,33,2,dolordeespalda,61,73,12,dolordeespalda,61,73,12,historicalevents,130,132,2,kitchen,7,6,-1,kitchen,7,6,-1,pokemontiktok,6,6,0,lifetruths,154,157,3,sixflagsfiestatexas,54,52,-2,schoolmorning,139,147,8,equinelove,59,64,5,brujeria,20,21,1,robertpattinson,27,29,2,midnightsun,164,164,0,horror,14,12,-2,bossbottledbeyond,76,80,4,tatt,122,128,6,militarytech,38,37,-1,campingcot,63,64,1,giftsforhim,75,77,2,jellyous,36,38,2,kayhan96,11,14,3,petsoftiktok,4,4,0,petcleaning,130,132,2,editorialweddingphotography,109,115,6,クローゼット収納,191,192,1,marriageproblems,104,105,1,planets,17,16,-1,hydraulicpress,35,37,2,madworldhauntedattraction,154,156,2,aivideoeditor,48,50,2,,,,,collegefootball,2,2,0,injury,34,34,0,cryptozoology,105,105,0,videoediting,53,56,3,pokemontiktok,6,6,0,cabininthewoods,144,147,3,mopar,36,36,0,projectmoon,162,170,8,raccoontok,93,98,5
oldmoney,84,86,2,2k11,192,194,2,southpark,2,2,0,realism,29,27,-2,mopar,34,34,0,tiktoktako,18,19,1,tiktoktako,18,19,1,matureskinmakeup,148,149,1,type4hair,142,147,5,purplenails,61,63,2,cashenvelopes,174,175,1,framing,7,8,1,челленж,92,98,6,framing,7,8,1,admissionsadvice,152,153,1,ржака,54,56,2,storm,11,10,-1,futbol⚽️,49,49,0,fallbaking,33,35,2,epoxyresin,26,28,2,舞狮生活,33,38,5,danceinspo,73,74,1,dailylife,4,4,0,latteart,65,70,5,bloveslife,81,82,1,mpls,161,163,2,goplay,194,198,4,,,,,forearmworkout,110,116,6,rise,190,194,4,fertilityjourney,51,58,7,cashenvelopes,174,175,1,takis,7,8,1,treatmaker,159,162,3,okcfoodie,166,171,5,newtech,188,192,4,minecrafttutorial,100,107,7,pageaz,163,166,3,houstonhairstylist,42,44,2,usahealth,93,105,12,usahealth,93,105,12,genealogytok,150,152,2,falldecor,8,7,-1,falldecor,8,7,-1,stickershop,24,24,0,gogginsmindset,197,200,3,cosmicrewind,68,66,-2,chemo,50,57,7,calvingseason,72,77,5,capricorn,21,22,1,frenchstyle,35,37,2,popout,185,185,0,concert,15,13,-2,perfumemasculino,146,150,4,realistictattoo,126,132,6,same,41,40,-1,dovehunting,76,77,1,oldmoney,82,84,2,dancevibes,41,43,2,mirorselfie,13,16,3,funnyanimals,5,5,0,rarebreed,166,168,2,ideasparafotos,111,117,6,lifetips,1,1,0,poetrybook,135,136,1,rocketlaunch,19,18,-1,puntosnegros,49,51,2,magician,4,5,1,dataprotection,50,52,2,,,,,nflfootball,3,3,0,seleccionmexicana,36,36,0,terrorreal,121,121,0,айфон,56,59,3,stickershop,24,24,0,pageaz,163,166,3,carsales,37,37,0,shxrk,50,57,7,buceo,99,104,5
halara,85,87,2,differentialequations,195,197,2,southparkedit,3,3,0,colorwithme,30,28,-2,carsales,35,35,0,dreamina,19,20,1,dreamina,19,20,1,makeup,1,1,0,lashserum,144,149,5,christmasnails,77,79,2,finance,1,1,0,driveway,41,42,1,speakingchallenge,116,122,6,driveway,41,42,1,cornelluniversity,1,1,0,joking,76,78,2,abuvulkanik,40,39,-1,homerun,68,68,0,cinnamonroll,37,39,2,craftymoms,31,33,2,高桩舞狮,34,39,5,letsgroove,89,90,1,morningvlog,5,5,0,mocha,83,88,5,onebite,87,88,1,lifeadvice,12,13,1,kardashians,32,35,3,,,,,planche,132,138,6,selfdefense,30,33,3,speechdelay,62,69,7,finance,1,1,0,traderjoesfinds,12,13,1,thingstodoinchicago,172,175,3,njeats,62,66,4,vacuumsealer,191,195,4,mobile,116,123,7,visitnc,176,179,3,cosmetology,45,47,2,gerd,133,145,12,gerd,133,145,12,bronzeage,151,153,2,apartmenttour,9,8,-1,apartmenttour,9,8,-1,animefigure,38,38,0,takeaction,16,18,2,indoorplay,73,71,-2,grieftok,54,61,7,cattletok,112,117,5,lecturadetarot,22,23,1,sheldon,41,43,2,rapmusic,189,189,0,nflfootball,16,14,-2,smellsgood,174,178,4,tattoocommunity,127,133,6,bikeaccessories,43,42,-1,fallfishing,86,87,1,halara,83,85,2,dcme,122,124,2,melltemplate,49,52,3,orangecat,6,6,0,мопс,171,173,2,photobox,125,131,6,washingmachineclean,2,2,0,loml❤️,144,145,1,physicsexperiment,24,23,-1,publicasmr,51,53,2,ghostfacecosplay,23,24,1,ciberseguridad,52,54,2,,,,,cfb,4,4,0,footy,51,51,0,internetmysteries,148,148,0,galaxyprojector,69,72,3,animefigure,38,38,0,visitnc,176,179,3,carcleaning,39,39,0,noomiclone,61,68,7,biologia,108,113,5
pushupbra,88,90,2,professorjiang,12,13,1,naruto,4,4,0,colorbynumber,40,38,-2,carcleaning,37,37,0,babyandpets,20,21,1,babyandpets,20,21,1,skincare,2,2,0,jetblack,145,150,5,naildaywithme,141,143,2,sidehustle,2,2,0,workwithme,59,60,1,gamenightwithfriends,152,158,6,workwithme,59,60,1,pharmacyschool,12,12,0,ukfunny,155,157,2,womenssafety,73,72,-1,justinverlander,69,69,0,crockpotrecipes,38,40,2,snowglobetumbler,32,34,2,舞狮运动,35,40,5,djvizio,118,119,1,spendthedaywithme,6,6,0,vietnamesecoffee,93,98,5,tacobellmukbang,125,126,1,selfawareness,14,15,1,malachibarton,35,38,3,,,,,delts,161,167,6,johncena,31,34,3,37weekspregnant,85,92,7,sidehustle,2,2,0,halloweencandy,20,21,1,eatwithme,16,18,2,japanfood,75,79,4,nothingheadphones,194,198,4,tlou,130,137,7,tailandia,197,200,3,bundles,63,65,2,womanshealth,150,162,12,womanshealth,150,162,12,weirdtok,7,8,1,cleaninghacks,10,9,-1,cleaninghacks,10,9,-1,draculaura,44,44,0,lifeadvices,19,21,2,woodsofterror,89,87,-2,pregnancytok,65,72,7,redmare,129,134,5,horoscopo,25,26,1,dovecameron,43,45,2,concert,3,2,-1,squishy,17,15,-2,plasticsurgeon,190,194,4,bodypiercer,170,176,6,kidsbike,70,69,-1,caras,112,113,1,pushupbra,86,88,2,dancecore,165,167,2,vampireフィルター,52,55,3,chihuahua,7,7,0,huskysoftiktok,198,200,2,pictureinspo,129,135,6,toiletbrush,4,4,0,bestgfever,161,162,1,анатомия,37,36,-1,squishylovers,53,55,2,ghostcod,27,28,1,chatgpthack,59,61,2,,,,,fantasyfootball,5,5,0,sixflags,52,52,0,paranormal,4,3,-1,aiglasses,73,76,3,draculaura,44,44,0,tailandia,197,200,3,motos,45,45,0,minecrafttutorial,97,104,7,beardie,138,143,5
minidress,123,125,2,алгебра,16,17,1,goku,11,11,0,искусство,46,44,-2,motos,43,43,0,babycarrier,30,31,1,babycarrier,30,31,1,lashes,3,3,0,humanhairwig,188,193,5,russianpedicure,148,150,2,personalfinance,3,3,0,gigworker,63,64,1,bigpotatogames,153,159,6,gigworker,63,64,1,ucsd,14,14,0,quandaledingle,166,168,2,jamestalarico,127,126,-1,spurs,79,79,0,crockpot,39,41,2,craftsupplies,34,36,2,高桩舞狮🦁,36,41,5,bachataromantica,140,141,1,morningroutines,16,16,0,sodastream,94,99,5,tacobell,1,1,0,sciencetok,20,21,1,scottywiththebody,102,105,3,,,,,dumbbellworkout,74,79,5,wrestletok,35,38,3,pumpandpour,95,102,7,personalfinance,3,3,0,foodnews,22,23,1,sourdough,18,20,2,middleeasternfood,102,106,4,robots,44,47,3,horrorgames,154,161,7,animejapan,18,20,2,gluelesswigs,65,67,2,herbaltea,74,85,11,herbaltea,74,85,11,militaryhistory,11,12,1,decor,11,10,-1,decor,11,10,-1,toytok,66,66,0,jimrohn,22,24,2,hayride,96,94,-2,streetphotography,73,80,7,chivos,174,179,5,witchyvibes,26,27,1,russianstars,45,47,2,chrisbrown,24,23,-1,southparkedit,18,16,-2,layeringcombo,193,197,4,татуэскиз,178,184,6,patpat,74,73,-1,shedhunting,117,118,1,minidress,121,123,2,народныетанцы,168,170,2,ecuatorianosporelmundo🇪🇨🌏💫🇪🇨💖💯🥰♥️🤝♥️,71,74,3,deer,8,8,0,dogmom,2,3,1,rosysphotography,133,139,6,shammy,29,29,0,weddingmoments,166,167,1,relativity,54,53,-1,limpiezafacial,61,63,2,demonslayercosplay,33,34,1,github,62,64,2,,,,,ohiostate,34,34,0,futbol⚽️,71,71,0,ghost,5,4,-1,automation,81,84,3,toytok,66,66,0,animejapan,18,20,2,carmaintenance,48,48,0,mobile,112,119,7,raccoons,41,45,4
smartglasses,130,132,2,геометрия,19,20,1,sasuke,12,12,0,ohuhu,49,47,-2,carmaintenance,46,46,0,babyproducts,31,32,1,babyproducts,31,32,1,skincareroutine,4,4,0,antiaging,33,37,4,gelx,8,9,1,moneytok,4,4,0,gigwork,72,73,1,cupgame,160,166,6,gigwork,72,73,1,undergrad,17,17,0,nurseproblems,173,175,2,inseguridad,175,174,-1,goalkeeper,82,82,0,dinnerwithme,45,47,2,cricutprojects,36,38,2,高桩舞狮表演,37,42,5,radiocity,151,152,1,chemo,17,17,0,cocktailbar,99,104,5,eatwithme,2,2,0,weirdtok,23,24,1,agent00,104,107,3,,,,,турник,75,80,5,landonorris,36,39,3,alzheimersawareness,114,121,7,moneytok,4,4,0,walmartdelivery,25,26,1,drinks,22,24,2,bestrestaurants,133,137,4,techaccessories,53,56,3,finalfantasy,168,175,7,japananime,20,22,2,freshcut,122,124,2,hysterectomy,76,87,11,hysterectomy,76,87,11,ancientmysteries,28,29,1,blanket,17,16,-1,blanket,17,16,-1,lpscommunity,79,79,0,mensmindset,23,25,2,horrornights,15,12,-3,38weekspregnant,94,101,7,ottbsoftiktok,183,188,5,astrologia,30,31,1,shortdrama,58,60,2,juicewrld,29,28,-1,skit,19,17,-2,fragrancereview,22,25,3,piercingsoftiktok,26,31,5,lufthansa,106,105,-1,carpa,133,134,1,smartglasses,128,130,2,vaganova,184,186,2,slowmoshake,80,83,3,catlovers,14,14,0,adorable,8,9,1,fotografertiktok,151,157,6,limpiezalavadora,40,40,0,ilovemygf,1,1,0,experimentos,57,56,-1,realasmr,96,98,2,fryboydb,40,41,1,aiforbusiness,68,70,2,,,,,lions,37,37,0,spurs,116,116,0,scarystories,6,5,-1,humidifier,105,108,3,lpscommunity,79,79,0,japananime,20,22,2,carrepair,50,50,0,tlou,126,133,7,pandas,49,53,4
fallootd,138,140,2,digitalsat,23,24,1,aistory,13,13,0,alcoholmarkers,50,48,-2,carrepair,48,48,0,babygirloutfit,33,34,1,babygirloutfit,33,34,1,koreanskincare,5,5,0,syntheticwig,96,100,4,fallnailinspo,9,10,1,financialliteracy,10,10,0,amazonflexdriver,73,74,1,quiztiktok,167,173,6,amazonflexdriver,73,74,1,classmates,19,19,0,lonchedehuevito,13,14,1,police,3,1,-2,futebol,84,84,0,budgetmeals,54,56,2,easycrafts,37,39,2,0916,38,43,5,dancefriends,199,200,1,stage4cancer,25,25,0,wineglass,116,121,5,tastetest,3,3,0,satprep,43,44,1,yolanda,115,118,3,,,,,hipthrust,76,81,5,kickboxing,37,40,3,hyperemesisgravidarum,116,123,7,financialliteracy,10,10,0,traderjoesmusthaves,26,27,1,comfortfood,24,26,2,foodcritics,146,150,4,aiglasses,60,63,3,streamers,59,65,6,chongqing,31,33,2,diyhair,126,128,2,periodtok,79,90,11,periodtok,79,90,11,genealogy,42,43,1,deepclean,27,26,-1,deepclean,27,26,-1,kidstoy,91,91,0,elonmuskquotes,24,26,2,halloweenhorrornightsorlando,17,14,-3,babyannouncement,106,113,7,katievanslyke,76,80,4,witches,35,36,1,onregardequoi,99,101,2,lyrics_songs,30,29,-1,naruto,20,18,-2,exfoliation,24,27,3,tonguepierced,47,52,5,farmall,119,118,-1,deercamp,148,149,1,fallootd,136,138,2,cumbiasonidera,13,14,1,centralkiddo,82,85,3,dogmomlife,19,19,0,babyanddog,35,36,1,maternitypictures,164,170,6,meovat,56,56,0,hypergamy,14,14,0,funscience,59,58,-1,squishyshop,114,116,2,residentevilcosplay,42,43,1,buildwithai,71,73,2,,,,,saints,38,38,0,walkingpad,150,150,0,haunted,7,6,-1,fitnesstracker,110,113,3,kidstoy,91,91,0,chongqing,31,33,2,carplay,58,58,0,horrorgames,150,157,7,snakesoftiktok,62,66,4
boutique,146,148,2,scholarshiptips,33,34,1,dccomics,22,22,0,colormemine,52,50,-2,carplay,56,56,0,babydance,37,38,1,babydance,37,38,1,acne,6,6,0,peinados,102,106,4,nailtechlife,10,11,1,finanzas,32,32,0,fallcleanup,74,75,1,desafíovisual,177,183,6,fallcleanup,74,75,1,senioritis,21,21,0,funnypranks,15,16,1,hurricane,5,3,-2,sportsbetting,171,171,0,snacktime,59,61,2,eternalroses,38,40,2,liondancedrum,39,44,5,dance,1,1,0,realronsina,46,46,0,latterecipe,119,124,5,jerseymikes,9,9,0,motivationdaily,59,60,1,90dayfiance,163,166,3,,,,,workoutsforwomen,77,82,5,canelo,44,47,3,surrogacyjourney,129,136,7,finanzas,32,32,0,grocerystore,31,32,1,drink,26,28,2,afternoontea,165,169,4,течток,64,67,3,thelastofus,81,87,6,disneycruiseline,38,40,2,heatlesscurlsovernight,138,140,2,adhdlife,87,98,11,adhdlife,87,98,11,californiahistory,91,92,1,cleaningmotivation,28,27,-1,cleaningmotivation,28,27,-1,decoraciondelhogar,93,93,0,feelingstuck,39,41,2,greatwolflodge,19,16,-3,infantloss,110,117,7,kunekune,87,91,4,hoodoo,37,38,1,criminalminds,134,136,2,regionalmexicano,34,33,-1,cops,24,22,-2,electrictrimmer,29,32,3,tattoohealing,53,58,5,tcsg,155,154,-1,campcooking,160,161,1,boutique,144,146,2,dancecompetition,14,15,1,kieunhat,84,87,3,doghealth,30,30,0,furbaby,45,46,1,photoidea,71,76,5,washingmachinehack,63,63,0,weddingphotographer,19,19,0,biologyfacts,68,67,-1,asmrtrend,133,135,2,cosplaycommunity,43,44,1,uxdesign,76,78,2,,,,,nflnews,42,42,0,soccermom,154,154,0,terror,8,7,-1,deskaccessories,123,126,3,decoraciondelhogar,93,93,0,disneycruiseline,38,40,2,burnout,77,77,0,finalfantasy,164,171,7,otters,68,72,4
mensclothing,151,153,2,scienceofreading,40,41,1,alightmotion,23,23,0,mixedmediaart,57,55,-2,burnout,75,75,0,infantloss,46,47,1,infantloss,46,47,1,kbeauty,7,7,0,nighttimeroutine,130,134,4,autumnnails,19,20,1,mortgage,37,37,0,amazonwarehouse,77,78,1,findthecash,180,186,6,amazonwarehouse,77,78,1,lsatprep,26,26,0,lilrodneyson,36,37,1,bodycam,6,4,-2,mbappe,8,7,-1,foodhacks,66,68,2,christmasdiy,39,41,2,liondancegirls,40,45,5,dancetrend,2,2,0,crazymom,54,54,0,caffeinefree,132,137,5,beefjerky,18,18,0,алгебра,84,85,1,rakai,3,5,2,,,,,fitnesslifestyle,80,85,5,taekwondo,49,52,3,generationalhealing,138,145,7,mortgage,37,37,0,asianmarket,56,57,1,costcofinds,27,29,2,franchise,170,174,4,rgblights,69,72,3,warhammer40k,89,95,6,texastravel,42,44,2,oway,183,185,2,cardiology,153,164,11,cardiology,153,164,11,fianza,120,121,1,tinyhome,81,80,-1,tinyhome,81,80,-1,snoopydog,115,115,0,successtips,46,48,2,slingshot,21,18,-3,snowglobetumbler,158,165,7,🐎❤️,149,153,4,таролог,43,44,1,thenotebook,136,138,2,g59,80,79,-1,vmas,26,24,-2,drsquatch,33,36,3,smalltattoo,57,62,5,tram,156,155,-1,hunting,1,1,0,mensclothing,149,151,2,danceclass,20,21,1,غدارةةةة,86,89,3,alligator,40,40,0,poodle,62,63,1,fortworthphotographer,84,89,5,handycrafts,71,71,0,fiancé,23,23,0,espacioexterior,121,120,-1,naturalsounds,150,152,2,mentalista,44,45,1,autoscroll,77,79,2,,,,,baltimoreravens,44,44,0,wrestletok,188,188,0,misterio,11,10,-1,telefono,143,146,3,snoopydog,115,115,0,texastravel,42,44,2,classiccar,97,97,0,fortnitecompetitive,191,198,7,orangutan,74,78,4
womenshoes,178,180,2,matematik,41,42,1,rezero,25,25,0,drawingtips,69,67,-2,classiccar,94,94,0,wearablepumps,48,49,1,wearablepumps,48,49,1,sephora,8,8,0,vanillaperfume,152,156,4,frenchtips,21,22,1,dropshipping,46,46,0,constructiontools,92,93,1,угадайслово,184,190,6,constructiontools,92,93,1,gradschoollife,27,27,0,parodia,51,52,1,truecrimetiktok,14,12,-2,hockey,13,12,-1,sourdoughtok,67,69,2,christmascrafts,40,42,2,玄天上帝,41,46,5,bachata,3,3,0,journalentry,91,91,0,togobuddy,134,139,5,whatiatetoday,26,26,0,prelaw,94,95,1,cloverboys,6,8,2,,,,,glutegains,94,99,5,georgerussell,53,56,3,gravida,144,151,7,dropshipping,46,46,0,schoolfood,60,61,1,fallrecipes,28,30,2,pdxfoodie,190,194,4,robotvacuum,70,73,3,familygamenight,105,111,6,travelagent,43,45,2,wiginstallation,198,200,2,herpes,175,186,11,herpes,175,186,11,louisianahistory,163,164,1,cozybedroom,96,95,-1,cozybedroom,96,95,-1,cutestuff,174,174,0,powerfulquotes,55,57,2,rageroom,27,24,-3,limpiezadelhogar,171,178,7,chickenrun,78,81,3,spell,51,52,1,hudsonwilliams,137,139,2,romantasy,84,83,-1,netflix,28,26,-2,bodybutter,50,53,3,tattoostyle,59,64,5,seniormobility,169,168,-1,survival,2,2,0,womenshoes,176,178,2,danceteacher,21,22,1,dhan_dhannn11,87,90,3,puppytok,52,52,0,catcare,75,76,1,gimbalstabilizer,87,92,5,hackreacts,72,72,0,fearfulavoidant,25,25,0,planeta,21,19,-2,madpasmr,155,157,2,ravencosplay,52,53,1,aiproductivity,81,83,2,,,,,philadelphiaeagles,45,45,0,mma,6,5,-1,horrortiktok,14,13,-1,airpods,20,22,2,cutestuff,174,174,0,travelagent,43,45,2,fighterjet,99,99,0,streamers,57,63,6,bullelk,120,124,4
fajascolombianas,186,188,2,learningtoread,55,56,1,denji,32,32,0,natureart,71,69,-2,denali,96,96,0,babycaretips,56,57,1,babycaretips,56,57,1,lashextensions,11,11,0,nailcare,157,161,4,nailsnailsnails,29,30,1,finanzaspersonales,47,47,0,tilework,98,99,1,juegosenfamilia,72,77,5,tilework,98,99,1,collegediml,31,31,0,scare,64,65,1,asheville,91,89,-2,nhl,14,13,-1,reposteria,93,95,2,piñataspersonalizadas,42,44,2,girlliondance,42,47,5,dances,4,4,0,sundayvlog,92,92,0,wellnesstea,146,151,5,innoutburger,30,30,0,геометрия,100,101,1,amp,29,31,2,,,,,constancia,97,102,5,skater,54,57,3,bereavedmother,175,182,7,finanzaspersonales,47,47,0,aldiusa,92,93,1,nycfood,43,45,2,nycfoodie,22,25,3,smarttv,121,124,3,slowedandreverb,106,112,6,grandtetonnationalpark,54,56,2,hairloss,4,5,1,sportsmassage,182,193,11,sportsmassage,182,193,11,belajarbahasainggris,171,172,1,porchdecor,100,99,-1,porchdecor,100,99,-1,squishies,8,7,-1,persistencia,59,61,2,knotts,28,25,-3,weeklyrecap,30,36,6,visitwyoming,83,86,3,sanmiguelarcangel,53,54,1,sinners,164,166,2,slipknot,104,103,-1,youngsheldon,32,30,-2,exfoliate,53,56,3,scripttattoo,60,65,5,airshow,15,13,-2,deerhunting,3,3,0,fajascolombianas,184,186,2,zapateado,23,24,1,自撮り,8,10,2,catstory,110,110,0,mascotasdivertidas,99,100,1,fujifilmxt30ii,90,95,5,kitchencleaninghacks,97,97,0,weddingvenue,26,26,0,scienceexplained,26,24,-2,slimyslime,156,158,2,nycc,53,54,1,adobephotoshop,88,90,2,,,,,casekeenum,60,60,0,mbappe,9,8,-1,cryptid,17,16,-1,solarlights,21,23,2,squishies,8,7,-1,grandtetonnationalpark,54,56,2,denali,100,100,0,thelastofus,78,84,6,tiktokanimals,129,133,4
datenightoutfit,195,197,2,tracingbook,83,84,1,tanjiro,36,36,0,bubbleletters,108,106,-2,cargadgets,97,97,0,9months,64,65,1,9months,64,65,1,ultabeauty,13,13,0,thickhair,159,163,4,polygel,30,31,1,makemoney,67,67,0,longtermcare,105,106,1,challengeviral,126,131,5,longtermcare,105,106,1,collegeclasses,47,47,0,kountrywayneskits,65,66,1,polkcounty,106,104,-2,nationsleague,22,21,-1,tortas,138,140,2,toddlercrafts,49,51,2,liondancegirl,43,48,5,2persondance,7,7,0,friendshipadvice,101,101,0,folgers,162,167,5,cheatmeal,50,50,0,jackneel,102,103,1,keepingupwiththekardashians,30,32,2,,,,,morningworkout,127,132,5,alexandratrusova,55,58,3,pregnancytips,18,24,6,makemoney,67,67,0,caloriecounting,110,111,1,schoollunch,48,50,2,foodvlog,28,31,3,iphoneunboxing,132,135,3,godofwar,118,124,6,firstclass,57,59,2,wiginfluencer,13,14,1,teethcleaning,40,50,10,teethcleaning,40,50,10,englishhistory,173,174,1,midcenturymodern,114,113,-1,midcenturymodern,114,113,-1,hotwheels,9,8,-1,nowornever,65,67,2,voltron,39,36,-3,sonyalpha,86,92,6,crazychickenlady,90,93,3,geminis,88,89,1,افلام,165,167,2,afrobeats,125,124,-1,sheldoncooper,34,32,-2,facials,54,57,3,dmvtattooartist,64,69,5,caseih,17,15,-2,campinggear,4,4,0,datenightoutfit,192,194,2,toprock,40,41,1,mividamisreglas,17,19,2,animalwelfare,115,115,0,dogtoys,135,136,1,outdoorphotography,95,100,5,побутовахімія,108,108,0,weddingvibes,28,28,0,iss,29,27,-2,asmrtappingsounds,159,161,2,teentitanscosplay,56,57,1,deletedmessages,150,152,2,,,,,jeremiahsmith,64,64,0,survival,32,31,-1,uap,18,17,-1,carterpcs,22,24,2,hotwheels,9,8,-1,firstclass,57,59,2,cargadgets,101,101,0,warhammer40k,86,92,6,elefantes,158,162,4
cider,196,198,2,chemistryteacher,88,89,1,kakashi,37,37,0,artforkids,119,117,-2,bagged,98,98,0,hijamia💕👑🌺,140,141,1,hijamia💕👑🌺,140,141,1,drmelaxin,19,19,0,frenchtipnails,163,167,4,insponails,31,32,1,ripple,69,69,0,albañileria,138,139,1,chessendgame,194,199,5,albañileria,138,139,1,prepromo,64,64,0,brincosdierasofficial,67,68,1,tallahassee,107,105,-2,zidane,23,22,-1,fallfood,162,164,2,journalideas,52,54,2,0915,45,50,5,ballet,8,8,0,afternooninmylife,117,117,0,winetok,64,68,4,aifood,70,70,0,physicsexperiment,133,134,1,sharktank,52,54,2,,,,,gymtherapy,134,139,5,shuffleskating,76,79,3,32weekspregnant,38,44,6,ripple,69,69,0,конфеты,125,126,1,dutchbros,51,53,2,omakase,46,49,3,solarlights,14,16,2,nopixel,156,162,6,newenglandfall,64,66,2,silkpress,21,22,1,dentures,56,66,10,dentures,56,66,10,historytok,1,1,0,showercurtain,120,119,-1,showercurtain,120,119,-1,keychain,10,9,-1,napoleonhill,91,93,2,breakdancer,53,50,-3,bouquets,105,111,6,clydesdale,91,94,3,hekate,94,95,1,michaelevansbehling,12,13,1,exbsf,144,143,-1,indosiarbawadangdutberkelasberkualitas,35,33,-2,microblading,58,61,3,floridatattooartist,71,76,5,f35,18,16,-2,bowhunting,5,5,0,cider,193,195,2,danceinspo,50,51,1,россиянка,20,22,2,litterbox,121,121,0,rescuedogsoftiktok,142,143,1,fallphotography,132,137,5,magicsponge,130,130,0,aircanadalanding,32,32,0,brainscience,30,28,-2,cleaningasmr,13,14,1,cosplayergirl,77,78,1,tipswhatsapp,166,168,2,,,,,alabamafootball,67,67,0,gilbertomora,38,37,-1,ghoststories,19,18,-1,dreamina,42,44,2,keychain,10,9,-1,newenglandfall,64,66,2,bagged,102,102,0,slowedandreverb,102,108,6,reptilemom,182,186,4
tiktokshopfinds,1,2,1,essayhack,89,90,1,narutouzumaki,40,40,0,satisfyingart,32,29,-3,l5p,106,106,0,baby,1,1,0,baby,1,1,0,makeuptransformation,25,25,0,lowell,166,170,4,athomenails,35,36,1,dollargeneraldeals,70,70,0,jobs,3,3,0,sorrywhat,85,89,4,jobs,3,3,0,гимназия,78,78,0,floptropica,89,90,1,abortionishealthcare,131,129,-2,run,24,23,-1,sourdough,12,13,1,artandcraft,60,62,2,招軍請火回駕遶境大典,62,67,5,dancesforyoutolearn,9,9,0,timestamp,149,149,0,hennessy,68,72,4,tacobellorder,72,72,0,genealogy,134,135,1,kellyclarkson,88,90,2,,,,,hypertrophytraining,138,143,5,rockclimbing,80,83,3,embarazofeliz,42,48,6,dollargeneraldeals,70,70,0,hinesvillegeorgia,148,149,1,coffeeathome,54,56,2,njfoodie,66,69,3,airpods,15,17,2,fannymoment,26,31,5,montegobay,80,82,2,fade,29,30,1,ovulation,57,67,10,ovulation,57,67,10,darkhistory,2,2,0,smallspace,129,128,-1,smallspace,129,128,-1,whatnot,11,10,-1,inspirationalwords,100,102,2,legolandcalifornia,57,54,-3,duedate,123,129,6,auctionhorse,117,120,3,ритуал,115,116,1,britishcelebrities,16,17,1,trumpet,159,158,-1,ilovemygf,36,34,-2,dermaplaning,68,71,3,tattoosartist,74,79,5,blueangels,22,20,-2,deerseason,6,6,0,tiktokshopfinds,1,2,1,stepteam,64,65,1,gameofbones,21,23,2,bunnytok,151,151,0,orangekitten,148,149,1,productvideography,171,176,5,pembersihnodapakaian,147,147,0,justmarried,36,36,0,physicsfun,44,42,-2,ingrownhair,20,21,1,cosplayideas,78,79,1,pctricks,174,176,2,,,,,justinverlander,68,68,0,yamal,47,46,-1,creepyfacts,21,20,-1,robots,55,57,2,whatnot,11,10,-1,montegobay,80,82,2,l5p,110,110,0,godofwar,114,120,6,elk,23,26,3
autumn,3,4,1,exponential,108,109,1,ericcartman,42,42,0,birthdaybanner,33,30,-3,carreview,112,112,0,funnybaby,2,2,0,funnybaby,2,2,0,lorealparis,43,43,0,dryskin,167,171,4,rednails,36,37,1,wealthmindset,71,71,0,welder,4,4,0,wordpuzzle,110,114,4,welder,4,4,0,dreamcollege,86,86,0,seaworldorlando,177,178,1,karensgonewild,174,172,-2,mancity,29,28,-1,fallrecipes,15,16,1,diycrafts,2,3,1,女子英歌,67,72,5,pledgetok,10,10,0,daywithme,159,159,0,coffeesyrups,80,84,4,elranchitojerky,77,77,0,brainfacts,140,141,1,willitolives,90,92,2,,,,,rawnutrition,140,145,5,wweuniverse,90,93,3,autismparenting,74,80,6,wealthmindset,71,71,0,aldimeals,155,156,1,easymeals,61,63,2,chinesebuffet,68,71,3,vacuum,17,19,2,minecraftbuilding,35,40,5,pointsandmiles,87,89,2,4chair,30,31,1,knee,62,72,10,knee,62,72,10,blackhistory,3,3,0,kitchenremodel,130,129,-1,kitchenremodel,130,129,-1,kidstoys,12,11,-1,refleccionesdelavida,107,109,2,sixflagsovergeorgia,60,57,-3,craftymoms,150,156,6,farmfresheggs,130,133,3,energiapositiva,118,119,1,frenchmusic,20,21,1,temazo,166,165,-1,dacademyindosiar,45,43,-2,drmelaxinpeelshot,74,77,3,sacramentotattooartist,82,87,5,f16,25,23,-2,duckhunting,7,7,0,autumn,3,4,1,umassboston,71,72,1,treatmewell,22,24,2,cavapoo,156,156,0,plantedtank,180,181,1,фотограф,19,23,4,生活智慧,148,148,0,weddingreception,44,44,0,diyscience,46,44,-2,vacuumasmr,21,22,1,horrorcosplay,87,88,1,dreamina,8,9,1,,,,,homerun,70,70,0,basketballtiktok,50,49,-1,creepystories,26,25,-1,techaccessories,66,68,2,kidstoys,12,11,-1,pointsandmiles,87,89,2,carreview,116,116,0,nopixel,152,158,6,whitetaildeer,25,28,3
costume,8,9,1,mathproblems,113,114,1,sanji,61,61,0,youngartist,34,31,-3,mechanictools,117,117,0,cutebaby,3,3,0,cutebaby,3,3,0,tartecosmetics,51,51,0,cosmetologyschool,186,190,4,мастерманикюра,50,51,1,usstocks,94,94,0,diytools,5,5,0,gamechallange,112,116,4,diytools,5,5,0,anythingbutabackpack,97,97,0,meme,1,1,0,sãopaulo,184,182,-2,stl,38,37,-1,tiktokfood,16,17,1,halloweencrafts,5,6,1,廣濟宮震天府,84,89,5,newdance,11,11,0,sobriety,8,7,-1,shakenespresso,82,86,4,finalbosssour,98,98,0,experimento,171,172,1,khloekardashian,91,93,2,,,,,atg,147,152,5,latemodelracing,99,102,3,cominghome,82,88,6,usstocks,94,94,0,costcofavorites,159,160,1,crockpotrecipes,72,74,2,cheesesteak,71,74,3,techtips,22,24,2,retrogaming,39,44,5,deathvalley,90,92,2,halfwig,36,37,1,ankle,78,88,10,ankle,78,88,10,historyfacts,4,4,0,outdoordecor,131,130,-1,outdoordecor,131,130,-1,fivebelow,13,12,-1,motivationalsuccess,108,110,2,phl,76,73,-3,craftsupplies,164,170,6,showheifer,163,166,3,zodiachumor,164,165,1,russiatoday,22,23,1,chrisbrownofficial,172,171,-1,horrortok,46,44,-2,bodyodor,75,78,3,blackandgreytattoos,113,118,5,aviacion,34,32,-2,huntingseason,8,8,0,costume,8,9,1,tanzen,72,73,1,カメラを追う,26,28,2,hairlessdog,161,161,0,catlover,1,1,0,aperture,47,51,4,dishwashingsponge,161,161,0,infidelity,54,54,0,wissenschaft,47,45,-2,asmrpersonalattention,30,31,1,magicrevealed,88,89,1,dreaminapioneer,9,10,1,,,,,lasvegasraiders,115,115,0,ajawilson,63,62,-1,ghostadventures,31,30,-1,sharkvacuum,93,95,2,fivebelow,13,12,-1,deathvalley,90,92,2,mechanictools,121,121,0,fannymoment,25,30,5,terrarium,28,31,3
scrubs,31,32,1,algebrahelp,132,133,1,reze,130,130,0,handmadeceramics,42,39,-3,авто,130,130,0,newmom,4,4,0,newmom,4,4,0,fentybeauty,56,56,0,hairstyleinspo,187,191,4,tortoiseshell,56,57,1,dolar,100,100,0,building,6,6,0,trendingfilter,131,135,4,building,6,6,0,fluiddynamics,171,171,0,memecut,2,2,0,migracion,10,7,-3,futbolmexicano,42,41,-1,foodies,25,26,1,manualidades,6,7,1,舞獅比賽,90,95,5,duodance,14,14,0,dailyroutine,9,8,-1,oxyshredenergy,92,96,4,gourmetcookies,101,101,0,nclextips,178,179,1,abbyleemiller,95,97,2,,,,,danceworkout,149,154,5,alonso,102,105,3,gravidez,84,90,6,dolar,100,100,0,crabbish,169,170,1,icedlatte,74,76,2,bostonfoodies,79,82,3,vacuumcleaner,33,35,2,mod,44,49,5,autumninnewyork,155,157,2,lorealparishaircare,44,45,1,beetrootbenefits,140,150,10,beetrootbenefits,140,150,10,ancienthistory,5,5,0,casaenventa,149,148,-1,casaenventa,149,148,-1,tcg,14,13,-1,motivationalspirit,113,115,2,scarowinds,78,75,-3,cominghome,167,173,6,sebastopolgeese,71,73,2,witch,1,1,0,slavicbeauty,23,24,1,classiccountry,181,180,-1,aot,48,46,-2,perfumeoil,85,88,3,tatuadora,148,153,5,mudmower,35,33,-2,kayak,9,9,0,scrubs,30,31,1,parrisgoebel,139,140,1,winc,27,29,2,rescateanimal,173,173,0,petsoftiktok,4,4,0,photographylighting,103,107,4,자취템,165,165,0,myboyfriend,55,55,0,scienceeducation,67,65,-2,slimereview,45,46,1,rezerorem,143,144,1,nocode,40,41,1,,,,,iowahawkeyes,129,129,0,homerun,97,96,-1,disclosure,35,34,-1,aitips,94,96,2,tcg,14,13,-1,autumninnewyork,155,157,2,fordmustang,172,172,0,minecraftbuilding,34,39,5,animalstory,56,59,3
westernfashion,43,44,1,worksheetsforkids,146,147,1,phighting,142,142,0,paintedbanner,54,51,-3,starkvarg,133,133,0,babylove,5,5,0,babylove,5,5,0,lash,63,63,0,hairgrowth,9,12,3,fallnailsinspo,63,64,1,scamawareness,108,108,0,remotework,9,9,0,boardgameaddict,135,139,4,remotework,9,9,0,degree,16,15,-1,skit,3,3,0,emergencianacional,12,9,-3,ajawilson,45,44,-1,sourdoughbread,27,28,1,diyhalloween,7,8,1,臺中聚福堂,92,97,5,tiktokdances,15,15,0,digitaldiary,13,12,-1,gin,131,135,4,tastetester,113,113,0,warhistory,179,180,1,celebritygossip,98,100,2,,,,,weightlossprogress,152,157,5,борьба,106,109,3,cognitivedecline,93,99,6,scamawareness,108,108,0,cheesemonger,173,174,1,homemadefood,83,85,2,hosted,81,84,3,айфон,47,49,2,streamerclips,69,74,5,hoteles,167,169,2,afro,48,49,1,pharmacology,145,155,10,pharmacology,145,155,10,americanhistory,6,6,0,bedroomupgrade,197,196,-1,bedroomupgrade,197,196,-1,chiikawa,15,14,-1,motivationalvideosforyou,187,189,2,universalhhn,79,76,-3,alzheimer,53,58,5,cabra,85,87,2,libra,2,2,0,victorious,40,41,1,lofi,195,194,-1,youngsheldonedit,49,47,-2,tanningbed,192,195,3,bellyrings,158,163,5,aircraftmechanic,45,43,-2,whitetail,10,10,0,westernfashion,41,42,1,polemotivation,148,149,1,itzz_l3x,29,31,2,guineapigs,182,182,0,funnyanimals,5,5,0,camerareview,114,118,4,sikattoilet,166,166,0,ilovemygf❤️,58,58,0,spacexstarship,86,84,-2,asmrsquishy,64,65,1,draculauracosplay,180,181,1,onlineprivacy,42,43,1,,,,,giannis,179,179,0,justinverlander,98,97,-1,aliensighting,39,38,-1,chromebook,96,98,2,chiikawa,15,14,-1,hoteles,167,169,2,g82,196,196,0,retrogaming,38,43,5,trailcamera,88,91,3
matchingset,46,47,1,tiktokmath,158,159,1,coraline,6,5,-1,viralart,55,52,-3,oilchange,145,145,0,breastfeeding,6,6,0,breastfeeding,6,6,0,dollartreehaul,64,64,0,naturalhair,14,17,3,manicura,64,65,1,negociosdigitales,121,121,0,herramientas,10,10,0,brainquiz,136,140,4,herramientas,10,10,0,shs,23,22,-1,memes,4,4,0,flood,17,14,-3,stephcurry,46,45,-1,bakingrecipe,36,37,1,craftideas,8,9,1,溫府王爺,94,99,5,ballerina,16,16,0,eveningroutine,14,13,-1,ninjaslushirecipe,176,180,4,pepperoncini,140,140,0,nychistory,187,188,1,summyahmarie,101,103,2,,,,,over40fitness,180,185,5,penta,133,136,3,gestationaldiabetes,104,110,6,negociosdigitales,121,121,0,walmartcake,174,175,1,sweettreats,96,98,2,cltnc,83,86,3,solarpower,56,58,2,indiegame,76,81,5,hotel,2,3,1,thickhair,58,59,1,dryeye,146,156,10,dryeye,146,156,10,legaladvice,10,10,0,cozyhome,13,11,-2,cozyhome,13,11,-2,reborn,16,15,-1,dailyquotes,6,7,1,lightninglane,86,83,-3,clayart,55,60,5,horsetack,105,107,2,witchcraft,3,3,0,selena,57,58,1,carinleon,196,195,-1,altrend,50,48,-2,perfumetok,2,4,2,inkart,177,182,5,cubcadet,48,46,-2,huntingtiktok,11,11,0,matchingset,44,45,1,brisk,172,173,1,eldiablohechomujer,31,33,2,dogtok,3,2,-1,orangecat,6,6,0,fx30,124,128,4,다이소살림템,168,168,0,loml💍,60,60,0,betelgeuse,100,98,-2,squeegee,67,68,1,disneycostume,185,186,1,aiineducation,43,44,1,,,,,cowboys,7,6,-1,rollerskating,100,99,-1,casos,43,42,-1,gamingmouse,114,116,2,reborn,16,15,-1,hotel,2,3,1,chevy,10,9,-1,streamerclips,67,72,5,попугай,109,112,3
fallfashiontrends,69,70,1,differentiation,166,167,1,aot,7,6,-1,markerart,56,53,-3,fordmustang,164,164,0,babyessentials,7,7,0,babyessentials,7,7,0,lashserum,65,65,0,sephora,17,20,3,nailtechnician,66,67,1,businessmindset,122,122,0,wood,11,11,0,luckyegggames,139,143,4,wood,11,11,0,stanforduniversity,25,24,-1,мем,5,5,0,womensrights,21,18,-3,courtside,59,58,-1,sourdoughstarter,57,58,1,handmadegifts,9,10,1,高雄三鳳宮,112,117,5,kpopdance,17,17,0,friendshipbreakup,15,14,-1,coffeeoftheday,177,181,4,561,161,161,0,cornelluniversity,1,1,0,redcarpet,107,109,2,,,,,halfmarathontraining,30,34,4,submission,137,140,3,pregnancyeducation,110,116,6,businessmindset,122,122,0,asiansnackbox,183,184,1,cheeseburger,113,115,2,seattlefoodie,85,88,3,amd,76,78,2,silenthill,94,99,5,chinatravel,16,17,1,lowell,61,62,1,neurogum,151,161,10,neurogum,151,161,10,abogadodeinmigracion,16,16,0,rvlife,14,12,-2,rvlife,14,12,-2,collectibles,17,16,-1,motivationalviralspeech,8,9,1,peppapigthemepark,114,111,-3,grieving,81,86,5,stockshowkids,126,128,2,witchtok,4,4,0,teendrama,98,99,1,romanticas,200,199,-1,юмор,56,54,-2,cologne,3,5,2,piercer,18,22,4,electricwheelchair,61,59,-2,huntinggear,12,12,0,fallfashiontrends,67,68,1,tangoargentino,191,192,1,mylifepartner,44,46,2,cutecat,10,9,-1,chihuahua,7,7,0,holidayphotoshoot,138,142,4,dietmuoi,170,170,0,healthylove,65,65,0,miwuscience,115,113,-2,watersounds,88,89,1,familycostume,18,18,0,ipadnotes,54,55,1,,,,,giants,9,8,-1,treadmill,103,102,-1,hauntedhistory,46,45,-1,earbuds,14,15,1,collectibles,17,16,-1,chinatravel,16,17,1,q50,14,13,-1,indiegame,73,78,5,zoology,113,116,3
dresses,74,75,1,assignmenthelp,176,177,1,dragonball,8,7,-1,charcoaldrawing,59,56,-3,g82,187,187,0,babydevelopment,8,8,0,babydevelopment,8,8,0,loreal,86,86,0,lashextensions,27,30,3,cateyenail,75,76,1,atlantarealestate,133,133,0,machine,12,12,0,retoextremo,156,160,4,machine,12,12,0,stemmajor,56,55,-1,юмор,6,6,0,judge,29,26,-3,horsetok,61,60,-1,birria,62,63,1,diysquishy,10,11,1,安平福城堂,119,124,5,dancesfor2people,18,18,0,cozynightin,19,18,-1,cookiebutter,47,50,3,ratingfoods,168,168,0,science,2,2,0,chaewon,158,160,2,,,,,skipping,42,46,4,israeladesanya,144,147,3,agingparents,133,139,6,atlantarealestate,133,133,0,cookiemonstercookies,188,189,1,comidacasera,128,130,2,thegrounds,90,93,3,humidifier,88,90,2,adoptmeroblox,99,104,5,disneycruise,17,18,1,hairhacks,67,68,1,cupping,163,173,10,cupping,163,173,10,юрист,27,27,0,cleanwithme,15,13,-2,cleanwithme,15,13,-2,squishytoy,18,17,-1,viralmotivation,9,10,1,disneyholidays,159,156,-3,sportsphotographer,179,184,5,dairyfarmer,156,158,2,tarotreading,5,5,0,movierecommendation,106,107,1,brysontiller,16,14,-2,kalshi,87,85,-2,fragrancetok,4,6,2,realismtattoo,22,26,4,avation,65,63,-2,survivaltips,13,13,0,dresses,72,73,1,dance,1,1,0,stayzyaeditz,48,50,2,snake,12,11,-1,catlovers,12,12,0,fotographer,140,144,4,dungcutienich,176,176,0,fiancee💍,74,74,0,fluiddynamics,124,122,-2,sleepgummy,109,110,1,couplecostume,39,39,0,studyapp,73,74,1,,,,,patriots,12,11,-1,raulrosasjr,109,108,-1,sasquatch,53,52,-1,tecnologia,19,20,1,squishytoy,18,17,-1,disneycruise,17,18,1,offroad,17,16,-1,silenthill,91,96,5,reptilelover,114,117,3
westernstyle,76,77,1,математикалегко,180,181,1,jjba,9,8,-1,handpaintedbanner,62,59,-3,chevy,9,8,-1,babycute,9,9,0,babycute,9,9,0,eyelashextensions,124,124,0,ultabeauty,31,34,3,cuticleoil,76,77,1,moneymoves,134,134,0,handyman,13,13,0,aprendejugando,159,163,4,handyman,13,13,0,optometrystudent,71,70,-1,standupcomedy,7,7,0,lawsuit,34,31,-3,sixers,77,76,-1,cupcake,76,77,1,yarn,11,12,1,keongfattsabah,123,128,5,dancetolearn,19,19,0,spendthemorningwithme,20,19,-1,michelobeultra,75,78,3,flybyjing,174,174,0,math,3,3,0,yunjin,166,168,2,,,,,forearms,66,70,4,snowmobile,150,153,3,fetus,190,196,6,moneymoves,134,134,0,fruit,1,1,0,carneseca,161,163,2,atlantarestaurants,113,116,3,beatssolo4,89,91,2,ultimateteam,150,155,5,placestovisit,22,23,1,karseellhairmask,85,86,1,nutritiontips,53,62,9,nutritiontips,53,62,9,ancienthumans,31,31,0,housetour,16,14,-2,housetour,16,14,-2,bagcharm,19,18,-1,goodmotivation,10,11,1,screampark,160,157,-3,toxicmom,183,188,5,aninals,168,170,2,fullmoon,6,6,0,универ,139,140,1,olivesmith,27,25,-2,sukuna,88,86,-2,oralcare,5,7,2,blackandgreyrealism,62,66,4,pwc,72,70,-2,fishingvideos,14,14,0,westernstyle,74,75,1,dancetrend,2,2,0,noyaa,51,53,2,doglovers,13,12,-1,dogmomlife,15,15,0,autumnphotography,169,173,4,衣類収納,190,190,0,weddingvideo,90,90,0,physicslovers,194,192,-2,acneremoval,119,120,1,adventuretimecosplay,46,46,0,truques,75,76,1,,,,,bears,15,14,-1,oregonducks,110,109,-1,terrorifico,60,59,-1,techtips,30,31,1,bagcharm,19,18,-1,placestovisit,22,23,1,lexus,23,22,-1,adoptmeroblox,96,101,5,spidertok,118,121,3
tummycontrol,79,80,1,math,1,1,0,jojosbizarreadventure,10,9,-1,fountainpens,73,70,-3,q50,12,11,-1,msrachel,10,10,0,msrachel,10,10,0,makeuphaul,125,125,0,drmelaxin,41,44,3,nailappointment,80,81,1,amazonfba,157,157,0,hiring,14,14,0,boardgaming,161,165,4,hiring,14,14,0,gwu,73,72,-1,standup,8,8,0,humanrights,37,34,-3,travishunter,126,125,-1,petermillar,81,82,1,clayart,12,13,1,員林吳家轎班會,124,129,5,dancebreak,20,20,0,boomtown,21,20,-1,dutchbrosdrinks,87,90,3,hotpepper,188,188,0,historytok,4,4,0,wendywilliams,167,169,2,,,,,tiktokfitness,102,106,4,фрирайд,173,176,3,raisingboys,46,51,5,amazonfba,157,157,0,costcofinds,2,2,0,tamales,166,168,2,thingstodoinaustin,155,158,3,fitnesstracker,95,97,2,flashback,171,176,5,glamping,23,24,1,dallasbraider,86,87,1,chiropracticadjustment,66,75,9,chiropracticadjustment,66,75,9,jackneel,34,34,0,diyprojects,19,17,-2,diyprojects,19,17,-2,stressball,30,29,-1,motivationdaily,11,12,1,smashroom,192,189,-3,morningroutines,45,49,4,percheron,189,191,2,aries,11,11,0,serie,147,148,1,rave,32,30,-2,oddlysatisfying,94,92,-2,fragrancetiktok,6,8,2,sleevetattoo,67,71,4,militarytechnology,109,107,-2,whitetaildeer,15,15,0,tummycontrol,77,78,1,bachata,3,3,0,fouryoupage_tiktok_nepal🇳🇵😊,54,56,2,reptile,16,15,-1,кот,18,18,0,scottsdalephotographer,170,174,4,lakbanantibocor,197,197,0,lovebombing,98,98,0,scienceclass,14,11,-3,sharpening,124,125,1,mindreading,47,47,0,mr3proeffect,79,80,1,,,,,ravens,16,15,-1,libero,130,129,-1,hauntedtok,66,65,-1,vacuumcleaner,40,41,1,stressball,30,29,-1,glamping,23,24,1,polo,26,25,-1,ultimateteam,146,151,5,birdphotography,145,148,3
underwear,90,91,1,studytips,2,2,0,narutoshippuden,15,14,-1,artrestoration,122,119,-3,offroad,15,14,-1,waterwipes,13,13,0,waterwipes,13,13,0,beautytools,126,126,0,makeuptransformation,55,58,3,weddingnails,97,98,1,loans,158,158,0,harvest,15,15,0,juegosencasa,171,175,4,harvest,15,15,0,telesecundaria,84,83,-1,comedian,9,9,0,gaza,38,35,-3,goat🐐,177,176,-1,tamales,90,91,1,fallcrafts,13,14,1,楠梓五龍殿,131,136,5,danceteam,21,21,0,makingfriends,29,28,-1,licuadora,90,93,3,crunchy,5,4,-1,physics,5,5,0,billie,54,55,1,,,,,fullbody,123,127,4,muttonbusting,177,180,3,bumpdate,47,52,5,loans,158,158,0,groceryhaul,6,6,0,disneyfood,169,171,2,birminghamal,156,159,3,gamingmouse,98,100,2,robloxstudio,174,179,5,castle,24,25,1,hairshedding,97,98,1,nightsweats,68,77,9,nightsweats,68,77,9,abogadadeinmigracion,38,38,0,dreamhome,25,23,-2,dreamhome,25,23,-2,pokemoncollector,33,32,-1,successquotes,12,13,1,slotmachines,198,195,-3,nesting,47,51,4,sheep,7,8,1,tarottok,29,29,0,edwardcullen,158,159,1,musicvideo,33,31,-2,twilight,107,105,-2,bodycare,7,9,2,lovetattoo,99,103,4,hems,115,113,-2,spinning,16,16,0,underwear,88,89,1,easydance,4,4,0,aiyati,55,57,2,petloss,17,16,-1,petparentlife,30,30,0,insta360flow2pro,185,189,4,toolhack,6,5,-1,myforever,113,113,0,microbiology,16,13,-3,crackingasmr,137,138,1,mikantsumiki,48,48,0,mobilesecurity,98,99,1,,,,,nfltiktok,17,16,-1,wbb,175,174,-1,historiadeterror,71,70,-1,3dprinter,47,48,1,pokemoncollector,33,32,-1,castle,24,25,1,silverado,32,31,-1,flashback,167,172,5,delfines,161,164,3
tiktokshopblackfridaysale,91,92,1,mathematics,3,3,0,dbz,28,27,-1,workinprogressart,123,120,-3,lexus,21,20,-1,babycleaning,14,14,0,babycleaning,14,14,0,cysticacne,143,143,0,showerroutine,60,63,3,njnailtech,109,110,1,usdt,159,159,0,remodel,16,16,0,gamesforcouples,191,195,4,remodel,16,16,0,11школа,95,94,-1,humortiktok,10,10,0,prochoice,49,46,-3,fútbol,184,183,-1,cookware,99,100,1,handmadegift,46,47,1,1012,15,19,4,dancersoftiktok,26,26,0,photodumps,45,44,-1,loadedteasathome,97,100,3,cheesecakefactory,6,5,-1,astronomy,6,6,0,seanopry,56,57,1,,,,,progression,130,134,4,cota,181,184,3,babyannouncement,54,59,5,usdt,159,159,0,proteinbar,18,18,0,coffeerecipe,170,172,2,thingstodoinchicago,26,28,2,deskaccessories,105,107,2,globals,184,189,5,shanghai,25,26,1,hairwashday,115,116,1,lowiron,70,79,9,lowiron,70,79,9,psicologiaoscura,39,39,0,forrent,30,28,-2,forrent,30,28,-2,30deseptiembre,34,33,-1,henryposton,18,19,1,kingsisland,30,26,-4,nonverbal,51,55,4,highlandcow,8,9,1,amarresdeamor,32,32,0,tvshow,1,1,0,charlixcx,41,39,-2,frenchmusic,118,116,-2,smellgood,8,10,2,piercinginspo,101,105,4,tiller,136,134,-2,redfish,23,23,0,tiktokshopblackfridaysale,89,90,1,ballet,5,5,0,canshepulloff,62,64,2,cows,18,17,-1,kucing,32,32,0,fujix100v,192,196,4,fruitflies,7,6,-1,christianrelationships,118,118,0,spaceexploration,20,17,-3,spooncarving,143,144,1,scareactors,49,49,0,smartphonetricks,103,104,1,,,,,49ers,18,17,-1,gameday,14,12,-2,hauntedhouses,76,75,-1,newphone,48,49,1,30deseptiembre,34,33,-1,shanghai,25,26,1,chevrolet,43,42,-1,robloxstudio,170,175,5,jumpingspideroftiktok,172,175,3
fashionnova,94,95,1,математика,4,4,0,vegeta,31,30,-1,pumpkinpainting,18,14,-4,polo,24,23,-1,milestone,15,15,0,milestone,15,15,0,flowerknows,164,164,0,creativemakeup,65,68,3,lasvegasnailtech,116,117,1,digitalassets,189,189,0,homerepair,17,17,0,luckyegg,38,41,3,homerepair,17,17,0,wisuda,106,105,-1,prankvideo,11,11,0,misogyny,56,53,-3,gameday,12,10,-2,mealplanning,104,105,1,papercrafts,47,48,1,1124,20,24,4,twopersondance,27,27,0,floaterfriend,62,61,-1,proteindrink,104,107,3,crunchyasmr,7,6,-1,anatomy,7,7,0,judge,63,64,1,,,,,straps,137,141,4,aew,5,7,2,specialneedsfamily,119,124,5,digitalassets,189,189,0,baskinrobbins,19,19,0,reposteria,177,179,2,vietnamesefood,30,32,2,thermalprinter,136,138,2,cs2moments,191,196,5,sunsetvibes,26,27,1,weddinghair,124,125,1,nebulizer,102,111,9,nebulizer,102,111,9,etymology,50,50,0,organizedhome,31,29,-2,organizedhome,31,29,-2,giftforkids,35,34,-1,padrinohuevo,21,22,1,hauntseason,31,27,-4,fallcrafts,58,62,4,bottlecalf,47,48,1,spells,34,34,0,netflix,2,2,0,flstudio,43,41,-2,edm,154,152,-2,showerroutine,9,11,2,inklife,102,106,4,вертолет,137,135,-2,solocamping,37,37,0,fashionnova,92,93,1,newdance,6,6,0,chetwa,63,65,2,beardeddragon,32,31,-1,guineapig,33,33,0,digicamera,25,28,3,toiletcleaning,8,7,-1,noconact,128,128,0,moonlanding,32,29,-3,mixingpaint,189,190,1,avatarcosplay,72,72,0,aicoding,108,109,1,,,,,lsu,20,19,-1,hockey,16,14,-2,orbs,87,86,-1,airpurifier,52,53,1,giftforkids,35,34,-1,sunsetvibes,26,27,1,amg,64,63,-1,globals,180,185,5,coyotepeterson,175,178,3
tallgirl,101,102,1,studyhacks,5,5,0,danganronpa,46,45,-1,artistoftiktok,19,15,-4,silverado,30,29,-1,nicubaby,16,16,0,nicubaby,16,16,0,hourglass,169,169,0,fallmakeup,71,74,3,nailinspo,1,1,0,carpayment,191,191,0,maker,18,18,0,gamenightideas,60,63,3,maker,18,18,0,barnard,114,113,-1,girlhefunny1x,12,12,0,patriarchy,79,76,-3,giants,16,14,-2,kitchentools,130,131,1,creativekids,51,52,1,0609,25,29,4,ballroom,28,28,0,soberjourney,71,70,-1,pumpandpourwithme,113,116,3,culvers,8,7,-1,studytips,8,8,0,famosos,93,94,1,,,,,strengthtrainingforwomen,142,146,4,martialarts,8,10,2,33weeks,121,126,5,carpayment,191,191,0,traderjoesfoodreviews,24,24,0,fruit,15,16,1,thingstodoinhouston,31,33,2,tecnologia,13,14,1,zombies,32,36,4,nycsunset,34,35,1,peinado,134,135,1,lowerbackpain,126,135,9,lowerbackpain,126,135,9,notarypublic,52,52,0,cozyathome,32,30,-2,cozyathome,32,30,-2,kidsgifts,42,41,-1,lifewisdom,28,29,1,howloscream,32,28,-4,uofo,134,138,4,chickenlife,70,71,1,rubikscube,39,39,0,youngsheldon,3,3,0,nursehumor,74,72,-2,memecut,10,7,-3,teethtok,11,13,2,earcuration,108,112,4,mccormick,8,5,-3,hardwater,65,65,0,tallgirl,99,100,1,usacontent,7,7,0,reemartin🇵🇭,67,69,2,cutecats,34,33,-1,puppytok,34,34,0,macrophotography,40,43,3,cleaningbrush,12,11,-1,destinationweddingphotographer,129,129,0,cosmology,41,38,-3,asmrforadhd,197,198,1,madokamagicacosplay,76,76,0,zapier,115,116,1,,,,,newyorkgiants,23,22,-1,nhl,17,15,-2,leyendasurbanas,91,90,-1,smartring,59,60,1,kidsgifts,42,41,-1,nycsunset,34,35,1,beat,70,69,-1,cs2moments,187,192,5,snaketok,190,193,3
zara,109,110,1,maths,6,6,0,hinata,48,47,-1,woodcarving,22,18,-4,chevrolet,41,40,-1,babyanddog,17,17,0,babyanddog,17,17,0,wispylashes,178,178,0,fade,87,90,3,nailart,2,2,0,daytrading,6,5,-1,amazonflex,19,19,0,homegame,78,81,3,amazonflex,19,19,0,huntercollege,117,116,-1,workhumor,17,17,0,corruption,96,93,-3,neymar,17,15,-2,crockpotmeals,137,138,1,giftwrap,55,56,1,左營元帝廟二甲夫人媽,26,30,4,sturdy,29,29,0,mycancerjourney,78,77,-1,dalgona,125,128,3,tacobellpartner,20,19,-1,darkhistory,9,9,0,ryleearnold,133,134,1,,,,,pilatestok,168,172,4,prowrestling,10,12,2,nonverbalautism,152,157,5,daytrading,6,5,-1,asiansnacks,29,29,0,tiktokfood,30,31,1,antojitos,34,36,2,carterpcs,19,20,1,tnf,64,68,4,travelwithme,41,42,1,quickweavetutorial,173,174,1,spinehealth,131,140,9,spinehealth,131,140,9,nychistory,58,58,0,kitchenfinds,33,31,-2,kitchenfinds,33,31,-2,sensorytoys,46,45,-1,motivationalquote,32,33,1,fairseason,33,29,-4,34weekspregnant,135,139,4,grasspuppy,101,102,1,signoszodiacales,40,40,0,sheldoncooper,4,4,0,letras,121,119,-2,dwts,22,19,-3,mensfragrance,13,15,2,conchpiercing,123,127,4,militaryaviation,20,17,-3,waterfowlhunting,66,66,0,zara,107,108,1,duodance,8,8,0,azysquad,70,72,2,animalfacts,38,37,-1,perritos,42,42,0,maternityshoot,41,44,3,fruitflytrap,22,21,-1,wlwrelationship,133,133,0,scienceforkids,42,39,-3,squishy,1,1,0,inflatablecostume,93,93,0,editingapps,124,125,1,,,,,buffalobills,25,24,-1,hunting,19,17,-2,thelocust,92,91,-1,tablet,60,61,1,sensorytoys,46,45,-1,travelwithme,41,42,1,powerstroke,71,70,-1,zombies,31,35,4,shoebill,196,199,3
leopard,115,116,1,calculus,7,7,0,mikasa,51,50,-1,artsupplies,23,19,-4,amg,62,61,-1,babyregistrymusthaves,40,40,0,babyregistrymusthaves,40,40,0,dollartreefinds,10,9,-1,lorealparis,89,92,3,pressonnails,3,3,0,tjr,7,6,-1,fabrication,20,20,0,mindtest,89,92,3,fabrication,20,20,0,studyspots,135,134,-1,мемы,19,19,0,nbcla,170,167,-3,softball,19,17,-2,enchiladas,144,145,1,driedflowers,75,76,1,廟會攝影,29,33,4,bailar,30,30,0,jenevarose,84,83,-1,tealovers,127,130,3,freezedried,25,24,-1,blackhistory,10,10,0,scarlettjohansson,172,173,1,,,,,nickwalker,33,36,3,worldscollide,14,16,2,21weekspregnant,154,159,5,tjr,7,6,-1,fridgeorganization,33,33,0,cafe,31,32,1,metrodetroit,38,40,2,soundsystem,20,21,1,persona5,109,113,4,virginvoyages,47,48,1,hairgrowth,1,1,0,acidreflux,149,158,9,acidreflux,149,158,9,middleages,90,90,0,newconstruction,34,32,-2,newconstruction,34,32,-2,blindboxes,49,48,-1,motivationvideo,33,34,1,sixflagsovertexas,38,34,-4,parentinghack,186,190,4,петух,121,122,1,energia,41,41,0,allamerican,10,10,0,tipografia,133,131,-2,memes,23,20,-3,hygieneroutine,18,20,2,microdermal,139,143,4,boatfail,77,74,-3,publicland,67,67,0,leopard,113,114,1,ballerina,9,9,0,unomalizo,119,121,2,dolphins,39,38,-1,viralgatos,53,53,0,oklahomaphotographer,43,46,3,sinkorganizer,31,30,-1,kindleunlimitedromancebooks,134,134,0,blackholes,50,47,-3,oddlysatisfying,2,2,0,rinkagamine,115,115,0,littytone,126,127,1,,,,,nygiants,32,31,-1,fight,20,18,-2,alieninvasion,107,106,-1,iphonetricks,63,64,1,blindboxes,49,48,-1,virginvoyages,47,48,1,cardealership,75,74,-1,mod,43,47,4,moose,30,32,2
fallboots,125,126,1,satprep,8,8,0,анимация,69,68,-1,graffitiart,24,20,-4,beat,68,67,-1,childhoodcancerawareness,43,43,0,childhoodcancerawareness,43,43,0,beautyhacks,16,15,-1,lashtutorial,106,109,3,nailtok,4,4,0,calebhammer,9,8,-1,builder,23,23,0,memorychallenge,189,192,3,builder,23,23,0,tsinghuauniversity,147,146,-1,momhumor,21,21,0,flashflooding,178,175,-3,lebronjames,20,18,-2,chickenalfredo,160,161,1,decoraciondefiestas,77,78,1,liondance2025,47,51,4,newdancechallenge,36,36,0,neighbordrama,85,84,-1,over21,143,146,3,freezedriedcandy,29,28,-1,historyfacts,11,11,0,reggie,1,1,0,,,,,cardioworkout,36,39,3,grappling,22,24,2,pregnancyessentials,170,175,5,calebhammer,9,8,-1,pizookie,34,34,0,foodies,50,51,1,steakhouse,42,44,2,iphonetips,25,26,1,rocketleaguehighlights,135,139,4,luxuryhotel,48,49,1,hairinspo,2,2,0,higienebucal,159,168,9,higienebucal,159,168,9,historyuncovered,115,115,0,homeinspo,36,34,-2,homeinspo,36,34,-2,monsterhighdolls,51,50,-1,mindsets,35,36,1,familyweekend,41,37,-4,familymemories,188,192,4,cows,1,1,0,tarotespiritual,42,42,0,modernfamily,19,19,0,musicamexicana,136,134,-2,bodycam,38,35,-3,whiteningtoothpaste,19,21,2,nctattooartist,155,159,4,su57,81,78,-3,bassmaster,129,129,0,fallboots,123,124,1,kpopdance,10,10,0,danglegym,175,177,2,petparentlife,47,46,-1,catstory,79,79,0,familyphotographer,45,48,3,tipcentric,37,36,-1,wedding2026,147,147,0,scienceismagic,69,66,-3,satisfyingvideos,3,3,0,fivenightsatfreddyscosplay,136,136,0,yoteayudo,127,128,1,,,,,dantemoore,33,32,-1,nationsleague,28,26,-2,shadowpeople,108,107,-1,телефон,65,66,1,monsterhighdolls,51,50,-1,luxuryhotel,48,49,1,tuttio,76,75,-1,tnf,62,66,4,snowleopard,33,35,2
wishlist,132,133,1,algebra,9,9,0,mikey,76,75,-1,fineart,25,21,-4,powerstroke,69,68,-1,babymilestones,45,45,0,babymilestones,45,45,0,adventcalendar,18,17,-1,fallnailinspo,109,112,3,fallnails,5,5,0,daytrader,14,13,-1,electrical,24,24,0,puzzlelover,33,35,2,electrical,24,24,0,schoolactivity,194,193,-1,shamar,25,25,0,medicaid,191,188,-3,fnl,21,19,-2,recetafacil,177,178,1,centrosdemesa,84,85,1,barongsai2025,48,52,4,danza,38,38,0,begtok,87,86,-1,cocktail,31,33,2,eatingvideo,32,31,-1,successmindset,17,17,0,kaicenat,2,2,0,,,,,зал,37,40,3,fightnight,27,29,2,babybottles,187,192,5,daytrader,14,13,-1,costcomusthaves,35,35,0,sourdoughbread,53,54,1,foodiesoftiktok,57,59,2,cordlessvacuum,30,31,1,msm,188,192,4,couplesgetaway,52,53,1,naturalhair,3,3,0,bettersleep,30,38,8,bettersleep,30,38,8,navalhistory,168,168,0,bienesraices,40,38,-2,bienesraices,40,38,-2,giftideasforkids,68,67,-1,winnersmindset,36,37,1,bouncyhouse,43,39,-4,lifetips,32,35,3,horsetok,2,2,0,mensajedeluniverso,45,45,0,сериал,33,33,0,ole60,140,138,-2,coraline,43,40,-3,vanillaperfume,20,22,2,atltattooartist,167,171,4,commuterbike,118,115,-3,shelterbuilding,131,131,0,wishlist,130,131,1,dancebreak,11,11,0,isharana1,4,5,1,kucing,50,49,-1,animalwelfare,82,82,0,christmasphotoshoot,50,53,3,drainbasket,43,42,-1,relationshipquestions,168,168,0,chemicalreaction,76,73,-3,squishyasmr,4,4,0,yuricosplay,137,137,0,iphoneapps,138,139,1,,,,,seahawks,36,35,-1,zidane,29,27,-2,truehorror,114,113,-1,solarpower,68,69,1,giftideasforkids,68,67,-1,couplesgetaway,52,53,1,cateye,79,78,-1,persona5,105,109,4,whales,34,36,2
everydaystyle,134,135,1,nclexprep,10,10,0,whatif,80,79,-1,artcommunity,27,23,-4,cardealership,73,72,-1,mybabygirl,54,54,0,mybabygirl,54,54,0,blush,28,27,-1,olaypartner,113,116,3,halloweennails,6,6,0,stocks,16,15,-1,remodeling,26,26,0,logicpuzzle,64,66,2,remodeling,26,26,0,studentmedia,199,198,-1,mattrife,26,26,0,erupsi,19,15,-4,flagfootball,50,48,-2,торт,190,191,1,popupcard,85,86,1,múalan2025,49,53,4,2peopledance,42,42,0,afterworkroutine,98,97,-1,mountaindew,38,40,2,foodreaction,41,40,-1,dailymotivation,18,18,0,dacademy7indosiar,9,9,0,,,,,gymprogress,40,43,3,maxverstappen,29,31,2,pregnancytest,29,33,4,stocks,16,15,-1,freezedriedcandy,36,36,0,bakingrecipe,69,70,1,taqueria,61,63,2,portablecharger,41,42,1,coldwar,193,197,4,floridavacation,56,57,1,blowout,6,6,0,beetroot,33,41,8,beetroot,33,41,8,learnvietnamese,189,189,0,rug,50,48,-2,rug,50,48,-2,gengar,85,84,-1,disapline,51,52,1,supernintendoworld,44,40,-4,manualidades,36,39,3,horsesoftiktok,3,3,0,rituales,46,46,0,sitcom,38,38,0,dubstep,142,140,-2,dacademy7indosiar,44,41,-3,selftan,21,23,2,safepiercing,179,183,4,boatrestoration,132,129,-3,glampinglife,143,143,0,everydaystyle,132,133,1,danceteam,12,12,0,videogenic,5,6,1,guineapig,51,50,-1,pethairremoval,95,95,0,streetphotographer,65,68,3,limpiezafácil,53,52,-1,adviceforwomen,174,174,0,antimateria,169,166,-3,relaxation,5,5,0,nikke,2,1,-1,webdesigner,139,140,1,,,,,whitesox,73,72,-1,run,30,28,-2,chupacabra,115,114,-1,rgblights,84,85,1,gengar,85,84,-1,floridavacation,56,57,1,electricbike,80,79,-1,rocketleaguehighlights,131,135,4,possum,36,38,2
cozyseason,135,136,1,learntoread,21,21,0,aicat,106,105,-1,sculpting,36,32,-4,tuttio,74,73,-1,downsyndromeawareness,58,58,0,downsyndromeawareness,58,58,0,makeuproutine,30,29,-1,hairtools,149,152,3,nailtutorial,7,7,0,stockmarket,17,16,-1,metalworking,27,27,0,outdoorgames,66,68,2,metalworking,27,27,0,ptschool,10,8,-2,funnyprank,40,40,0,flashflood,20,16,-4,touchdown,52,50,-2,homebakery,198,199,1,fallcraft,102,103,1,lansurong2025,50,54,4,bailesorpresa,47,47,0,friendbreakup,132,131,-1,morningcoffee,41,43,2,tiffanyplate,49,48,-1,математика,19,19,0,dacademyindosiar,10,10,0,,,,,nutricost,47,50,3,snowboarding,33,35,2,pregnancytok,30,34,4,stockmarket,17,16,-1,figpartner,44,44,0,foodtruck,81,82,1,thingstodoindc,74,76,2,airpurifier,43,44,1,dandysworld,16,19,3,luxuryresort,61,62,1,hairstyles,7,7,0,sidesleeper,55,63,8,sidesleeper,55,63,8,archaeology,8,7,-1,mattress,53,51,-2,mattress,53,51,-2,revoltech,122,121,-1,estoicismoenespañol,57,58,1,darienlake,55,51,-4,diyhalloween,39,42,3,farmchores,4,4,0,aries♈️,47,47,0,thevampirediaries,44,44,0,readersoftiktok,153,151,-2,dragonball,52,49,-3,electricshaver,26,28,2,eyetattoo,194,198,4,kugookirin,151,148,-3,hoyt,146,146,0,cozyseason,133,134,1,dancersoftiktok,16,16,0,womenwithgoals,6,7,1,cathealth,63,62,-1,cerebellarhypoplasia,104,104,0,photographybusiness,79,82,3,dogiadung,54,53,-1,weddingday,3,2,-1,gottalietoflerf,176,173,-3,squishytoys,6,6,0,scareactor,3,2,-1,recursosgratis,163,164,1,,,,,patrickmahomes,75,74,-1,footballedit,31,29,-2,leyendasmexicanas,116,115,-1,iphone15promax,86,87,1,revoltech,122,121,-1,luxuryresort,61,62,1,mazda,82,81,-1,msm,184,188,4,opossum,37,39,2
coachbag,140,141,1,matematicas,22,22,0,kennymccormick,111,110,-1,kidsart,37,33,-4,cateye,77,76,-1,hydrocephalus,63,63,0,hydrocephalus,63,63,0,creativemakeup,31,30,-1,halfuphalfdown,150,153,3,americanhealth,38,38,0,tjrtrades,18,17,-1,nowhiring,28,28,0,ajedrez,67,69,2,nowhiring,28,28,0,studyvlog,15,13,-2,brincosdieras,42,42,0,semeru,23,19,-4,fridaynightlights,57,55,-2,cooking,1,1,0,scrapbookideas,114,115,1,謁祖進香,55,59,4,poledancing,52,52,0,functionalneurologicaldisorder,134,133,-1,coldbrew,56,58,2,snackhaul,69,68,-1,telescope,22,22,0,kimkardashian,14,14,0,,,,,beginnerworkout,71,74,3,enduro,34,36,2,38weekspregnant,50,54,4,tjrtrades,18,17,-1,فواكه,72,72,0,soulfood,86,87,1,caribbeanfood,94,96,2,smartring,49,50,1,clashroyale,21,24,3,postcardcabins,63,64,1,wigtok,8,8,0,anemia,60,68,8,anemia,60,68,8,vietnamwar,18,17,-1,deskdecor,69,67,-2,deskdecor,69,67,-2,disneyfinds,123,122,-1,embracechange,74,75,1,puyallupfair,72,68,-4,handmadegifts,43,46,3,ranchlife,5,5,0,psychicreading,73,73,0,saturdaynightlive,116,116,0,georgemichael,162,160,-2,filmtok,54,51,-3,beardcare,32,34,2,dallastattooartist,30,33,3,iconoftheseas,16,12,-4,publiclandhunting,172,172,0,coachbag,138,139,1,ballroom,17,17,0,pictok,10,11,1,exoticpets,80,79,-1,cavapoo,107,107,0,flyingdressphotoshoot,100,103,3,wallrepairpaste,59,58,-1,loml,4,3,-1,waterbear,177,174,-3,squishys,7,7,0,decayedbrigade,7,6,-1,locationtracking,164,165,1,,,,,dolphins,86,85,-1,mancity,37,35,-2,horrorshorts,120,119,-1,amd,91,92,1,disneyfinds,123,122,-1,postcardcabins,63,64,1,dodgecharger,92,91,-1,coldwar,189,193,4,snail,40,42,2
streetwearstyle,165,166,1,matematica,25,25,0,limbuscompany,123,122,-1,adultcoloringbook,39,35,-4,mazda,79,78,-1,mamáprimeriza,72,72,0,mamáprimeriza,72,72,0,fallmakeup,34,33,-1,glam,161,164,3,nailtools,40,40,0,xrp,22,21,-1,junkremoval,31,31,0,rompecabezas,71,73,2,junkremoval,31,31,0,csusb,20,18,-2,childcare,50,50,0,copsusa,25,21,-4,d1athlete,64,62,-2,easyrecipe,2,2,0,journalinspiration,130,131,1,0105,58,62,4,chiwiwis,53,53,0,tbrchallenge,180,179,-1,breville,100,102,2,jillyeats,74,73,-1,spacetok,26,26,0,kai,16,16,0,,,,,dicipline,84,87,3,snowboard,39,41,2,thirdtrimestermama,80,84,4,xrp,22,21,-1,superc,76,76,0,homebaker,94,95,1,comidaperuana,95,97,2,tablet,50,51,1,ffxnarutoshippuden,24,27,3,multnomahfalls,66,67,1,redhair,9,9,0,saludmasculina,73,81,8,saludmasculina,73,81,8,alexanderthegreat,25,24,-1,christmasdecorating,84,82,-2,christmasdecorating,84,82,-2,clickeez,132,131,-1,quoteaesthetic,84,85,1,sixflagsfrightfest,74,70,-4,kidscrafts,62,65,3,ducks,6,6,0,escorpio,78,78,0,icarly,120,120,0,marcoantoniosolis,175,173,-2,n3on,58,55,-3,microneedling,35,37,2,tattooartists,31,34,3,flyby,75,71,-4,lakekissimmee,200,200,0,streetwearstyle,163,164,1,sturdy,18,18,0,附近的人,19,20,1,catcare,105,104,-1,hairlessdog,111,111,0,autofacetrackingtripod,116,119,3,seaways,60,59,-1,engaged,5,4,-1,physicsquestions,191,188,-3,squishyhaul,8,8,0,disfraz,9,8,-1,freevpn,172,173,1,,,,,kansascitychiefs,90,89,-1,dantemoore,41,39,-2,groovygavin,137,136,-1,anthropic,102,103,1,clickeez,132,131,-1,multnomahfalls,66,67,1,nightdrive,96,95,-1,dandysworld,16,19,3,axolotl,55,57,2
fallfashioninspo,177,178,1,sattips,32,32,0,tiktokkids,188,187,-1,artistontiktok,72,68,-4,dodgecharger,89,88,-1,babyhumor,86,86,0,babyhumor,86,86,0,facemask,48,47,-1,selftan,172,175,3,blacknails,41,41,0,debtfree,25,24,-1,skilledtrades,32,32,0,testedevisao,80,82,2,skilledtrades,32,32,0,studytimelapse,75,73,-2,humormexicano,59,59,0,crimestory,26,22,-4,alabamafootball,67,65,-2,dinnerideas,3,3,0,chunkyknit,153,154,1,左營廣濟宮震天府,59,63,4,punta,54,54,0,lifeinmy20s,191,190,-1,ninjacoffeemaker,101,103,2,seafoodboilmukbang,91,90,-1,personaldevelopment,28,28,0,cuffem,21,21,0,,,,,funnyfitness,88,91,3,dragracing,41,43,2,fatherofthebride,87,91,4,debtfree,25,24,-1,mealplanner,86,86,0,coffeelovers,100,101,1,lunchdate,101,103,2,iphonetricks,54,55,1,streaming,30,33,3,cabingetaway,68,69,1,quickweave,10,10,0,medication,81,89,8,medication,81,89,8,worldhistory,26,25,-1,remodelacion,88,86,-2,remodelacion,88,86,-2,juguetesparaniños,141,140,-1,positivequotes,87,88,1,disneylandanaheim,82,78,-4,maternidade,63,66,3,ducksoftiktok,11,11,0,lectura,106,106,0,vampirediaries,123,123,0,roa,184,182,-2,aistory,74,71,-3,bossrecognizeboss,37,39,2,peircing,33,36,3,mtbmexico,76,72,-4,bait,21,20,-1,fallfashioninspo,175,176,1,bailar,19,19,0,trendysong🎶✨,36,37,1,animaltok,108,107,-1,hairlesscat,176,176,0,zve1,119,122,3,tipsutiles,75,74,-1,proposal,6,5,-1,microscope,18,14,-4,stressball,9,9,0,couplecostumes,10,9,-1,voicetotext,198,199,1,,,,,patriotsnation,96,95,-1,skate,42,40,-2,uaps,152,151,-1,beatssolo4,104,105,1,juguetesparaniños,141,140,-1,cabingetaway,68,69,1,bmwm,104,103,-1,clashroyale,21,24,3,seaworldorlando,60,62,2
businesscasual,181,182,1,профильнаяматематика,35,35,0,invincible,18,16,-2,watercolortutorial,126,122,-4,nightdrive,93,92,-1,iugr,92,92,0,iugr,92,92,0,brows,49,48,-1,beautyroutine,191,194,3,lacenails,48,48,0,socialsecurity,28,27,-1,stone,37,37,0,bottlechallenge,115,117,2,stone,37,37,0,earlydecision,92,90,-2,britishhumour,71,71,0,weathertok,59,55,-4,horsesoftiktok,73,71,-2,dinner,4,4,0,luxurybouquet,154,155,1,0421,65,69,4,folklorico,56,56,0,adayinmylife,11,9,-2,dunkincoffee,106,108,2,enokimushroom,96,95,-1,maths,31,31,0,lesserafim,25,25,0,,,,,creatineforwomen,89,92,3,wrestlemania,42,44,2,momcozyau,94,98,4,socialsecurity,28,27,-1,wholefoodsmarket,102,102,0,snacktime,104,105,1,atxfoodie,141,143,2,gamingmonitor,125,126,1,кс2,34,37,3,msccruises,79,80,1,hairextensions,11,11,0,estres,83,91,8,estres,83,91,8,worldwar2,33,32,-1,mobilehome,91,89,-2,mobilehome,91,89,-2,kiteflying,148,147,-1,jimrohnquotes,105,106,1,buschgardenswilliamsburg,84,80,-4,pregnancytest,64,67,3,horsecare,19,19,0,witchywoman,122,122,0,словопацана,124,124,0,corridos,18,15,-3,dancetrend,97,94,-3,facialhairremoval,44,46,2,floraltattoo,39,42,3,cockpit,86,82,-4,saltwater,22,21,-1,businesscasual,179,180,1,danza,25,25,0,viralll_video,40,41,1,racoon,117,116,-1,animalstory,178,178,0,productphotographer,120,123,3,desijugaad,80,79,-1,married,7,6,-1,anatomyclass,36,32,-4,relaxingvideos,10,10,0,mentalist,11,10,-1,capcutpioneer,1,1,0,,,,,antoniobrown,108,107,-1,goal,43,41,-2,dyatlovpass,194,193,-1,smartscale,117,118,1,kiteflying,148,147,-1,msccruises,79,80,1,авто,135,134,-1,ffxnarutoshippuden,23,26,3,talkingparrot,67,69,2
shopsmall,184,185,1,apcalc,39,39,0,familyguy,21,19,-2,mapdrawing,156,152,-4,bmwm,100,99,-1,babyhelmet,95,95,0,babyhelmet,95,95,0,lashtutorial,50,49,-1,koreanskincare,8,10,2,gelnailsathome,53,53,0,trader,41,40,-1,acrepair,43,43,0,guesstheanswer,117,119,2,acrepair,43,43,0,businessstudent,137,135,-2,thiagoventura,80,80,0,unsolvedmysteries,60,56,-4,sundayfootball,75,73,-2,baking,5,5,0,crochetkit,176,177,1,二甲夫人媽,66,70,4,curlyty,63,63,0,morninginmylife,12,10,-2,cocktailhour,109,111,2,shakeshackpartner,97,96,-1,calculus,38,38,0,lisa,40,40,0,,,,,gymday,139,142,3,danawhite,43,45,2,imissmymom,107,111,4,trader,41,40,-1,healthyswap,123,123,0,crunchyasmr,106,107,1,antojitosmexicanos,188,190,2,telefono,127,128,1,jumpscare,45,48,3,vacationideas,83,84,1,haircareroutine,12,12,0,kidneydisease,106,114,8,kidneydisease,106,114,8,weirdhistory,37,36,-1,bathroomorganization,102,100,-2,bathroomorganization,102,100,-2,carritos,157,156,-1,motivationformen,124,125,1,gilroygardens,90,86,-4,origami,70,73,3,vacas,20,20,0,limpia,123,123,0,miniseries,125,125,0,concerts,19,16,-3,popculture,98,95,-3,facialhair,45,47,2,customtattoo,45,48,3,cyclingtips,87,83,-4,fisher,25,24,-1,shopsmall,182,183,1,poledancing,37,37,0,سونیا,66,67,1,terrarium,125,124,-1,dogtok,3,2,-1,mirrorlesscamera,135,138,3,glit,82,81,-1,avoidant,8,7,-1,stringtheory,52,48,-4,satisfyingcleaning,11,11,0,simonghostriley,12,11,-1,aitools,2,2,0,,,,,wbb,118,117,-1,hhn,45,43,-2,lizzieborden,10,8,-2,iphone5,118,119,1,carritos,157,156,-1,vacationideas,83,84,1,starkvarg,138,137,-1,streaming,29,32,3,animalsworld,72,74,2
vintagestyle,188,189,1,flashcards,44,44,0,haljordan,33,31,-2,contemporaryart,21,16,-5,owneroperator,147,146,-1,babyandcat,96,96,0,babyandcat,96,96,0,pestañas,61,60,-1,cologne,11,13,2,nailartvideos,68,68,0,nasdaq,42,41,-1,macon,44,44,0,siblingfun,183,185,2,macon,44,44,0,ntusg,161,159,-2,4amigos,81,81,0,investigation,62,58,-4,oregonducks,76,74,-2,cookies,6,6,0,bouquet,1,1,0,liondance2023,78,82,4,legwork,78,78,0,21stbirthday,39,37,-2,iceball,120,122,2,candyhaul,108,107,-1,abogadodeinmigracion,40,40,0,kendalljenner,45,45,0,,,,,rdl,158,161,3,wrestler,46,48,2,misscarriage,109,113,4,nasdaq,42,41,-1,despensa,133,133,0,foodhacks,121,122,1,foodtruck,12,13,1,torras,138,139,1,mine,68,71,3,swissalps,84,85,1,mensgrooming,15,15,0,prostatehealth,121,129,8,prostatehealth,121,129,8,napoleonicwars,41,40,-1,wayfaircreator,163,161,-2,wayfaircreator,163,161,-2,llaveros,189,188,-1,karmicjustice,130,131,1,carowinds,35,30,-5,spendthemorningwithme,71,74,3,hereford,32,32,0,cordcutting,149,149,0,rickgrimes,128,128,0,reggaeton,39,36,-3,risas,179,176,-3,hairremovalspray,48,50,2,septumring,58,61,3,portmiami,128,124,-4,щука,49,48,-1,vintagestyle,186,187,1,folklorico,39,39,0,mocayyinhere,77,78,1,gatogracioso,128,127,-1,cutecat,9,8,-1,sportsphotos,137,140,3,bathroomcleaninghacks,89,88,-1,2027bride,9,8,-1,física,55,51,-4,bouncingball,12,12,0,darknights,13,12,-1,capcutforus,3,3,0,,,,,floridagators,119,118,-1,ohiostate,46,44,-2,aliens,13,11,-2,bloodpressuremonitor,142,143,1,llaveros,189,188,-1,swissalps,84,85,1,oilchange,150,149,-1,кс2,33,36,3,estespark,75,77,2
tiktokshopblackfriday,5,5,0,andymath,47,47,0,sololeveling,43,41,-2,charcoal,48,43,-5,subasta,178,177,-1,tripletmom,112,112,0,tripletmom,112,112,0,glam,71,70,-1,hairinspo,12,14,2,dualsystem,70,70,0,housingmarket,44,43,-1,pipefitter,54,54,0,quizchallenge,8,9,1,pipefitter,54,54,0,masasma,175,173,-2,aculpaedocabral,82,82,0,voteblue,86,82,-4,76ers,83,81,-2,easyrecipes,7,7,0,crafttok,4,4,0,múalan2023,79,83,4,shiftyjp,101,101,0,fallnights,80,78,-2,sparklingwater,121,123,2,mukbangcompilation,112,111,-1,vietnamwar,42,42,0,natalienunn,59,59,0,,,,,gymencasa,173,176,3,undertaker,63,65,2,lovemymom,124,128,4,housingmarket,44,43,-1,moviesnacks,147,147,0,cafecito,122,123,1,burgers,17,18,1,portablepowerstation,150,151,1,120fps,85,88,3,ketchikan,85,86,1,cabello,16,16,0,menswellness,130,138,8,menswellness,130,138,8,womenshistory,48,47,-1,decoracionnavideña,173,171,-2,decoracionnavideña,173,171,-2,cutecollectibles,199,198,-1,pensamientodeldia,145,146,1,disneychristmas,36,31,-5,familiaunida,104,107,3,funnygoat,46,46,0,lovespellsthatwork,187,187,0,madea,150,150,0,cumbia,40,37,-3,police,25,21,-4,colognes,49,51,2,blackink,65,68,3,sram,175,171,-4,mathewsarchery,52,51,-1,matchingoutfits,197,198,1,legwork,55,55,0,otherlevel,95,96,1,memedegatos,133,132,-1,doglovers,11,10,-1,profoto,157,160,3,giadung,94,93,-1,blacklove,10,9,-1,humanbodyfacts,66,62,-4,colormixing,15,15,0,halloweenmask,14,13,-1,hypic,4,4,0,,,,,newenglandpatriots,120,119,-1,fair,49,47,-2,historiasdeterror,24,22,-2,thermalprinter,154,155,1,cutecollectibles,199,198,-1,ketchikan,85,86,1,owneroperator,152,151,-1,mine,66,69,3,raccoonlife,82,84,2
tiktokshopholidayhaul,26,26,0,огэматематика,49,49,0,levi,58,56,-2,artgallery,77,72,-5,gmc,29,27,-2,bamboobabyclothes,135,135,0,bamboobabyclothes,135,135,0,dryskin,74,73,-1,fragrancetok,13,15,2,nailprep,72,72,0,ahorro,49,48,-1,metalart,69,69,0,partygame,10,11,1,metalart,69,69,0,8школа,188,186,-2,floptok😍😍😭😌🤞💅💅,87,87,0,classaction,88,84,-4,beisbol,87,85,-2,chocolate,8,8,0,cricut,15,15,0,台中聚福堂,81,85,4,jive,149,149,0,sundayroutine,95,93,-2,calypsolemonade,188,190,2,proteinbarreview,144,143,-1,historical,48,48,0,saturdaynightlive,81,81,0,,,,,walkingpad,7,9,2,bagwork,65,67,2,contractions,125,129,4,ahorro,49,48,-1,golosinas,163,163,0,sourdoughtok,123,124,1,thingstodoinla,20,21,1,iphone,1,1,0,redditstory,86,89,3,hawaiitravel,103,104,1,hairstyleideas,17,17,0,migraine,46,53,7,migraine,46,53,7,deudas,49,48,-1,kitchenstorage,182,180,-2,kitchenstorage,182,180,-2,squishtok,21,19,-2,diasmalos,189,190,1,hauntedattraction,37,32,-5,stage4cancer,112,115,3,shearing,95,95,0,bruja,36,35,-1,haymitchabernathy,156,156,0,songlyrics,53,50,-3,cfb,27,23,-4,trulybeauty,52,54,2,bayareatattooartist,70,73,3,denverinternationalairport,24,19,-5,bowhunt,92,91,-1,tiktokshopblackfriday,5,5,0,balletclass,61,61,0,kobietazklasa,107,108,1,raccoonsoftiktok,150,149,-1,petloss,14,13,-1,y2kcamera,168,171,3,vesinhnhacua,100,99,-1,datingtips,11,10,-1,petridish,96,92,-4,slimes,17,17,0,fnafcosplay,15,14,-1,hypiccreator,5,5,0,,,,,sanjosesharks,134,133,-1,halloweenhorrornights,56,54,-2,hauntedplaces,29,27,-2,bose,159,160,1,squishtok,21,19,-2,hawaiitravel,103,104,1,subasta,186,185,-1,120fps,82,85,3,beardeddragonsoftiktok,85,87,2
shapewear,28,28,0,mathhacks,54,54,0,dragonballsuper,65,63,-2,acrylicpaint,98,93,-5,caredit,38,36,-2,toddlerbike,144,144,0,toddlerbike,144,144,0,beautyroutine,83,82,-1,kbeauty,16,18,2,nailtutorials,78,78,0,fetchrewards,59,58,-1,treework,70,70,0,cardgames,11,12,1,treework,70,70,0,schoolinterviews,191,189,-2,comedyreels,94,94,0,firstamendmentaudit,123,119,-4,libero,91,89,-2,recipes,9,9,0,rosaseternas,25,25,0,赤崁義仙宮,86,90,4,merenguechallenge,153,153,0,fallmorning,96,94,-2,coffeetiktok,2,3,1,watermukbang,163,162,-1,algebra,49,49,0,btsdisband,84,84,0,,,,,gluteworkout,9,11,2,amberglenn,71,73,2,earlypregnancy,126,130,4,fetchrewards,59,58,-1,tigerfood,191,191,0,caramel,127,128,1,chicagofood,21,22,1,apple,2,2,0,minecraftupdate,97,100,3,cabañas,122,123,1,hairproduct,20,20,0,periodproblems,50,57,7,periodproblems,50,57,7,narcisismo,54,53,-1,interiordesign,6,3,-3,interiordesign,6,3,-3,squishytoys,22,20,-2,lifeadvice,1,1,0,disneyworldtips,40,35,-5,journalwithme,113,116,3,equinecare,108,108,0,spiritualtok,38,37,-1,adifferentworld,6,5,-1,yart,105,102,-3,adifferentworld,42,38,-4,fallscents,56,58,2,losangelestattooartist,83,86,3,pilots,44,39,-5,castnet,93,92,-1,tiktokshopholidayhaul,25,25,0,alameda,91,91,0,liveentertainer,116,117,1,canecorso,15,13,-2,doghealth,24,23,-1,fotosdecumpleaños,187,190,3,实用小技巧,101,100,-1,ilovemyboyfriend,12,11,-1,физиология,97,93,-4,tabasquishy,23,23,0,cosplaytiktok,26,25,-1,godpic,6,6,0,,,,,jacksonvillejaguars,137,136,-1,ncaa,58,56,-2,scaryfacts,34,32,-2,capcutpioneer,1,1,0,squishytoys,22,20,-2,cabañas,122,123,1,gmc,31,29,-2,redditstory,83,86,3,beardiesoftiktok,116,118,2
bra,34,34,0,nclexreview,65,65,0,dcu,68,66,-2,chalkartist,102,97,-5,carhacks,51,49,-2,madisson,149,149,0,madisson,149,149,0,acnejourney,95,94,-1,pressonnails,20,22,2,ohora,86,86,0,xrparmy,73,72,-1,blacksmith,71,71,0,familygame,12,13,1,blacksmith,71,71,0,classof2004,35,32,-3,amberautrycomedy,97,97,0,911dispatcher,129,125,-4,mlsnext,95,93,-2,lonche,10,10,0,hobonichi,30,30,0,宏茂桥美食,104,108,4,poledancemotivation,189,189,0,prisonstory,100,98,-2,coffeeathome,11,12,1,candytok,10,8,-2,arthistory,51,51,0,gameshow,87,87,0,,,,,posturecorrection,10,12,2,мма,74,76,2,birthplan,156,160,4,xrparmy,73,72,-1,aldi,8,7,-1,cupcake,135,136,1,foodreviews,23,24,1,tech,3,3,0,skibiditoilet,127,130,3,travelideas,169,170,1,bangs,23,23,0,vaginalhealth,52,59,7,vaginalhealth,52,59,7,henryviii,57,56,-1,bathroomdecor,38,35,-3,bathroomdecor,38,35,-3,3dprinted,23,21,-2,selfawareness,2,2,0,indoorwaterpark,46,41,-5,parto,116,119,3,cabras,167,167,0,tarotenespañol,44,43,-1,youngsheldonedit,7,6,-1,длярепостов,124,121,-3,filmclips,79,75,-4,desodorante,63,65,2,tattoodesigns,92,95,3,barco,53,48,-5,bushcrafting,127,126,-1,shapewear,27,27,0,dancecomp,93,93,0,krispreset⚡,122,123,1,adoption,26,24,-2,dogparents,38,37,-1,fallphotoshoot,7,9,2,mutfakfikirleri,124,123,-1,weddinginspo,13,12,-1,микроскоп,103,99,-4,putty,24,24,0,propmaking,30,29,-1,techtips,7,7,0,,,,,broncoscountry,154,153,-1,futbolmexicano,61,59,-2,theconjuringhouse,37,35,-2,iphone,2,2,0,3dprinted,23,21,-2,travelideas,169,170,1,caredit,40,38,-2,minecraftupdate,94,97,3,pantherchameleon,125,127,2
tjmaxx,53,53,0,trigonometry,66,66,0,pokemonanime,79,77,-2,artforsale,106,101,-5,caraudio,52,50,-2,12months,166,166,0,12months,166,166,0,everydaymakeup,97,96,-1,hairloss,22,24,2,fallnailart,89,89,0,salestraining,82,81,-1,woodart,85,85,0,gamenightfun,24,25,1,woodart,85,85,0,graduateschool,43,40,-3,comediafamiliar,135,135,0,boise,136,132,-4,bball,125,123,-2,mexicanfood,11,11,0,diygift,35,35,0,府城坤心轎班會,107,111,4,dancestolearn,6,5,-1,25thbirthday,120,118,-2,latte,14,15,1,daveshotchicken,14,12,-2,holocaust,61,61,0,danielaavanzini,106,106,0,,,,,bench,19,21,2,mixedmartialarts,78,80,2,alzheimer,23,26,3,salestraining,82,81,-1,snacktok,13,12,-1,asianfood,137,138,1,disneyfood,25,26,1,iphone18promax,4,4,0,eafc,129,132,3,anakkrakatau,1,1,0,menshair,32,32,0,hypermobility,54,61,7,hypermobility,54,61,7,egyptianhistory,60,59,-1,sundayreset,39,36,-3,sundayreset,39,36,-3,dolls,27,25,-2,successmindset,3,3,0,disneylandhalloween,49,44,-5,schwanger,140,143,3,animalwelfare,13,12,-1,kendama,64,63,-1,altrend,8,7,-1,flute,150,147,-3,rnb,103,99,-4,beardgrowth,73,75,2,jagua,106,109,3,cockpitview✈️,73,68,-5,ourdoor,152,151,-1,tjmaxx,51,51,0,newdancechallenge,24,23,-1,phanhlee,127,128,1,animales,27,25,-2,puppytraining,55,54,-1,photographersoftiktok,8,10,2,pulizietiktok,133,132,-1,avoidantattachment,16,15,-1,amazingscience,107,103,-4,earwax,25,25,0,cosplaymakeup,31,30,-1,videoediting,11,11,0,,,,,geauxtigers,177,176,-1,bodybuilder,108,106,-2,fantasma,42,40,-2,apple,3,3,0,dolls,27,25,-2,anakkrakatau,1,1,0,carhacks,53,51,-2,skibiditoilet,123,126,3,wildnature,127,129,2
engagementring,58,58,0,probability,87,87,0,regularshow,119,117,-2,pendrawing,143,138,-5,cadillac,53,51,-2,babygirls,170,170,0,babygirls,170,170,0,affordableskincare,118,117,-1,fallnails,25,27,2,onail,162,162,0,immunesupport,85,84,-1,masonry,104,104,0,indoorgames,29,30,1,masonry,104,104,0,rowanuniversity,49,46,-3,makemelaugh,148,148,0,incident,164,160,-4,iowahawkeyes,128,126,-2,homecooking,14,14,0,velasartesanales,45,45,0,蘇府王爺,108,112,4,usacontent,13,12,-1,fallbookrecs,150,148,-2,monsterenergy,16,17,1,crawfish,17,15,-2,successquotes,67,67,0,olandria,112,112,0,,,,,pushup,20,22,2,bige,95,97,2,nonverbal,24,27,3,immunesupport,85,84,-1,candytok,16,15,-1,thingstodoinla,140,141,1,fairfood,29,30,1,iphone18,5,5,0,kratos,145,148,3,eiffeltower,4,4,0,slickback,34,34,0,massagetherapist,58,65,7,massagetherapist,58,65,7,herencia,66,65,-1,househunting,42,39,-3,househunting,42,39,-3,fidgettoy,32,30,-2,dailymotivation,4,4,0,hhnhollywood,64,59,-5,fatherofthebride,176,179,3,ganaderia,15,14,-1,spellwork,65,64,-1,filmtok,9,8,-1,guitarra,156,153,-3,witch,108,104,-4,naturaldeodorant,77,79,2,tattoideas,152,155,3,arcticcat,114,109,-5,crabfishing,177,176,-1,engagementring,56,56,0,bailesorpresa,32,31,-1,tiktoktrendsrussia,184,185,1,vetmed,28,26,-2,catmemes,70,69,-1,gimbal,17,19,2,dapurbersih,144,143,-1,weddingtiktok,17,16,-1,lightpollution,132,128,-4,chalk,26,26,0,genshinimpactcosplay,41,40,-1,androidtips,15,15,0,,,,,losangelesrams,192,191,-1,76ers,120,118,-2,darkweb,45,43,-2,tech,4,4,0,fidgettoy,32,30,-2,eiffeltower,4,4,0,caraudio,54,52,-2,eafc,125,128,3,owls,136,138,2
weddingguestdress,61,61,0,gedmath,94,94,0,dcuniverse,133,131,-2,diypainting,64,58,-6,gmcsierra,57,55,-2,newbornparents,188,188,0,newbornparents,188,188,0,skincaretiktok,131,130,-1,wigtok,36,38,2,houstonnailtech,25,24,-1,financetok,86,85,-1,warehouselife,130,130,0,braintest,41,42,1,warehouselife,130,130,0,uchicago,77,74,-3,funnypodcast,151,151,0,bbcnews,16,11,-5,ramos,150,148,-2,chef,18,18,0,chunkyyarn,64,64,0,楠梓五龍殿轎班,121,125,4,dentontx,25,24,-1,cozynightroutine,157,155,-2,vodka,34,35,1,dininghall,22,20,-2,collegeessay,76,76,0,impracticaljokersclips,113,113,0,,,,,тренировка,29,31,2,seanomalley,101,103,2,grieftok,26,29,3,financetok,86,85,-1,costcohaul,17,16,-1,caprisun,145,146,1,nycrestaurants,33,34,1,techtok,6,6,0,стандофф2,155,158,3,viajes,5,5,0,peinados,35,35,0,menstrualcycle,75,82,7,menstrualcycle,75,82,7,genghiskhan,82,81,-1,livingroomdecor,47,44,-3,livingroomdecor,47,44,-3,minibrands,37,35,-2,personaldevelopment,5,5,0,scaryfarm,65,60,-5,easycrafts,182,185,3,geese,25,24,-1,proteccion,67,66,-1,filmclips,13,12,-1,torylanez,165,162,-3,frenchvibes,137,133,-4,bakingsodatoothpaste,79,81,2,septum,6,8,2,48v,127,122,-5,seekone,193,192,-1,weddingguestdress,59,59,0,kpoprandomdance,34,33,-1,halloweenvibe,1,1,0,horsesoftiktok,29,27,-2,котик,71,70,-1,camerasettings,18,20,2,살림노하우,178,177,-1,healthyrelationships,18,17,-1,quantumentanglement,140,136,-4,hairbrushing,27,27,0,overwatchcosplay,74,73,-1,aitips,16,16,0,,,,,chicagobears,14,12,-2,futebol,121,119,-2,lallorona,57,55,-2,iphone18promax,5,5,0,minibrands,37,35,-2,viajes,5,5,0,cadillac,55,53,-2,kratos,141,144,3,birdsoftiktok,5,6,1
sweater,62,62,0,егэподготовка,97,97,0,projectmoon,180,178,-2,cuadrospersonalizados,90,84,-6,стант,66,64,-2,bebes,12,11,-1,bebes,12,11,-1,onesizebeauty,142,141,-1,adventcalendar,38,40,2,squarenails,28,27,-1,onlinemoney,98,97,-1,bending,153,153,0,quiz,1,1,0,bending,153,153,0,collegeapplicationszn,83,80,-3,hablandohuevadas,152,152,0,dashcam,18,13,-5,deportes,153,151,-2,familydinner,29,29,0,handmadechristmas,65,65,0,0929,5,8,3,dancestolearn2people,34,33,-1,fallday,176,174,-2,dutchbroscoffee,36,37,1,whatiate,31,29,-2,universityofdelaware,81,81,0,dubfamily,132,132,0,,,,,weightlosstransformation,31,33,2,topuria,114,116,2,caregiving,32,35,3,onlinemoney,98,97,-1,mealplanning,21,20,-1,proteinbar,168,169,1,chilispartner,36,37,1,iphone18pro,7,7,0,theburntpeanut,162,165,3,gunung,6,6,0,smoothhair,40,40,0,waterflosser,77,84,7,waterflosser,77,84,7,frenchrevolution,88,87,-1,kitchenorganization,48,45,-3,kitchenorganization,48,45,-3,legobatman,39,37,-2,highiq,14,14,0,dreamworkswaterpark,105,100,-5,momcozyau,193,196,3,calves,26,25,-1,fullmoonritual,72,71,-1,movieedit,15,14,-1,heytheredelilah,170,167,-3,dancingwiththestars,41,36,-5,cyklar,81,83,2,tatto,16,18,2,electricunicycle,149,144,-5,survivalskills,19,17,-2,sweater,60,60,0,andjuliet,35,34,-1,rositafresitavibes,2,2,0,собака,37,35,-2,memedegatos,91,90,-1,posesforpictures,28,30,2,pencucitandas,199,198,-1,shesaidyes,39,38,-1,fluidos,160,156,-4,cornstarchasmr,34,34,0,makimacosplay,105,104,-1,anthropic,17,17,0,,,,,joshallen,29,27,-2,beisbol,124,122,-2,spookystories,68,66,-2,iphone18,6,6,0,legobatman,39,37,-2,gunung,6,6,0,gmcsierra,59,57,-2,стандофф2,151,154,3,animalfacts,7,8,1
giftforhim,64,64,0,matemáticas,110,110,0,squidward,184,182,-2,texturedart,113,107,-6,bikers,71,69,-2,babycare,26,25,-1,babycare,26,25,-1,naturallashes,153,152,-1,wiginfluencer,47,49,2,nailtips,34,33,-1,financialadvice,130,129,-1,roadconstruction,163,163,0,gamenight,2,2,0,roadconstruction,163,163,0,uwseattle,90,87,-3,mattrifecomedy,163,163,0,accountability,22,17,-5,shaigilgeousalexander,157,155,-2,macandcheese,30,30,0,christmaswrapping,66,66,0,0930,8,11,3,414milwaukee,46,45,-1,sobertok,18,15,-3,fallcoffee,45,46,1,seafoodmukbang,38,36,-2,weirdhistory,116,116,0,jenniferlawrence,157,157,0,,,,,upperbodyworkout,35,37,2,brazilianjiujitsu,124,126,2,infantloss,57,60,3,financialadvice,130,129,-1,platters,23,22,-1,vietnamesefood,182,183,1,wagyu,37,38,1,headphones,8,8,0,quiz,23,25,2,cruisetok,7,7,0,type4hair,51,51,0,collagenpeptides,86,93,7,collagenpeptides,86,93,7,50statessong,105,104,-1,remodel,56,53,-3,remodel,56,53,-3,disneypins,41,39,-2,dailyinspiration,15,15,0,peterpansflight,153,148,-5,spendthedaywithme,11,13,2,piglet,36,35,-1,estadosunidos🇺🇲,85,84,-1,hungergames,36,35,-1,situationship,21,17,-4,fantasyfootball,47,42,-5,phlur,88,90,2,handtattoo,25,27,2,railfans,157,152,-5,trout,20,18,-2,giftforhim,62,62,0,contemporarydance,43,42,-1,facezoomchallenge,3,3,0,aicat,43,41,-2,bunnytok,103,102,-1,фотография,32,34,2,limpiezadelhogar,5,3,-2,billybishopairport,40,39,-1,physicsclass,168,164,-4,extraction,42,42,0,clowncostume,106,105,-1,aiagents,18,18,0,,,,,denverbroncos,89,87,-2,combatsports,125,123,-2,mysterystory,70,68,-2,techtok,7,7,0,disneypins,41,39,-2,cruisetok,7,7,0,стант,68,66,-2,theburntpeanut,158,161,3,racoon,26,27,1
matching,93,93,0,studytechniques,118,118,0,southparkclips,193,191,-2,lineart,41,34,-7,carmods,72,70,-2,crawling,57,56,-1,crawling,57,56,-1,diylashesathome,155,154,-1,makeuproutine,64,66,2,nailkit,44,43,-1,businessowners,152,151,-1,welding,2,1,-1,guessinggame,3,3,0,welding,2,1,-1,montessorieducation,168,165,-3,tay600,176,176,0,cop,28,23,-5,tiktokfootballacademy,162,160,-2,recipesoftiktok,31,31,0,craftsforkids,67,67,0,yinggedance,11,14,3,kpoprandomdance,50,49,-1,unwindwithme,24,21,-3,loadedtea,48,49,1,fruitdessert,43,41,-2,digitalsat,118,118,0,television,171,171,0,,,,,workoutplan,45,47,2,nascarcupseries,147,149,2,novemberbaby,63,66,3,businessowners,152,151,-1,cashew,32,31,-1,cooking,1,1,0,chicagosuburbs,40,41,1,technology,9,9,0,zombie,49,51,2,eiffel,8,8,0,jetblack,52,52,0,endometriosisawareness,88,95,7,endometriosisawareness,88,95,7,segundaguerramundial,114,113,-1,closetorganization,57,54,-3,closetorganization,57,54,-3,screenfreeplay,48,46,-2,marpe,17,17,0,legolandflorida,168,163,-5,bouquet,13,15,2,horsefeed,39,38,-1,tarotdeck,86,85,-1,abbottelementary,47,46,-1,tour,22,18,-4,standupcomedy,63,58,-5,sugaring,103,105,2,colortattoo,27,29,2,c130,178,173,-5,catchandcook,24,22,-2,matching,91,91,0,solodance,46,45,-1,mirrorshot,15,15,0,panda,44,42,-2,rescateanimal,122,121,-1,photoboothrental,38,40,2,diycleaning,10,8,-2,hockeyromance,41,40,-1,microcosmos,172,168,-4,slimemart,43,43,0,suacosplay,110,109,-1,aicontentcreation,19,19,0,,,,,odellbeckhamjr,94,92,-2,baseballboys,148,146,-2,horrorpodcast,80,78,-2,iphone18pro,8,8,0,screenfreeplay,48,46,-2,eiffel,8,8,0,bikers,73,71,-2,jumpscare,44,46,2,قرود,29,30,1
sweatshirt,100,100,0,alevelfurthermaths,123,123,0,attackontitanedit,200,198,-2,paintandsip,47,40,-7,ultrabee,76,74,-2,babybottle,65,64,-1,babybottle,65,64,-1,complimentary,195,194,-1,silkpress,70,72,2,manicurarusa,51,50,-1,performancemarketing,166,165,-1,construccion,8,7,-1,familygamenight,4,4,0,construccion,8,7,-1,tesl,169,166,-3,skittok,182,182,0,erupsigunung,30,25,-5,caballosbailadores,164,162,-2,easymeals,32,32,0,yarnaddict,98,98,0,0922,13,16,3,contemporarydance,61,60,-1,nycweather,30,27,-3,icedcoffeeathome,50,51,1,gummycandy,44,42,-2,marpe,125,125,0,zaynmalik,186,186,0,,,,,gripstrength,56,58,2,lando,167,169,2,familymemories,90,93,3,performancemarketing,166,165,-1,customcake,38,37,-1,coffee,2,2,0,twincities,41,42,1,robot,10,10,0,mobilegaming,54,56,2,sinabung,9,9,0,hairtools,54,54,0,naturalwellness,119,126,7,naturalwellness,119,126,7,ohiohistory,123,122,-1,mattresstopper,61,58,-3,mattresstopper,61,58,-3,halloweengift,59,57,-2,motivasi,27,27,0,wrathofrakshasa,189,184,-5,sobriety,14,16,2,livestockshow,42,41,-1,sagittariusenergy,89,88,-1,horrormovie,49,48,-1,sing,36,32,-4,humortiktok,83,78,-5,afnan,111,113,2,татуировка,28,30,2,publictransit,30,24,-6,elkhunting,27,25,-2,sweatshirt,98,98,0,westcoastswing,60,59,-1,等待有緣的你,32,32,0,lizard,46,44,-2,pugpuppy,125,124,-1,beginnerphotographer,48,50,2,homecleaninghacks,11,9,-2,insecureattachment,43,42,-1,cienciatok,173,169,-4,slowrisesquishy,44,44,0,couplecosplay,120,119,-1,androidtricks,21,21,0,,,,,brockpurdy,133,131,-2,selfdefense,167,165,-2,relatosdeterror,81,79,-2,headphones,9,9,0,halloweengift,59,57,-2,sinabung,9,9,0,carmods,74,72,-2,zombie,47,49,2,raccoonsoftiktok,32,33,1
liveauction,112,112,0,kindergartenmath,149,149,0,cartman,52,49,-3,popart,53,46,-7,usedcars,82,80,-2,tinybaby,77,76,-1,tinybaby,77,76,-1,lipcombo,12,10,-2,bangs,76,78,2,naillook,67,66,-1,ahorros,167,166,-1,woodworker,22,21,-1,puzzlechallenge,17,17,0,woodworker,22,21,-1,ouac,187,184,-3,risa,14,13,-1,lawenforcement,46,41,-5,georgiafootball,166,164,-2,delicious,34,34,0,cricutmaker,143,143,0,0921,17,20,3,wepa,62,61,-1,nycvlog,34,31,-3,minutemaid,73,74,1,spicysnacks,45,43,-2,профмат,132,132,0,dwts,4,3,-1,,,,,musclebuilding,60,62,2,mainevent,176,178,2,parentinghack,91,94,3,ahorros,167,166,-1,aldihaul,39,38,-1,easyrecipe,3,3,0,chickentenders,49,50,1,earbuds,11,11,0,residenteviledit,67,69,2,travelbucketlist,10,10,0,halfuphalfdown,55,55,0,hidradenitissuppurativa,129,136,7,hidradenitissuppurativa,129,136,7,mapas,137,136,-1,mellowsleep,65,62,-3,mellowsleep,65,62,-3,tcgcollector,61,59,-2,exitopersonal,30,30,0,frightfestsixflags,51,45,-6,diycrafts,16,18,2,highlandcows,52,51,-1,hecate,97,96,-1,vikings,55,54,-1,80smusic,38,34,-4,narutoshippuden,85,80,-5,spraytanartist,156,158,2,pierced,38,40,2,engineeringmarvel,93,87,-6,huntinglife,41,39,-2,liveauction,110,110,0,sonidero,67,66,-1,追蹤你的臉,59,59,0,viralgatos,76,74,-2,guineapigs,127,126,-1,georgiaphotographer,52,54,2,cleaningtool,18,16,-2,holdinghands,51,50,-1,exploraciónespacial,175,171,-4,cornstarchchunks,50,50,0,leonkennedycosplay,140,139,-1,phonetips,33,33,0,,,,,shaigilgeousalexander,153,151,-2,ballknowledge,182,180,-2,crimenesreales,86,84,-2,aitools,10,10,0,tcgcollector,61,59,-2,travelbucketlist,10,10,0,ultrabee,78,76,-2,mobilegaming,52,54,2,tarantula,39,40,1
workwear,118,118,0,studyingtips,20,19,-1,gravityfalls,55,52,-3,christianart,61,54,-7,cargirl,84,82,-2,sleepregression,85,84,-1,sleepregression,85,84,-1,makeupartist,14,12,-2,naturalhairstyles,119,121,2,thicknails,83,82,-1,xrpholders,170,169,-1,sparky,35,34,-1,drinkinggames,19,19,0,sparky,35,34,-1,cuny,33,29,-4,risas,16,15,-1,fafo,47,42,-5,espn,41,38,-3,salmon,42,42,0,jabonesnaturales,144,144,0,tariansinga,23,26,3,balletclass,84,83,-1,usedbooks,65,62,-3,newflavor,79,80,1,collegefood,47,45,-2,narcisismo,170,170,0,vmas,5,4,-1,,,,,ejerciciosencasa,62,64,2,stonecoldsteveaustin,198,200,2,toxicmom,92,95,3,xrpholders,170,169,-1,alditiktok,40,39,-1,foodreview,4,4,0,halalfood,50,51,1,phoneaccessories,12,12,0,pro,91,93,2,honeymoon,11,11,0,atlantahairstylist,60,60,0,malaliento,132,139,7,malaliento,132,139,7,muslimhistory,178,177,-1,realestateagent,71,68,-3,realestateagent,71,68,-3,timetome,62,60,-2,vindieselmotivation,31,31,0,washingtonstatefair,61,55,-6,momanddad,22,24,2,showsheep,61,60,-1,prosperidad,98,97,-1,thehungergames,56,55,-1,concierto,42,38,-4,invincible,89,84,-5,fraganciasmasculinas,175,177,2,piercingjewelry,41,43,2,tractorlife,108,102,-6,pescadores,51,49,-2,workwear,116,116,0,parapara,69,68,-1,等待有缘的你,68,68,0,pethairremoval,140,138,-2,schnauzer,128,127,-1,posingideas,69,71,2,easyhacks,27,25,-2,weddingvows,67,66,-1,energiainfinita,181,177,-4,softspoken,54,54,0,farmoffears,148,147,-1,ainews,34,34,0,,,,,clemson,161,159,-2,neymar,22,19,-3,vidaenusa🇺🇸,89,87,-2,technology,11,11,0,timetome,62,60,-2,honeymoon,11,11,0,usedcars,85,83,-2,residenteviledit,65,67,2,birding,43,44,1
dior,119,119,0,actprep,37,36,-1,anitok,67,64,-3,finenolo,99,92,-7,lowrider,86,84,-2,niñosdetiktok,108,107,-1,niñosdetiktok,108,107,-1,mascara,20,18,-2,makeuplook,155,157,2,nailsoftiktok💅,140,139,-1,realestatetok,179,178,-1,weld,48,47,-1,couplegames,23,23,0,weld,48,47,-1,collegecampus,40,36,-4,смех,23,22,-1,1stamendment,54,49,-5,ballislife,54,51,-3,homemadefood,44,44,0,autumncrafts,178,178,0,liondancechina,46,49,3,stepteam,87,86,-1,routines,67,64,-3,creamer,141,142,1,sffoodie,51,49,-2,classof2004,182,182,0,indosiarbawadangdutberkelasberkualitas,7,6,-1,,,,,fitnessgirl,63,65,2,wrestlingtiktok,12,13,1,milksupply,97,100,3,realestatetok,179,178,-1,candysalad,46,45,-1,dinnerideas,5,5,0,dallasfood,52,53,1,ios,18,18,0,forhonor,175,177,2,cruiselife,12,12,0,sewin,66,66,0,ferritin,141,148,7,ferritin,141,148,7,maritimehistory,180,179,-1,bedframe,77,74,-3,bedframe,77,74,-3,toddlertoy,76,74,-2,pensamientocritico,63,63,0,halloweenhorrornightshollywood,85,79,-6,morninginmylife,35,37,2,goatlife,66,65,-1,airsigns,99,98,-1,фильм,64,63,-1,unreleased,56,52,-4,brunomars,112,107,-5,perfumehombre,183,185,2,septumpiercing,42,44,2,absolute,112,106,-6,trinityriver,81,79,-2,dior,117,117,0,radiocity,104,103,-1,official_zarah5,91,91,0,lostdog,174,172,-2,meowmeow,168,167,-1,camaradigital,75,77,2,meovatcuocsong,47,45,-2,forcedproximity,73,72,-1,exoplanetas,183,179,-4,satisfactorio,57,57,0,familycostumes,152,151,-1,aiassistant,46,46,0,,,,,bronny,194,192,-2,softball,24,21,-3,scareologist,94,92,-2,capcutforus,12,12,0,toddlertoy,76,74,-2,cruiselife,12,12,0,cargirl,87,85,-2,pro,88,90,2,armadillo,45,46,1
outdoorgear,120,120,0,asvabprep,38,37,-1,lmk,136,133,-3,portraitpainting,107,100,-7,enduro,109,107,-2,amordemama,110,109,-1,amordemama,110,109,-1,makeuptok,22,20,-2,blackgirlmakeup,156,158,2,rgvnailtech,155,154,-1,taxrefund,187,186,-1,surgicaltech,81,80,-1,guesstheperson,26,26,0,surgicaltech,81,80,-1,universityofwashington,48,44,-4,improv,24,23,-1,bodycamfootage,78,73,-5,fantasyfootballadvice,70,67,-3,soulfood,46,46,0,ramoseternos,190,190,0,鹿耳門天后宮,53,56,3,majorettechallenge,174,173,-1,dimlvlog,93,90,-3,coffee,1,1,0,funnyfoodreview,58,56,-2,mensmindset,184,184,0,dancingwiththestars,8,7,-1,,,,,classpass,65,67,2,rollerskating,13,14,1,pumpandpourwithme,128,131,3,taxrefund,187,186,-1,chocolatecoveredstrawberries,47,46,-1,dinner,6,6,0,durhamnc,53,54,1,3dprinter,38,38,0,overwatch,9,10,1,viajandoporelmundo,13,13,0,humanhairwig,72,72,0,врач,183,190,7,врач,183,190,7,ancientegypt,13,11,-2,rentalhome,90,87,-3,rentalhome,90,87,-3,pokemongiveaway,130,128,-2,fearoffailure,83,83,0,disneyvacationplanner,110,104,-6,diysquishy,48,50,2,chickenkeeping,68,67,-1,libragang,100,99,-1,horrormovies,73,72,-1,dedicar,71,67,-4,patriots,115,110,-5,smoothskin,25,26,1,piercingstudio,43,45,2,bikerepair,71,64,-7,magnetfishing,84,82,-2,outdoorgear,118,118,0,パラパラ,108,107,-1,todayl,97,97,0,pugpuppy,179,177,-2,bengal,172,171,-1,fujifilmrecipe,122,124,2,mopandbucket,50,48,-2,datinginyour20s,78,77,-1,itsaglobe,188,184,-4,sugarsquishy,58,58,0,csmcosplay,160,159,-1,malware,49,49,0,,,,,detroittigers,198,196,-2,universalstudios,25,22,-3,ghosthuntingequipment,96,94,-2,robot,13,13,0,pokemongiveaway,130,128,-2,viajandoporelmundo,13,13,0,lowrider,89,87,-2,forhonor,171,173,2,monkeyface,47,48,1
bagcharm,128,128,0,phonicsforkids,46,45,-1,kidscartoon,137,134,-3,handwritingpractice,117,110,-7,carspotting,110,108,-2,toddlerlearningactivities,120,119,-1,toddlerlearningactivities,120,119,-1,skintok,23,21,-2,mullet,160,162,2,dmvnails,191,190,-1,financialaudit,13,11,-2,constructiontok,83,82,-1,icebucketchallenge,31,31,0,constructiontok,83,82,-1,tmu,52,48,-4,pranks,28,27,-1,senate,83,78,-5,footballtok,107,104,-3,whatsfordinner,48,48,0,piñatascreativas,193,193,0,0128,57,60,3,ballroomdance,24,22,-2,6amclub,133,130,-3,drinks,4,4,0,foodcombinations,71,69,-2,apcalc,189,189,0,n3on,12,11,-1,,,,,homeworkouts,67,69,2,jiujitsu,16,17,1,dysfunctionalfamily,131,134,3,financialaudit,13,11,-2,foodfinds,55,54,-1,baking,7,7,0,dfwfoodie,54,55,1,coolgadgets,48,48,0,fncs,13,14,1,iceland,14,14,0,microlocs,120,120,0,tonsilstones,36,42,6,tonsilstones,36,42,6,ancient,15,13,-2,arch,111,108,-3,arch,111,108,-3,squishylovers,159,157,-2,quotepage,89,89,0,universalstudiosjapan,118,112,-6,cricut,61,63,2,ganadero,75,74,-1,leydeatraccion,101,100,-1,onetreehill,113,112,-1,zaralarsson,77,73,-4,engaged,165,160,-5,glutathione,30,31,1,helixpiercing,44,46,2,trike,82,75,-7,inshorefishing,98,96,-2,bagcharm,126,126,0,bailaconmigo,142,141,-1,雌雄眼,102,102,0,possum,181,179,-2,flamepointsiamese,188,187,-1,raleighphotographer,131,133,2,smartappliances,51,49,-2,datingstory,96,95,-1,neildegrassetyson,40,35,-5,asmrrealperson,92,92,0,fryboy,6,4,-2,tiktoktipsandtricks,51,51,0,,,,,eagles,13,10,-3,lebronjames,26,23,-3,horrotok,110,108,-2,phoneaccessories,16,16,0,squishylovers,159,157,-2,iceland,14,14,0,enduro,113,111,-2,overwatch,9,10,1,squirrels,48,49,1
socks,139,139,0,precalc,58,57,-1,dbs,139,136,-3,artistsoninstagram,149,142,-7,carculture,111,109,-2,toddlercup,125,124,-1,toddlercup,125,124,-1,clusterlashes,24,22,-2,cateyenails,190,192,2,hardgel,46,44,-2,entrepreneurship,20,18,-2,drywallrepair,95,94,-1,viralgame,44,44,0,drywallrepair,95,94,-1,valedictorian,62,58,-4,crowdwork,29,28,-1,tormenta,102,97,-5,baller,131,128,-3,homebaker,53,53,0,halloweendiy,3,2,-1,lsrvietnam🐉🐲,68,71,3,f5ve,33,31,-2,spendadaywithme,148,145,-3,drink,5,5,0,candyfruit,106,104,-2,matematik,194,194,0,sayyestothedress,13,12,-1,,,,,workouttok,69,71,2,raulrosasjr,17,18,1,fetaldoppler,140,143,3,entrepreneurship,20,18,-2,mealdeal,82,81,-1,tacobell,8,8,0,birriatacos,55,56,1,bambulab,52,52,0,leonkennedy,20,21,1,yosemitenationalpark,15,15,0,wichitakansas,139,139,0,healthyteeth,37,43,6,healthyteeth,37,43,6,historytiktok,20,18,-2,steamcleaning,121,118,-3,steamcleaning,121,118,-3,sugarsquishy,172,170,-2,studylife,90,90,0,jacksonnj,120,114,-6,3rdtrimester,66,68,2,hooves,77,76,-1,fal,105,104,-1,adamsandler,122,121,-1,banda,78,74,-4,witchcraft,168,163,-5,fragrancecollection,59,60,1,flashtattoo,48,50,2,raffairford,91,84,-7,сом,100,98,-2,socks,137,137,0,salsacaleña,162,161,-1,marcogloria🇵🇭🌷,120,120,0,snail,195,193,-2,canecorso,13,11,-2,randompictures,134,136,2,居家好物,62,60,-2,drjohndelony,116,115,-1,periodictable,45,40,-5,waxpeeling,104,104,0,cardistry,17,15,-2,canvahack,107,107,0,,,,,espn,50,47,-3,fnl,27,24,-3,paranormales,119,117,-2,hypiccreator,17,17,0,sugarsquishy,172,170,-2,yosemitenationalpark,15,15,0,carspotting,114,112,-2,fncs,13,14,1,wildlifefacts,53,54,1
giftideasforher,143,143,0,tutoring,71,70,-1,kyle,153,150,-3,figurepainting,165,158,-7,carbuying,120,118,-2,toddlercostume,138,137,-1,toddlercostume,138,137,-1,olaypartner,54,52,-2,nailinspo,3,4,1,nailsupply,49,47,-2,negocios,21,19,-2,toolstorage,114,113,-1,funchallenge,47,47,0,toolstorage,114,113,-1,fordhamuniversity,65,61,-4,darkhumor,30,29,-1,protectourchildren,116,111,-5,uefachampionsleague,139,136,-3,sweettreats,55,55,0,homecomingmums,28,27,-1,女狮人,77,80,3,nolabounce,37,35,-2,beatcancer,174,171,-3,coffeetok,6,6,0,mukbangcommunity,133,131,-2,leyes,197,197,0,girlhefunny1x,18,17,-1,,,,,creatinemonohydrate,73,75,2,fighter,18,19,1,findingoutimpregnant,147,150,3,negocios,21,19,-2,weeklymenu,95,94,-1,cookies,9,9,0,thebige,69,70,1,outdoorlights,59,59,0,subway,27,28,1,usatravel,30,30,0,volume,150,150,0,neckpainrelief,39,45,6,neckpainrelief,39,45,6,historical,21,19,-2,heatedblanket,146,143,-3,heatedblanket,146,143,-3,asmrtoys,175,173,-2,jimrohnmotivation,94,94,0,firstperspective,122,116,-6,babyregistrymusthaves,95,97,2,alpacasoftiktok,98,97,-1,contortion,109,108,-1,spencerreidedit,130,129,-1,beatbox,88,84,-4,hurricane,37,31,-6,affordableperfume,72,73,1,dermalpiercing,49,51,2,v20,96,89,-7,snakehead,105,103,-2,giftideasforher,141,141,0,dancetreend,177,176,-1,mentalhealthconsultant,125,125,0,rabbit,21,18,-3,adoption,21,19,-2,fujifilmxe5,173,175,2,repelentecasero,85,83,-2,breakuptok,127,126,-1,astronautas,62,57,-5,asmrvibes,146,146,0,disfrazhalloween,19,17,-2,facebooktips,114,114,0,,,,,ajawilson,52,49,-3,nascar,35,32,-3,hauntedforest,122,120,-2,godpic,18,18,0,asmrtoys,175,173,-2,usatravel,30,30,0,carculture,115,113,-2,leonkennedy,20,21,1,capybaratiktok,81,82,1
shoplocal,149,149,0,teasexam,75,74,-1,jojo,30,26,-4,wheelthrowing,65,57,-8,dragracing,137,135,-2,amordemamá,152,151,-1,amordemamá,152,151,-1,nighttimeroutine,60,58,-2,nailart,5,6,1,athomemanicure,58,56,-2,makemoneyonline,24,22,-2,soldadura,127,126,-1,christmasgames,52,52,0,soldadura,127,126,-1,chemicalengineering,66,62,-4,jumpscare,31,30,-1,venezolanosenusa,133,128,-5,ohiostatefootball,146,143,-3,cheeseburger,64,64,0,homecomingmum,54,53,-1,左營心轎班情,83,86,3,dctiktok,48,46,-2,5amclub,26,22,-4,nationalcoffeeday,7,7,0,squashies,199,197,-2,ciencia,21,20,-1,dovecameron,28,27,-1,,,,,exercisedaily,91,93,2,combatsports,19,20,1,raisingdaughters,164,167,3,makemoneyonline,24,22,-2,charcuterieboardsoftiktok,111,110,-1,easyrecipes,10,10,0,smashburgers,88,89,1,iphone15promax,74,74,0,cyberpunk,28,29,1,christmasinnewyork,32,32,0,shampooandconditioner,153,153,0,sleeptok,64,70,6,sleeptok,64,70,6,arthistory,22,20,-2,cozychristmas,162,159,-3,cozychristmas,162,159,-3,toyphotography,43,40,-3,motivaciondeldia,97,97,0,bavarianinn,123,117,-6,poses,102,104,2,gyr,102,101,-1,taro,110,109,-1,مسلسلات,133,132,-1,electronicmusic,89,85,-4,rodwave,51,45,-6,pheromoneperfume,93,94,1,tats,51,53,2,helicopterride,147,140,-7,jetskifishing,138,136,-2,shoplocal,147,147,0,ballroomdance,15,13,-2,이모티콘따라하기,126,126,0,horsetok,23,20,-3,animales,22,20,-2,свадебныйфотограф,180,182,2,쿠팡추천템,113,111,-2,islandking7,132,131,-1,3danatomy,77,72,-5,asmrreiki,148,148,0,groupcostume,21,19,-2,recipeapp,131,131,0,,,,,tombrady,53,50,-3,stephcurry,67,64,-3,tiktokhorror,133,131,-2,ios,25,25,0,toyphotography,43,40,-3,christmasinnewyork,32,32,0,carbuying,124,122,-2,subway,26,27,1,monsterbuck,141,142,1
silver,172,172,0,studymethods,93,92,-1,dub,50,46,-4,bobbiegoods,110,102,-8,trx,175,173,-2,newborncare,32,30,-2,newborncare,32,30,-2,azelaicacid,80,78,-2,lashes,6,7,1,btartboxnails,73,71,-2,taxes,30,28,-2,welderlife,193,192,-1,grabthemic,61,61,0,welderlife,193,192,-1,studytokaesthetic,81,77,-4,nursehumor,32,31,-1,chs,150,145,-5,youthfootball,148,145,-3,brisket,70,70,0,cutecrafts,70,69,-1,嘉義忠應堂,95,98,3,alphaphialpha,64,62,-2,lanternfestival,42,38,-4,drinking,8,8,0,proteinbar,13,10,-3,archaeology,24,23,-1,mtv,44,43,-1,,,,,воркаут,92,94,2,skiing,20,21,1,pumpingmoms,165,168,3,taxes,30,28,-2,cookielovers,162,161,-1,chocolate,11,11,0,coffeeshops,93,94,1,sharkvacuum,80,80,0,horrorgame,29,30,1,rockymountainnationalpark,65,65,0,scalpmassage,155,155,0,saludbucal,137,143,6,saludbucal,137,143,6,historybuff,23,21,-2,homesforrent,171,168,-3,homesforrent,171,168,-3,etb,45,42,-3,motivationoftheday,103,103,0,tokyodisneyresort,152,146,-6,poseideas,118,120,2,horselife,12,10,-2,tarotreadings,125,124,-1,telenovelas,145,144,-1,blessd,114,110,-4,jjba,59,53,-6,faketan,95,96,1,blackwork,52,54,2,scooterelectrico,171,164,-7,beaufortsc,155,153,-2,silver,170,170,0,f5ve,22,20,-2,jjszs,162,162,0,doggrooming,24,21,-3,vetmed,23,21,-2,brandphotography,182,184,2,꿀템추천,115,113,-2,weddingtrends,136,135,-1,curvature,83,78,-5,slimerecipe,165,165,0,furryfyp,22,20,-2,小火箭节点,136,136,0,,,,,fantasyfootballtips,62,59,-3,flagfootball,73,70,-3,terrormexicano,144,142,-2,iphonetips,29,29,0,etb,45,42,-3,rockymountainnationalpark,65,65,0,cartools,167,165,-2,cyberpunk,27,28,1,rut,149,150,1
falloutfits,2,1,-1,ященко,96,95,-1,madokamagica,75,71,-4,arttimelapse,155,147,-8,bentley,181,179,-2,8monthsold,50,48,-2,8monthsold,50,48,-2,smoothskin,92,90,-2,skincareroutine,7,8,1,healthyfeet,90,88,-2,sidehustles,31,29,-2,hiringnow,58,56,-2,viralquiz,65,65,0,hiringnow,58,56,-2,careerday,104,100,-4,mattmathews,33,32,-1,atlanticcitynj,154,149,-5,realestmf,149,146,-3,asianfood,78,78,0,centrodemesa,80,79,-1,柳家三玄心,98,101,3,solodance,68,66,-2,cancerfree,57,53,-4,pumpkinspice,9,9,0,chilispartner,19,16,-3,ancient,37,36,-1,downtown,53,52,-1,,,,,weightlosscheck,103,105,2,ski,25,26,1,volveracasa,192,195,3,sidehustles,31,29,-2,dinners,181,180,-1,recipes,12,12,0,atlantafoodie,100,101,1,chromebook,83,83,0,overwatch2,31,32,1,cheaptravel,93,93,0,nashvillebarber,171,171,0,hypermobile,143,149,6,hypermobile,143,149,6,holocaust,24,22,-2,garland,175,172,-3,garland,175,172,-3,screenfreeactivities,50,47,-3,mindsettok,104,104,0,hamburgerdom,156,150,-6,novemberbaby,130,132,2,rooster,17,15,-2,santisimamuerte,133,132,-1,сериалы,152,151,-1,orchestra,120,116,-4,jojosbizarreadventure,62,56,-6,bodyglow,109,110,1,hennatiktok,55,57,2,boatramp,59,51,-8,poisson,158,156,-2,falloutfits,2,1,-1,tapdance,38,36,-2,uraaaaaaaaaaaaaaaaaaaa,186,186,0,petlover,25,22,-3,cutecats,26,24,-2,ringlighttripod,197,199,2,foamingdraincleaner,122,120,-2,morallygreymen,139,138,-1,surfacetension,84,79,-5,asmreyeexam,172,172,0,fursuiting,24,22,-2,aibuilder,156,156,0,,,,,fantasyfootballadvice,69,66,-3,fridaynightlights,82,79,-3,rykerwebb,147,145,-2,screenprotector,32,32,0,screenfreeactivities,50,47,-3,cheaptravel,93,93,0,trx,183,181,-2,horrorgame,28,29,1,monkeylove,159,160,1
fallfashion,4,3,-1,matematyka,99,98,-1,madara,117,113,-4,artlessons,168,160,-8,shelby,182,180,-2,teethingbaby,52,50,-2,teethingbaby,52,50,-2,clusters,102,100,-2,perfumetok,10,11,1,nailscheck,103,101,-2,retirementplanning,35,33,-2,electricidad,64,62,-2,newphonewhodis,74,74,0,electricidad,64,62,-2,universityofrhodeisland,121,117,-4,floptok,34,33,-1,deportaciones,156,151,-5,icehockey,176,173,-3,breakfastrecipes,117,117,0,leatherjournal,91,90,-1,善化轎友會,100,103,3,westcoastswing,83,81,-2,makenewfriends,64,60,-4,dutchbros,10,10,0,swedishcandy,24,21,-3,inspirationalquotes,46,45,-1,lagranjavip,64,63,-1,,,,,gymmotivacion,126,128,2,mmafighter,68,69,1,momanddad,10,12,2,retirementplanning,35,33,-2,restaurantdepot,198,197,-1,lonche,13,13,0,sandiegoeats,132,133,1,putare,93,93,0,kickstreaming,33,34,1,hiltonpartner,95,95,0,beardgrowth,199,199,0,adhdwomen,169,175,6,adhdwomen,169,175,6,ww2history,30,28,-2,backyardtransformation,185,182,-3,backyardtransformation,185,182,-3,pokemontcgcommunity,54,51,-3,videomotivacion,135,135,0,hauntedcornmaze,185,179,-6,familyphotos,142,144,2,horselovers,18,16,-2,carolinadelnorte,135,134,-1,dcuniverse,163,162,-1,musicacristiana,145,141,-4,sayyestothedress,68,62,-6,عطور,116,117,1,tatuador,68,70,2,mobilityscooter,63,55,-8,whitebass,168,166,-2,fallfashion,4,3,-1,danceperformance,42,40,-2,viralcarmen,76,75,-1,ducks,42,39,-3,собака,27,25,-2,kodak,1,2,1,재활용,127,125,-2,grumpysunshine,141,140,-1,proximab,158,153,-5,gentleasmr,178,178,0,costumeparty,28,26,-2,devtools,160,160,0,,,,,nfledit,79,76,-3,horsetok,87,84,-3,reptilianos,170,168,-2,portablecharger,51,51,0,pokemontcgcommunity,54,51,-3,hiltonpartner,95,95,0,shelby,191,189,-2,overwatch2,30,31,1,camels,166,167,1
weddingdress,7,6,-1,structuredliteracy,117,116,-1,mangarecommendation,118,114,-4,chuky,95,86,-9,fordranger,196,194,-2,babytips,61,59,-2,babytips,61,59,-2,makeupforbeginners,105,103,-2,acne,15,16,1,pressonsets,105,103,-2,businesstips,36,34,-2,roof,68,66,-2,funchallenges,75,75,0,roof,68,66,-2,hsc,134,130,-4,lostoys,35,34,-1,election2026,169,164,-5,stephencurry,195,192,-3,wagyu,121,121,0,chunkyknitblanket,109,108,-1,廣濟震天,101,104,3,dancefor2people,93,91,-2,dirtbikecrash,162,158,-4,dunkindonuts,13,13,0,koreansnacks,28,25,-3,historytiktok,47,46,-1,haileybieber,67,66,-1,,,,,latpulldown,133,135,2,supercross,73,74,1,nesting,21,23,2,businesstips,36,34,-2,costcotiktok,11,9,-2,mexicanfood,14,14,0,denverfoodie,143,144,1,astronautprojector,113,113,0,doors,40,41,1,airclubpartner,101,101,0,shampoo,5,4,-1,portablenebulizer,172,178,6,portablenebulizer,172,178,6,narcisista,35,33,-2,houseforrent,22,18,-4,houseforrent,22,18,-4,lpstiktok,55,52,-3,youarepowerful,170,170,0,mypigeonforge,186,180,-6,autismparenting,157,159,2,caballo,23,21,-2,folkmagic,137,136,-1,michealmyers,173,172,-1,juicewrld999,146,142,-4,standup,71,65,-6,womensperfume,117,118,1,tattooappointment,154,156,2,privatepilot,84,76,-8,goingfishing,192,190,-2,weddingdress,7,6,-1,disneyonice,58,56,-2,goodservices,112,111,-1,tortoise,57,54,-3,pomeranian,28,26,-2,fotografia,2,3,1,dicacaseira,129,127,-2,firstdancesong,151,150,-1,flerfs,185,180,-5,pimplepopping,14,13,-1,monsterhighcosplay,29,27,-2,outlooktips,191,191,0,,,,,spurs,87,84,-3,wrestlingtiktok,88,85,-3,lalechuza,176,174,-2,coolgadgets,58,58,0,lpstiktok,55,52,-3,airclubpartner,101,101,0,scooter,44,41,-3,kickstreaming,32,33,1,deer,1,1,0
dress,12,11,-1,mathfun,145,144,-1,httyd,122,118,-4,markerdrawing,96,87,-9,interiordetailing,200,198,-2,babyfashion,62,60,-2,babyfashion,62,60,-2,rhodeskin,112,110,-2,nailtok,24,25,1,cateyegel,110,108,-2,ecom,51,49,-2,albañil,86,84,-2,scratcher,86,86,0,albañil,86,84,-2,جامعات_العراق,162,158,-4,chiste,37,36,-1,weatherchannel,181,176,-5,celebration,44,40,-4,lasagna,122,122,0,diymagnets,119,118,-1,西羅殿,113,116,3,keepdancing,131,129,-2,weekinmylife,168,164,-4,coffeetime,18,18,0,soupdumplings,40,37,-3,scienceexperiment,60,59,-1,realhousewives,96,95,-1,,,,,fatlosstips,135,137,2,dwcs,116,117,1,maternidade,28,30,2,ecom,51,49,-2,fruitlovers,27,25,-2,tacos,17,17,0,esquites,144,145,1,humanoid,141,141,0,textstory,56,57,1,falltravel,106,106,0,blackhair,14,13,-1,chiro,174,180,6,chiro,174,180,6,warhistory,56,54,-2,furniture,23,19,-4,furniture,23,19,-4,juguetes,56,53,-3,streamermotivation,173,173,0,disneycalifornia,109,102,-7,lightroom,185,187,2,chickencoop,24,22,-2,proteccionenergetica,181,180,-1,tonymontana,183,182,-1,puppygirl,176,172,-4,piano,95,89,-6,chemicalpeel,131,132,1,tattoorealism,164,166,2,heli,85,77,-8,campinggadgets,196,194,-2,dress,12,11,-1,afrodance,65,63,-2,ndiidwi,123,122,-1,catsvideo,61,58,-3,aicat,29,27,-2,streetphotography,3,4,1,小技巧,135,133,-2,weddingspeech,158,157,-1,popculturescientist,196,191,-5,removal,19,18,-1,cosplaydance,35,33,-2,openai,13,12,-1,,,,,goofynfl,104,101,-3,d1athlete,92,89,-3,scarystory,22,19,-3,bambulab,62,62,0,juguetes,56,53,-3,falltravel,106,106,0,ram,47,44,-3,doors,39,40,1,snake,2,2,0
falldealsforyou,13,12,-1,mathlearning,152,151,-1,aimanga,127,123,-4,doodleart,100,91,-9,scooter,42,39,-3,newbornsoftiktok,75,73,-2,newbornsoftiktok,75,73,-2,eyeshadowpalette,135,133,-2,bodycare,28,29,1,clevelandnailtech,121,119,-2,businessgrowth,55,53,-2,строительство,111,109,-2,triviaquiz,91,91,0,строительство,111,109,-2,schoolevent,196,192,-4,humorlatino,39,38,-1,humanitarianaid,199,194,-5,crosscountry,47,43,-4,bakingtips,136,136,0,craftingideas,140,139,-1,閭山廣興壇,115,118,3,хореография,137,135,-2,gamblingaddiction,177,173,-4,cafecito,23,23,0,bayareafoodie,55,52,-3,alexanderthegreat,65,64,-1,karina,97,96,-1,,,,,gymhumour,145,147,2,anthonyjoshua,118,119,1,alzheimers,45,47,2,businessgrowth,55,53,-2,swedishcandy,30,28,-2,homecooking,25,25,0,vietnamesecoffee,145,146,1,travelgadgets,179,179,0,vanillamace,65,66,1,viajeros,109,109,0,easyhairstyles,19,18,-1,teethcare,15,20,5,teethcare,15,20,5,romanov,59,57,-2,homeorganization,24,20,-4,homeorganization,24,20,-4,hasbro,57,54,-3,neverfinished,179,179,0,kirmesfeeling,149,142,-7,babytime,10,11,1,granja,28,26,-2,acuario,50,48,-2,movietok,11,9,-2,sombr,50,45,-5,modernfamily,106,100,-6,gillette,165,166,1,losangelestattoo,168,170,2,aviación,89,81,-8,carcamping,29,26,-3,falldealsforyou,13,12,-1,danc,66,64,-2,colzpreset,131,130,-1,puppytraining,78,75,-3,cathealth,43,41,-2,sonyalpha,4,5,1,sikatwc,136,134,-2,bodacivil,182,181,-1,embryology,61,55,-6,asmr_tingles,29,28,-1,mlpcosplay,38,36,-2,googlechrome,14,13,-1,,,,,sportstok,113,110,-3,alabamafootball,96,93,-3,mysterytok,32,29,-3,ecoflow,120,120,0,hasbro,57,54,-3,viajeros,109,109,0,duramax,49,46,-3,textstory,54,55,1,reptile,3,3,0
sayyestothedress,14,13,-1,уравнение,161,160,-1,mediatok,131,127,-4,coloringcommunity,103,94,-9,ram,45,42,-3,bottlefeeding,79,77,-2,bottlefeeding,79,77,-2,browtint,158,156,-2,blowout,30,31,1,nailhaul,146,144,-2,mortgagetips,65,63,-2,operatingroom,116,114,-2,itsbananas,95,95,0,operatingroom,116,114,-2,estudiantina,198,194,-4,comdey,48,47,-1,uspolitics,36,30,-6,americanfootball,63,59,-4,bakingtok,149,149,0,airdryclayart,158,157,-1,大甲都城隍廟,116,119,3,zaouli,145,143,-2,studyvlog,37,32,-5,cheers,25,25,0,foodcritics,67,64,-3,worldhistory,66,65,-1,missgrandinternational,128,127,-1,,,,,pregnancyworkout,157,159,2,tonyferguson,121,122,1,parto,60,62,2,mortgagetips,65,63,-2,pastelespersonalizados,42,40,-2,chef,37,37,0,everythingiate,150,151,1,moneytalkswireless,181,181,0,clix,72,73,1,travelchina,110,110,0,ponytail,27,26,-1,posturecorrection,23,28,5,posturecorrection,23,28,5,leyes,62,60,-2,architecture,26,22,-4,architecture,26,22,-4,toysforkids,58,55,-3,inspirationalquotes,7,6,-1,horadohorror,151,144,-7,crafttok,21,22,1,barnlife,29,27,-2,vidente,52,50,-2,pen15hulu,18,16,-2,tylerthecreator,62,57,-5,russiatoday,124,118,-6,handcare,178,179,1,bodyart,11,12,1,a350,94,86,-8,bigbucks,44,41,-3,sayyestothedress,14,13,-1,cumbiawepa,85,83,-2,bée,134,133,-1,catmemes,100,97,-3,huskylife,66,64,-2,poses,5,6,1,實用好物,143,141,-2,weddingcoordinator,187,186,-1,voyager1,75,69,-6,asmrhair,31,30,-1,bakugoucosplay,54,52,-2,webdesign,23,22,-1,,,,,hockeytiktoks,114,111,-3,universalstudioshollywood,113,110,-3,extraterrestrial,40,37,-3,portablepowerstation,168,168,0,toysforkids,58,55,-3,travelchina,110,110,0,droppedtrucks,52,49,-3,vanillamace,63,64,1,animales,4,4,0
womensfashion,15,14,-1,exponents,163,162,-1,steelballrun,20,15,-5,portraitart,118,109,-9,duramax,47,44,-3,twinboys,87,85,-2,twinboys,87,85,-2,makeuplooks,197,195,-2,makeupartist,32,33,1,nailtechcheck,45,42,-3,xrpcommunity,68,66,-2,plaster,150,148,-2,riddletime,132,132,0,plaster,150,148,-2,admissions,50,45,-5,couplehumor,49,48,-1,trafficstop,69,63,-6,archery,65,61,-4,birriatacos,151,151,0,waxseal,195,194,-1,彫成將藝,117,120,3,partnerdance,166,164,-2,adayinthelife,44,39,-5,caprisun,26,26,0,costcohotdog,78,75,-3,highiq,73,72,-1,oliviarodrigoedit,160,159,-1,,,,,insanelabz,177,179,2,boxingtok,158,159,1,familyphotos,71,73,2,xrpcommunity,68,66,-2,candylovers,43,41,-2,dunkindonuts,57,57,0,lemonsorbet,159,160,1,retrotech,182,182,0,guessinggame,75,76,1,cabosanlucas,111,111,0,jetblackhair,39,38,-1,backpainrelief,24,29,5,backpainrelief,24,29,5,inmigraciónusa,63,61,-2,kamar,29,25,-4,kamar,29,25,-4,toddlergiftideas,64,61,-3,motivationpersonal,54,53,-1,hauntedmaze,166,159,-7,halloweencrafts,28,29,1,hooftrimming,30,28,-2,santamuertedevotee,55,53,-2,gilmoregirls,34,32,-2,paramore,66,61,-5,slavicbeauty,125,119,-6,dedcool,197,198,1,tattoolover,19,20,1,rockbros,104,96,-8,stealthcamping,56,53,-3,womensfashion,15,14,-1,offbroadway,87,85,-2,minhthu47,143,142,-1,котик,101,98,-3,zoomies,83,81,-2,poseideas,6,7,1,пятновыводитель,146,144,-2,conflictresolution,192,191,-1,carlsagan,92,86,-6,pimplepopper,33,32,-1,alienstagecosplay,60,58,-2,aiwebsites,31,30,-1,,,,,shannonsharpe,138,135,-3,fighter,115,112,-3,roswell,64,61,-3,appleevent,189,189,0,toddlergiftideas,64,61,-3,cabosanlucas,111,111,0,truckerlife,57,54,-3,clix,70,71,1,alligator,9,9,0
vinted,17,16,-1,logicalreasoning,172,171,-1,sbr,29,24,-5,abstractpainting,144,135,-9,droppedtrucks,50,47,-3,rsv,142,140,-2,rsv,142,140,-2,skin,17,14,-3,beautyhacks,35,36,1,watchmework,65,62,-3,financialeducation,93,91,-2,homerepairs,169,167,-2,puzzlegame,6,5,-1,homerepairs,169,167,-2,unm,54,49,-5,seconddateupdate,56,55,-1,unsolved,76,70,-6,concacaf,98,94,-4,prospectparkdeli,185,185,0,papelpicado,48,46,-2,駕前將軍,118,121,3,danzadelosdiablos,193,191,-2,fightingcancer,61,56,-5,coffeerecipe,29,29,0,satisfyingeating,136,133,-3,narcisista,103,102,-1,popculture,15,13,-2,,,,,legs,12,13,1,motocrosslife,171,172,1,37weekspregnant🤰🏼,105,107,2,financialeducation,93,91,-2,cakesoftiktok,49,47,-2,familydinner,58,58,0,cubanfood,163,164,1,bluetoothspeaker,16,15,-1,switch,79,80,1,gatlinburgtn,151,151,0,colorwow,49,48,-1,dentalhygiene,25,30,5,dentalhygiene,25,30,5,ley,65,63,-2,holidaydecor,37,33,-4,holidaydecor,37,33,-4,educationaltoys,65,62,-3,englishmotivation,81,80,-1,testtrack,188,181,-7,firsttrimester,31,32,1,cattleranch,31,29,-2,scorpioseason,63,61,-2,peliculas,61,59,-2,romancebooks,70,65,-5,bears,129,123,-6,fragrance,1,1,0,linework,20,21,1,spotting,107,99,-8,livebait,58,55,-3,jeans,20,19,-1,bachataromantica,97,95,-2,dikasihpap,159,158,-1,قرود,122,119,-3,litterbox,85,83,-2,vintagecamera,10,11,1,pembersihpanci,152,150,-2,lovequotes,15,13,-2,scientistsoftiktok,94,88,-6,rugtok,48,47,-1,rainbowdashcosplay,83,81,-2,adobephotoshoppartner,70,69,-1,,,,,danawhite,149,146,-3,grappling,139,136,-3,exploracion,88,85,-3,moneytalkswireless,190,190,0,educationaltoys,65,62,-3,gatlinburgtn,151,151,0,obs,62,59,-3,switch,76,77,1,panda,10,10,0
tiktokfashion,18,17,-1,mathteacher,13,11,-2,cartoonnetwork,39,34,-5,weddingpainting,133,123,-10,truckerlife,55,52,-3,momcozybreastpump,157,155,-2,momcozybreastpump,157,155,-2,makeuptips,26,23,-3,quickweave,40,41,1,gelnailpolish,93,90,-3,moneytalk,97,95,-2,flightattendantlife,25,22,-3,boardgame,7,6,-1,flightattendantlife,25,22,-3,smk,61,56,-5,brookeandjubal,62,61,-1,copusa,126,120,-6,baseballboys,102,98,-4,recipeideas,50,49,-1,clayideas,79,77,-2,下營上帝廟,180,183,3,danceperformance,60,57,-3,hobonichiweeks,68,63,-5,homebar,39,39,0,desimukbang,150,147,-3,collegeapplications,107,106,-1,willito,17,15,-2,,,,,matpilates,13,14,1,skiseason,185,186,1,strollerwagon,118,120,2,moneytalk,97,95,-2,gummycandy,50,48,-2,macandcheese,59,59,0,latinfood,192,193,1,screenprotector,26,25,-1,relationshipdrama,83,84,1,thingstodoinflorida,162,162,0,mullet,59,58,-1,tooth,49,54,5,tooth,49,54,5,britishhistory,70,68,-2,homecleaning,46,42,-4,homecleaning,46,42,-4,kidsgift,84,81,-3,quotelife,96,95,-1,lasertag,98,90,-8,craftideas,42,43,1,valaisblacknosesheep,33,31,-2,futuro,69,67,-2,moviescene,75,73,-2,hocotransition,73,68,-5,dallascowboys,180,174,-6,colognetiktok,12,12,0,bodyjewelry,23,24,1,aviationphotography,122,114,-8,wintercamping,73,70,-3,plussizefashion,29,28,-1,jive,103,101,-2,hiesdaaivrou,167,166,-1,ganaderia,126,123,-3,gatogracioso,88,86,-2,sportsphotographer,11,12,1,废物利用,195,193,-2,relationshiptalk,22,20,-2,jwst,102,96,-6,crunchyslime,73,72,-1,zeldacosplay,96,94,-2,learnai,85,84,-1,,,,,patmcafee,158,155,-3,maxverstappen,159,156,-3,horrorshortfilm,100,97,-3,hypic,15,14,-1,kidsgift,84,81,-3,thingstodoinflorida,162,162,0,liftedtrucks,63,60,-3,relationshipdrama,80,81,1,animallovers,14,14,0
jeans,21,20,-1,умскул,14,12,-2,aianimation,56,51,-5,posca,135,125,-10,obs,60,57,-3,preemiestrong,38,35,-3,preemiestrong,38,35,-3,glowyskin,27,24,-3,hairextensions,42,43,1,orlandonailtech,114,111,-3,rothira,105,103,-2,wfhjobs,39,36,-3,funnygames,9,8,-1,wfhjobs,39,36,-3,collegedayinmylife,72,67,-5,мемчик,74,73,-1,dashcamfootage,172,166,-6,soccermom,105,101,-4,peanutbutter,60,59,-1,knittingtiktok,93,91,-2,和鑫宮,197,200,3,лезгинка,74,71,-3,aestheticvlog,94,89,-5,coffe,42,42,0,orlandofoodies,156,153,-3,studentcouncil,129,128,-1,summyah,20,18,-2,,,,,backworkout,14,15,1,mma,1,1,0,pumpingmama,178,180,2,rothira,105,103,-2,spicysnacks,51,49,-2,recipesoftiktok,60,60,0,foodreview,1,1,0,smartwatch,28,27,-1,minecraftlive,95,96,1,arizonatravel,174,174,0,cosmetologyschool,70,69,-1,irondeficiency,117,122,5,irondeficiency,117,122,5,historicalfigures,81,79,-2,organizer,51,47,-4,organizer,51,47,-4,gunpla,88,85,-3,智慧人生,106,105,-1,dreamworld,107,99,-8,friendshipbreakup,44,45,1,poultry,35,33,-2,тарорасклады,70,68,-2,dramatiktok,84,82,-2,beats,75,70,-5,noreaster,57,50,-7,laser,17,17,0,coveruptattoo,24,25,1,vesc,88,79,-9,rainbowtrout,91,88,-3,tiktokshopcybermonday,31,30,-1,merenguechallenge,106,104,-2,アデノイド,179,178,-1,italiangreyhound,155,152,-3,bienestaranimal,149,147,-2,lightroom,12,13,1,productosdelimpieza,15,12,-3,dismissiveavoidant,24,22,-2,cienciaparaniños,130,124,-6,vactok,83,82,-1,costumecontest,101,99,-2,filmora,96,95,-1,,,,,georgiafootball,159,156,-3,hockeytiktoks,165,162,-3,teoriasconspirativas,106,103,-3,soundsystem,27,26,-1,gunpla,88,85,-3,arizonatravel,174,174,0,mclaren,65,62,-3,minecraftlive,92,93,1,spiders,19,19,0
plussizefashion,30,29,-1,asvab,18,16,-2,chiikawa,62,57,-5,почерк,151,141,-10,liftedtrucks,61,58,-3,babycomedy,70,67,-3,babycomedy,70,67,-3,darkspots,29,26,-3,cabello,54,55,1,uñaslargas,130,127,-3,southwest,106,104,-2,madera,42,39,-3,drinkinggame,15,14,-1,madera,42,39,-3,biotechnology,74,69,-5,textprank,90,89,-1,missingpersons,186,180,-6,volleyballworld,111,107,-4,pollo,63,62,-1,handknit,94,92,-2,0927,3,5,2,surprisedance,75,72,-3,rutinademañana,126,121,-5,bevcart,44,44,0,chipotlepartner,15,11,-4,alumni,143,142,-1,snl,22,20,-2,,,,,fitspo,15,16,1,wrestling,2,2,0,crianzaconamor,179,181,2,southwest,106,104,-2,costcobuys,68,66,-2,delicious,66,66,0,mexicanfood,2,2,0,techfinds,29,28,-1,gmod,113,114,1,thingstodoinseattle,199,199,0,loreal,78,77,-1,anxietyawareness,127,132,5,anxietyawareness,127,132,5,britishempire,85,83,-2,apartmentforrent,54,50,-4,apartmentforrent,54,50,-4,carritoshotwheels,89,86,-3,instaquotes,115,114,-1,diversionenfamilia,115,107,-8,pumpwithme,46,47,1,gallina,41,39,-2,flowstar,74,72,-2,novela,85,83,-2,dalvinlamelodia,81,76,-5,movietok,66,59,-7,luxuryperfume,87,87,0,blackworktattoo,34,35,1,thunderbirds,97,88,-9,huntingtips,97,94,-3,bra,33,32,-1,partnerdance,112,110,-2,zapobedu,181,180,-1,caballo,177,174,-3,tnr,162,160,-2,photographytips,13,14,1,quitamanchas,26,23,-3,groom,29,27,-2,kiwico,133,127,-6,asmrart,85,84,-1,beastboycosplay,129,127,-2,ssme,99,98,-1,,,,,eaglesfootball,187,184,-3,stl,57,53,-4,ancientaliens,112,109,-3,smartwatch,34,33,-1,carritoshotwheels,89,86,-3,thingstodoinseattle,199,199,0,coyote,67,64,-3,aniimo,104,105,1,animaltok,22,22,0
tiktokshopcybermonday,32,31,-1,профмат,29,27,-2,onepieceedit,87,82,-5,mentalhealthart,124,113,-11,mclaren,63,60,-3,dollbaby,84,81,-3,dollbaby,84,81,-3,lipbalm,38,35,-3,nailtutorial,56,57,1,aillsa,134,131,-3,finance101,112,110,-2,graco,89,86,-3,braingames,16,15,-1,graco,89,86,-3,5to,103,98,-5,шарага,99,98,-1,freepalestine,27,20,-7,defense,112,108,-4,deliciousfood,82,81,-1,feltcraft,95,93,-2,1027,10,12,2,bailarina,76,73,-3,gjtube,129,124,-5,proteincoffee,52,52,0,spicyramen,27,23,-4,womenshistory,147,146,-1,baddiesusa,24,22,-2,,,,,olympia,16,17,1,fight,3,3,0,babytime,5,6,1,finance101,112,110,-2,elranchitojerky,80,78,-2,friedchicken,71,71,0,tacos,3,3,0,projector,35,34,-1,gamingtok,115,116,1,tiktokgo,3,2,-1,hairproducts,82,81,-1,nad,21,25,4,nad,21,25,4,ancientchina,100,98,-2,wayfair,59,55,-4,wayfair,59,55,-4,pokemonpackopening,98,95,-3,修心修行,141,140,-1,mickeysverymerrychristmasparty,126,118,-8,expectingmom,52,53,1,ranchtok,57,55,-2,secretodebruja,76,74,-2,snowfall,93,91,-2,vallenato,82,77,-5,paranormal,80,73,-7,jpg,106,106,0,tat,36,37,1,aviationmaintenance,99,90,-9,صيد,107,104,-3,sale,34,33,-1,dancefriends,137,135,-2,createmyshot,14,12,-2,opossum,186,183,-3,grumpycat,186,184,-2,destinationweddingphotographer,14,15,1,cleaningpaste,68,65,-3,romancebooktok,47,45,-2,spacemission,148,142,-6,pimplepoping,118,117,-1,cardtricks,144,142,-2,mr3pro3,102,101,-1,,,,,ryanwilliams,189,186,-3,courtside,86,82,-4,realhorrortok,113,110,-3,techfinds,35,34,-1,pokemonpackopening,98,95,-3,tiktokgo,3,2,-1,motorsport,83,80,-3,gmod,109,110,1,birdlovers,61,61,0
sale,36,35,-1,studyguide,30,28,-2,kylebroflovski,93,88,-5,customportrait,139,128,-11,coyote,65,62,-3,babyboyoutfit,111,108,-3,babyboyoutfit,111,108,-3,pimplepatch,44,41,-3,hairproduct,69,70,1,pumpkinnails,158,155,-3,payingoffdebt,117,115,-2,amazonworker,91,88,-3,chessstrategy,21,20,-1,amazonworker,91,88,-3,highschoolprom,125,120,-5,datinghumor,111,110,-1,flooding,31,24,-7,riding,138,134,-4,treatmaker,89,88,-1,ribbonroses,97,95,-2,múalan2024,75,77,2,sonidero,92,89,-3,onlinediary,137,132,-5,bourbonandbeyond,57,57,0,candyasmr,37,33,-4,iss,150,149,-1,джиган,43,41,-2,,,,,youngla,17,18,1,nascar,4,4,0,specialneedsmom,7,8,1,payingoffdebt,117,115,-2,grazingtable,89,87,-2,crockpot,75,75,0,tiktokgo,4,4,0,technews,37,36,-1,funnygaming,181,182,1,italytravel,29,28,-1,katytx,98,97,-1,ceelike,31,35,4,ceelike,31,35,4,historydocumentary,102,100,-2,outdoorlighting,67,63,-4,outdoorlighting,67,63,-4,snoopylover,138,135,-3,motivaciondelavida,150,149,-1,altitudetrampolinepark,148,140,-8,alzheimers,88,89,1,chickenmom,58,56,-2,witchtip,103,101,-2,a24,96,94,-2,staind,109,104,-5,movieedit,86,79,-7,bodyaccel,107,107,0,tattoostudio,37,38,1,fairford,100,91,-9,lobsterfishing,110,107,-3,fashiontok,35,34,-1,bachatalovers,158,156,-2,iyasuglory,28,26,-2,iggy,191,188,-3,rabbit,17,14,-3,portraits,15,16,1,скретч,95,92,-3,weddingphotography,48,46,-2,physicexperiment,189,183,-6,powderbombs,123,122,-1,harrypotteroc,147,145,-2,biblechat,111,110,-1,,,,,michiganfootball,193,190,-3,horsesoftiktok,104,100,-4,scaryplaces,132,129,-3,smartphone,37,36,-1,snoopylover,138,135,-3,italytravel,29,28,-1,mustanggt,91,88,-3,gamingtok,111,112,1,reptileenclosure,103,103,0
fashiontok,37,36,-1,atiteas,53,51,-2,subarunatsuki,112,107,-5,oilpaintings,192,181,-11,motorsport,80,77,-3,3rdbirthday,139,136,-3,3rdbirthday,139,136,-3,vitaminc,57,54,-3,mensfragrance,104,105,1,nailroom,169,166,-3,fixandflip,164,162,-2,stickwelding,99,96,-3,klemfamily,22,21,-1,stickwelding,99,96,-3,ucsandiego,138,133,-5,liveprogram,118,117,-1,policechase,50,43,-7,jalenbrunson,142,138,-4,desayuno,102,101,-1,handmadecandles,103,101,-2,lansurong2023,82,84,2,cumbiawepa,123,120,-3,winddown,142,137,-5,hotchocolate,60,60,0,chickensandwich,42,38,-4,gradschoollife,153,152,-1,lngshot,46,44,-2,,,,,bulk,24,25,1,iliatopuria,9,9,0,momtobe,8,9,1,fixandflip,164,162,-2,katjes,98,96,-2,whatsfordinner,89,89,0,burger,5,5,0,newphone,42,41,-1,genshinimpactedit,182,183,1,grouptravel,37,36,-1,minoxidil,101,100,-1,orthodontics,35,39,4,orthodontics,35,39,4,historicalmystery,116,114,-2,apartmenthunting,68,64,-4,apartmenthunting,68,64,-4,hotweels,145,142,-3,selfinprovement,37,35,-2,wildernessatthesmokies,163,155,-8,schooldropoff,93,94,1,poultryfarming,65,63,-2,манифестация,114,112,-2,scarface,149,147,-2,cancion,119,114,-5,chicagobears,120,113,-7,perfum,114,114,0,tattooflash,40,41,1,outboardmotor,102,93,-9,peacockbass,130,127,-3,falloutfitinspo,36,35,-1,socialdancing,176,174,-2,emojigameface,53,51,-2,ranchlife,36,32,-4,doggrooming,19,16,-3,cameragear,16,17,1,dishtowel,106,103,-3,couplestok,50,48,-2,physicsshorts,199,193,-6,spitpainting,129,128,-1,sanjapan,191,189,-2,capcutpc,122,121,-1,,,,,jameiswinston,43,39,-4,deerseason,144,140,-4,historiasdemiedo,136,133,-3,projector,41,40,-1,hotweels,145,142,-3,grouptravel,37,36,-1,cardiy,108,105,-3,funnygaming,177,178,1,babyotter,152,152,0
falloutfitinspo,38,37,-1,atiteas7,62,60,-2,jujutsukaisenedit,113,108,-5,lápiz,116,104,-12,mustanggt,88,85,-3,medicalmama,153,150,-3,medicalmama,153,150,-3,makeuplook,69,66,-3,karseell,116,117,1,spookynailart,181,178,-3,walmartpartner,15,12,-3,welders,103,100,-3,quizz,28,27,-1,welders,103,100,-3,movingup,154,149,-5,смехдослез,127,126,-1,missingperson,66,59,-7,godawgs,163,159,-4,healthydessert,120,119,-1,potteryinspo,111,109,-2,barongsai2024,85,87,2,dancecommunity,147,144,-3,messyvlog,165,160,-5,coffeereview,63,63,0,iceeating,48,44,-4,egyptianhistory,191,190,-1,evelynortiz,51,49,-2,,,,,kettlebellworkout,25,26,1,knockout,11,11,0,breastpump,9,10,1,walmartpartner,15,12,-3,yogurtland,122,120,-2,sourdoughstarter,102,102,0,cafe,6,6,0,телефон,55,54,-1,leonkennedyedit,186,187,1,mountrainier,59,58,-1,updo,108,107,-1,sexualhealth,42,46,4,sexualhealth,42,46,4,mesoamerica,119,117,-2,comforter,74,70,-4,comforter,74,70,-4,viraltoys,149,146,-3,inspirationandmotivation,40,38,-2,visionsofmagic,181,173,-8,hobonichi,145,146,1,مدينةالصدر,118,116,-2,energía,116,114,-2,sopranos,155,153,-2,kendricklamar,122,117,-5,snl,173,166,-7,eaudeparfum,136,136,0,bellyring,66,67,1,f16fightingfalcon,134,125,-9,campgear,162,159,-3,menswear,37,36,-1,cumbiasonidera❤️,200,198,-2,anmweyy,96,94,-2,highlandcow,60,56,-4,petlover,20,17,-3,canong7xmarkiii,21,22,1,mẹovặt,110,107,-3,marriagetok,71,69,-2,quimica,48,41,-7,humidifierfreezerfrost,140,139,-1,rezerocosplay,68,65,-3,tipsdetecnologia,135,134,-1,,,,,redsox,59,55,-4,goofynfl,146,142,-4,casosreais,155,152,-3,outdoorlights,71,70,-1,viraltoys,149,146,-3,mountrainier,59,58,-1,hemi,130,127,-3,genshinimpactedit,178,179,1,savethebees,194,194,0
menswear,39,38,-1,teas7,73,71,-2,animacion,140,135,-5,potterystudio,128,116,-12,cardiy,104,101,-3,momandbaby,163,160,-3,momandbaby,163,160,-3,blackgirlmakeup,70,67,-3,atlantahairstylist,165,166,1,naillooks,189,186,-3,savings,29,26,-3,scrubtech,110,107,-3,juegosdemesa,35,34,-1,scrubtech,110,107,-3,ibdp,156,151,-5,memestiktok,20,18,-2,socialsecurity,67,60,-7,robdillingham,172,168,-4,cookierecipe,163,162,-1,paperchain,113,111,-2,传统器材阵式,89,91,2,cartknowing,162,159,-3,selfcarenight,41,35,-6,cookiebutterlatte,110,110,0,everythingiate,65,61,-4,americanhistory,16,14,-2,kevingates,55,53,-2,,,,,athletictraining,26,27,1,motorsports,23,23,0,jaleel,12,13,1,savings,29,26,-3,bettergoods,150,148,-2,aldifinds,114,114,0,coffeeshop,7,7,0,ecoflow,104,103,-1,minecraft,1,1,0,solofemaletraveler,69,68,-1,cutehairstyles,128,127,-1,womenhealth,44,48,4,womenhealth,44,48,4,historyexplained,122,120,-2,homedepotpartner,79,75,-4,homedepotpartner,79,75,-4,iphoneaccesories,192,189,-3,dailywisdom,44,42,-2,haunts,97,88,-9,eternalroses,192,193,1,mountaingoat,138,136,-2,horoscopos♌️♑️♈️♍️♉️☯️🕉♎️♓️♊️♏️☦️,156,154,-2,hannibal,192,190,-2,violin,127,122,-5,tarotreading,191,184,-7,cuidadocorporal,138,138,0,smileypiercing,73,74,1,ebikeaccessories,158,149,-9,tiktoklive_us,165,162,-3,giftguide,38,37,-1,fredastaire,29,26,-3,💙💙💙💙💙💙💙💙💙💙💙💙💙💙💙💙💙💙💙💙,111,109,-2,animallovers,64,60,-4,rainbowbridge,25,22,-3,houstonphotographer,23,24,1,yugouclean,132,129,-3,romancereads,81,79,-2,physicsfacts,56,49,-7,ltf,154,153,-1,fursuits,123,120,-3,usefulwebsites,168,167,-1,,,,,texans,61,57,-4,enduro,183,179,-4,paralleldimension,158,155,-3,putare,108,107,-1,iphoneaccesories,192,189,-3,solofemaletraveler,69,68,-1,dragracing,142,139,-3,leonkennedyedit,182,183,1,beardeddragon,6,5,-1
giftguide,40,39,-1,psat,79,77,-2,guts,143,138,-5,pintando,136,124,-12,hemi,126,123,-3,cleftstrong,164,161,-3,cleftstrong,164,161,-3,affordablemakeup,75,72,-3,makeup,1,1,0,nailhumor,120,116,-4,memecoin,33,30,-3,tileinstallation,122,119,-3,nepo,37,36,-1,tileinstallation,122,119,-3,deferred,172,167,-5,daycare,41,39,-2,tocatchapredator,72,65,-7,kyrieirving,62,57,-5,mealplan,175,174,-1,resinpour,118,116,-2,传统南狮器材表演,91,93,2,whiteboywasted,181,178,-3,deadmall,77,71,-6,icedcoffee,3,2,-1,snowcrab,84,80,-4,legaladvice,29,27,-2,coryxkenshin,100,98,-2,,,,,womenwholift,28,29,1,dustinpoirier,61,61,0,breastmilk,13,14,1,memecoin,33,30,-3,mangoes,167,165,-2,snacktok,119,119,0,nycfood,8,8,0,contentcreatortools,111,110,-1,pokemon,2,2,0,luxurytravels,77,76,-1,vpartwig,158,157,-1,massagebody,48,52,4,massagebody,48,52,4,demographics,131,129,-2,bedsure,89,85,-4,bedsure,89,85,-4,beyblade,40,36,-4,gentlereminders,114,112,-2,disneyworldvacation,100,91,-9,christmasdiy,194,195,1,meatbirds,139,137,-2,pisceszodiac,160,158,-2,loki,14,11,-3,cazzu,132,127,-5,lyrics_songs,199,192,-7,bodyglitter,147,147,0,tattootransformation,77,78,1,videooftheyear,170,161,-9,catchingfish,185,182,-3,leggings,45,44,-1,poletricks,47,44,-3,變回少年時,115,113,-2,catmomlife,70,66,-4,dachshundpuppy,31,28,-3,birthdayphotoshootideas,24,25,1,dodungtienich,139,136,-3,freewoman,87,85,-2,neurosciencetok,82,75,-7,christmasrestock,188,187,-1,кица,165,162,-3,powerfulwebsites,180,179,-1,,,,,raidernation,101,97,-4,cricket,185,181,-4,horrorhistory,159,156,-3,magneticmount,116,115,-1,beyblade,40,36,-4,luxurytravels,77,76,-1,fordf150,157,154,-3,minecraft,1,1,0,dolphins,8,7,-1
leggings,47,46,-1,وزاري,85,83,-2,traditionalart,199,194,-5,fairyart,145,133,-12,stance,132,129,-3,boynames,55,51,-4,boynames,55,51,-4,tarte,91,88,-3,skincare,2,2,0,leopardnails,124,120,-4,studentloans,34,31,-3,cement,124,121,-3,geographyquiz,39,38,-1,cement,124,121,-3,midtermszn,183,178,-5,kountrywayne,43,41,-2,accidente,75,68,-7,texaslonghorns,80,75,-5,partyfood,182,181,-1,embroiderytips,125,123,-2,開基玉皇宮,125,127,2,fredastaire,43,39,-4,nightvlog,88,82,-6,cocktails,12,11,-1,crawfishboil,88,84,-4,financialaid,52,50,-2,jaypark,103,101,-2,,,,,fitgirl,34,35,1,oscarpiastri,70,70,0,firsttrimester,16,17,1,studentloans,34,31,-3,icecreamtime,180,178,-2,cheers,142,142,0,foodies,9,9,0,creality,112,111,-1,freefire,3,3,0,nycfall,104,103,-1,menshaircut,162,161,-1,symptoms,96,100,4,symptoms,96,100,4,texasculture,136,134,-2,luxuryliving,92,88,-4,luxuryliving,92,88,-4,diysquishy,47,43,-4,motivationalwallpaper,118,116,-2,urbanairadventurepark,104,95,-9,pregnant,1,1,0,roundhead,16,13,-3,нумерология,175,173,-2,wolverine,21,18,-3,relatable?,138,133,-5,edsheeran,75,67,-8,lush,69,68,-1,inklovers,84,85,1,bigflyer,172,163,-9,sitka,33,29,-4,sweatpants,47,46,-1,triodance,49,46,-3,markdelacroix,146,144,-2,ducksoftiktok,92,88,-4,catsvideo,41,38,-3,kodakpixprofz45,31,32,1,다이소추천,142,139,-3,couplelove,103,101,-2,scienceiscool,101,94,-7,squeeze,18,16,-2,falloutcosplay,177,174,-3,creatortips,10,8,-2,,,,,ncaafootball,103,99,-4,giants,21,16,-5,jerseydevil,175,172,-3,jlab,135,134,-1,diysquishy,47,43,-4,nycfall,104,103,-1,carsforsale,163,160,-3,pokemon,2,2,0,lizard,12,11,-1
sweatpants,49,48,-1,howtostudy,95,93,-2,omniman,49,43,-6,ceramicartist,112,99,-13,mobilemechanic,142,139,-3,babyhacks,91,87,-4,babyhacks,91,87,-4,tretinoin,94,91,-3,oralcare,19,19,0,pedicura,127,123,-4,cashstuffing,38,35,-3,weldtok,134,131,-3,cashdrop,51,50,-1,weldtok,134,131,-3,collegescholarship,57,51,-6,teacherhumor,45,43,-2,kamalaharris,87,80,-7,sportstok,108,103,-5,oreo,35,33,-2,diydollartree,127,125,-2,鹿港聖澤殿,132,134,2,tapdance,55,51,-4,bookevent,146,140,-6,icedlatte,15,14,-1,crawfishmukbang,89,85,-4,blackhole,54,52,-2,jasontheween,36,33,-3,,,,,gimnasio,41,42,1,jiujitsulifestyle,75,75,0,birthstory,17,18,1,cashstuffing,38,35,-3,costcoshopping,45,42,-3,thingstodoinhouston,185,185,0,buffet,10,10,0,bloodpressuremonitor,123,122,-1,clip,8,8,0,paristravel,114,113,-1,hairbundles,164,163,-1,arthritis,99,103,4,arthritis,99,103,4,prehistory,142,140,-2,homeforsale,95,91,-4,homeforsale,95,91,-4,pretendplay,53,49,-4,personaldevelopmentjourney,119,117,-2,bestride,124,115,-9,photodump,2,2,0,minipig,21,18,-3,привязка,197,195,-2,lilireinhart,25,22,-3,heavymetal,174,169,-5,comedian,76,68,-8,fragancia,71,70,-1,forearmtattoo,95,96,1,nyctransit,181,172,-9,girlswhofish,46,42,-4,whatnot,53,52,-1,лезгинка,51,48,-3,御影天死,185,183,-2,zoomies,116,112,-4,catmomlife,48,45,-3,chicagophotographer,35,36,1,everydayhack,158,155,-3,whychoose,105,103,-2,donebyprofessionals,125,118,-7,crushing,22,20,-2,simonriley,20,16,-4,aihumanizer,38,36,-2,,,,,jalenbrunson,144,140,-4,oxyshred,53,48,-5,misteriosreales,183,180,-3,worklight,137,136,-1,pretendplay,53,49,-4,paristravel,114,113,-1,carbonfiber,170,167,-3,freefire,3,3,0,tortoise,13,12,-1
whatnot,55,54,-1,phonicsfun,131,129,-2,johnstewart,73,67,-6,meeden,131,118,-13,fordf150,151,148,-3,35weeker,105,101,-4,35weeker,105,101,-4,redlighttherapy,104,101,-3,fragrancetiktok,21,21,0,coffinnails,128,124,-4,irs,39,36,-3,weldingtipsandtricks,135,132,-3,acertijo,56,55,-1,weldingtipsandtricks,135,132,-3,collegeapplication,58,52,-6,relationshiphumor,46,44,-2,republicans,108,101,-7,wbb,118,113,-5,ockyway,91,89,-2,cricuttips,181,179,-2,台南府轎班會,169,171,2,contemporary,79,75,-4,rockhunting,147,141,-6,bajablast,17,16,-1,porkrinds,124,120,-4,yearbook,55,53,-2,jerseyshore,39,36,-3,,,,,workoutathome,50,51,1,aewallout,86,86,0,schooldropoff,49,50,1,irs,39,36,-3,candyshop,53,50,-3,cookware,188,188,0,friedchicken,11,11,0,bose,149,148,-1,pokemontiktok,12,12,0,travelwithbaby,123,122,-1,washdayroutine,180,179,-1,type2diabetes,108,112,4,type2diabetes,108,112,4,abogadadeinmigración,145,143,-2,officechair,109,105,-4,officechair,109,105,-4,sensorytoy,60,56,-4,生活感悟,122,120,-2,festivaldelterror,158,149,-9,diml,3,3,0,horselove,43,40,-3,divinefeminine,27,24,-3,everybodyhateschris,28,25,-3,sample,192,187,-5,band,82,74,-8,sandandfog,90,89,-1,tattooartist,1,1,0,crazycart,39,29,-10,pierfishing,78,74,-4,giftforher,54,53,-1,surprisedance,52,49,-3,mujeresatractivas,7,4,-3,foster,158,154,-4,rabbitsoftiktok,76,73,-3,instax,44,45,1,coutchamchi,172,169,-3,anxiousattachmentstyle,196,194,-2,theoreticalphysics,139,132,-7,sponge,40,38,-2,jjkcosplay,25,21,-4,homescreen,39,37,-2,,,,,neworleanssaints,171,167,-4,espn,60,55,-5,paranormalactiviy,198,195,-3,handheldvacuum,170,169,-1,sensorytoy,60,56,-4,travelwithbaby,123,122,-1,m340i,181,178,-3,clip,8,8,0,exoticpets,16,15,-1
giftforher,56,55,-1,basicmath,144,142,-2,petergriffin,86,80,-6,cuadros,140,127,-13,carsforsale,156,153,-3,limbdifferenceawareness,131,127,-4,limbdifferenceawareness,131,127,-4,lipcombotutorial,123,120,-3,shampoo,23,23,0,apresgelx,129,125,-4,debtfreejourney,48,45,-3,cargovan,146,143,-3,chickenvshotdog,58,57,-1,cargovan,146,143,-3,bestteacher,63,57,-6,mattrifeedit,47,45,-2,politicalnews,115,108,-7,curry,145,140,-5,highproteinrecipes,92,90,-2,decoracionesconglobos,200,198,-2,府城豬王會,176,178,2,afrodance,88,84,-4,morningvlogs,171,165,-6,coffeelovers,20,19,-1,essenchallenge,145,141,-4,юрист,79,77,-2,notquitelikedub,142,139,-3,,,,,ronniecoleman,52,53,1,nascartiktok,107,107,0,familiaunida,56,57,1,debtfreejourney,48,45,-3,grocerybudget,54,51,-3,desayuno,191,191,0,mulletreview,14,14,0,handheldvacuum,151,150,-1,robloxgames,15,15,0,nycskyline,132,131,-1,headmassage,189,188,-1,menhealth,109,113,4,menhealth,109,113,4,comportamientohumano,149,147,-2,homebar,110,106,-4,homebar,110,106,-4,hotwheelscollections,74,70,-4,danzelwashington,140,138,-2,funcity,175,166,-9,ditl,4,4,0,yardmaintenance,45,42,-3,moonwater,33,30,-3,avengersendgame,29,26,-3,adamcarlsen,25,19,-6,weddingday,104,96,-8,парфюм,92,91,-1,tattooideas,2,2,0,b2spirit,90,80,-10,hoghunting,101,97,-4,bridevibes,55,54,-1,bailarina,53,50,-3,imissmyhome,12,9,-3,chickencoop,184,180,-4,italiangreyhound,106,103,-3,canong7xmarkii,51,52,1,pembersihwajan,192,189,-3,mymanmymanmyman,21,18,-3,relatividad,142,135,-7,cyst,41,39,-2,tf141,55,51,-4,replit,74,72,-2,,,,,49ersfaithful,174,170,-4,martialarts,65,60,-5,paranormaltiktok,25,21,-4,bluetoothspeaker,23,21,-2,hotwheelscollections,74,70,-4,nycskyline,132,131,-1,bentley,190,187,-3,pokemontiktok,12,12,0,whitetail,17,16,-1
bridevibes,57,56,-1,mathtutorial,155,153,-2,eren,97,91,-6,художница,158,145,-13,cartools,160,157,-3,bassinet,133,129,-4,bassinet,133,129,-4,kbeautyskincare,161,158,-3,dollartreefinds,26,26,0,tortoisenails,152,148,-4,sidehustleideas,54,51,-3,artisan,149,146,-3,chickenscream,73,72,-1,artisan,149,146,-3,allenhighschool,44,37,-7,comedytok,53,51,-2,liputan6sctv,121,114,-7,cheertok,147,142,-5,sourdoughbaking,111,109,-2,floristoftiktok,73,70,-3,布袋轎伕,185,187,2,newdances,91,87,-4,liferecently,143,136,-7,coffeelover,21,20,-1,chipotleburrito,155,151,-4,ucsd,95,93,-2,iroha,191,188,-3,,,,,bodydismorphia,193,194,1,streetskating,123,123,0,generationaltrauma,64,65,1,sidehustleideas,54,51,-3,cakeideas,58,55,-3,fruits,34,33,-1,nyceats,15,15,0,flashforge,153,152,-1,server,22,22,0,spaintravel,138,137,-1,karseell,41,39,-2,teethtok,18,21,3,teethtok,18,21,3,historiademéxico,156,154,-2,sofacover,113,109,-4,sofacover,113,109,-4,stemtoys,92,88,-4,jimrohnwisdom,186,184,-2,waltdisneystudios,184,175,-9,pregnantlife,5,5,0,fluffycow,48,45,-3,newsbom,68,65,-3,hulu,30,27,-3,ellalangley,28,22,-6,dccomics,119,111,-8,razorbumps,94,93,-1,tatuajes,3,3,0,johnboat,120,110,-10,pescadeportiva,103,99,-4,hollister,58,57,-1,freestyledance,74,71,-3,だいじょばない,104,101,-3,rainbowbridge,33,28,-5,foster,108,105,-3,ncphotographer,56,57,1,lifeessentials,30,26,-4,healthyrelationship,27,24,-3,parkersolarprobe,157,150,-7,vacuumtherapy,47,45,-2,sailormooncosplay,111,107,-4,seguridaddigital,84,82,-2,,,,,tyresehaliburton,182,178,-4,crosscountry,68,63,-5,creepyfact,73,69,-4,xiaomi,39,37,-2,stemtoys,92,88,-4,spaintravel,138,137,-1,supercars,69,65,-4,robloxgames,15,15,0,birdtok,18,17,-1
hollister,60,59,-1,acttips,157,155,-2,sasukeuchiha,107,101,-6,coloringpage,179,166,-13,carbonfiber,162,159,-3,mellizos,147,143,-4,mellizos,147,143,-4,smokeyeye,170,167,-3,redhair,39,39,0,nails?,168,164,-4,solana,58,55,-3,hardwoodfloors,173,170,-3,couplesgames,81,80,-1,hardwoodfloors,173,170,-3,classreunion,45,38,-7,80ktwins,60,58,-2,policeinvestigation,165,158,-7,gol,154,149,-5,cheapmeals,118,116,-2,tapestrycrochet,83,80,-3,麻豆金蓮寺,190,192,2,rahtitouillee,99,95,-4,booksigning,158,151,-7,drinkrecipe,22,21,-1,cakereview,181,177,-4,spaceexploration,109,107,-2,thevoice,27,23,-4,,,,,treadmill,4,4,0,skateboardingisfun,128,128,0,34weekspregnant,70,71,1,solana,58,55,-3,candygrapes,61,58,-3,coffeeshop,44,43,-1,birria,16,16,0,wirelessmicrophone,187,186,-1,gamenight,47,47,0,carnivalcruiseline,166,165,-1,naturalhairstyles,43,41,-2,dentalhealth,29,32,3,dentalhealth,29,32,3,derechopenal,157,155,-2,outdoorlights,118,114,-4,outdoorlights,118,114,-4,warmies,140,136,-4,positivityquotes,190,188,-2,outdoorplayground,191,182,-9,dailylife,6,6,0,pollos,56,53,-3,babywitch,90,87,-3,thesecretlifeoftheamericanteenager,31,28,-3,spotifymix,49,43,-6,robertpattinson,133,125,-8,perfumedemujer,98,97,-1,tattootok,4,4,0,floridaboating,121,111,-10,fishingspots,106,102,-4,hocotransition,81,80,-1,adultballet,89,86,-3,mbacantik,118,115,-3,pomeranian,41,36,-5,lostdog,123,120,-3,portraitphotographer,73,74,1,ropalimpia,35,31,-4,weddingcontentcreator,33,30,-3,viralexperiment,165,158,-7,mouthsoundsasmr,63,61,-2,remcosplay,117,113,-4,videoeditingtips,91,89,-2,,,,,bonnieblue,31,26,-5,knockout,72,67,-5,ovnis,75,71,-4,creatortips,45,43,-2,warmies,140,136,-4,carnivalcruiseline,166,165,-1,suv,88,84,-4,server,22,22,0,animalcomedy,21,20,-1
hocotransition,83,82,-1,activerecall,17,14,-3,persona5,121,115,-6,diamondpaintingcommunity,180,167,-13,m340i,173,170,-3,viralbaby,161,157,-4,viralbaby,161,157,-4,browartist,186,183,-3,haircareroutine,45,45,0,nailstrengthener,172,168,-4,internetmoney,62,59,-3,ibew,29,25,-4,travelgame,101,100,-1,ibew,29,25,-4,dreamschool,60,53,-7,jorgitoelguayaco,95,93,-2,americanpolitics,200,193,-7,basket,185,180,-5,bibigo,125,123,-2,feltcrafts,99,96,-3,民俗文化,1,2,1,freestyledance,106,102,-4,beforework,170,163,-7,nescafe,28,27,-1,buldaksauce,64,59,-5,planeta,115,113,-2,kyliejenner,38,34,-4,,,,,bodybuilder,5,5,0,motorcross,131,131,0,schwanger,73,74,1,internetmoney,62,59,-3,groceryprices,66,63,-3,crunchy,47,46,-1,asianfood,19,19,0,flashlight,24,22,-2,chess,61,61,0,beachgetaway,168,167,-1,hairstyleinspo,73,71,-2,umex,160,163,3,umex,160,163,3,19thcentury,198,196,-2,bedroomdesign,156,152,-4,bedroomdesign,156,152,-4,elfontheshelf,182,178,-4,minsetmotivation,196,194,-2,fairride,195,186,-9,morningvlog,7,7,0,ganaderia🐂🐎,60,57,-3,almasgemelas,96,93,-3,nickelodeon,37,34,-3,pop,55,49,-6,baddiesusa,190,182,-8,scrub,101,100,-1,ink,5,5,0,warship,126,116,-10,survivalskill,113,109,-4,casualstyle,87,86,-1,хореография,95,92,-3,love連拍,144,141,-3,dachshundpuppy,48,43,-5,animallovers,44,40,-4,photographyeducation,74,75,1,knotting,45,41,-4,anxiousattachment,37,34,-3,crazyscience,167,160,-7,blackheadextraction,95,93,-2,mcytcosplay,173,169,-4,newfeatures,113,111,-2,,,,,commanders,80,75,-5,universalorlando,74,69,-5,ghosttour,141,137,-4,carcharger,92,90,-2,elfontheshelf,182,178,-4,beachgetaway,168,167,-1,firstcar,118,114,-4,chess,59,59,0,polarbear,24,23,-1
casualstyle,89,88,-1,mathchallenge,26,23,-3,usagi,147,141,-6,procreatebrushes,182,168,-14,supercars,67,63,-4,firsttimemama,167,163,-4,firsttimemama,167,163,-4,maccosmetics,66,62,-4,makeuptok,46,46,0,bronxnailtech,179,175,-4,educacionfinanciera,63,60,-3,careers,33,29,-4,testrápido,109,108,-1,careers,33,29,-4,collegestruggles,70,63,-7,funnyvids,124,122,-2,gasprices,48,40,-8,المنتخب_العراقي,186,181,-5,jamaicanfood,139,137,-2,origamitutorial,122,119,-3,0713,2,3,1,poletrick,110,106,-4,lifestyletiktok,194,187,-7,coffeemate,33,32,-1,compamunchies,107,102,-5,psicologiaoscura,124,122,-2,nicolekidman,41,37,-4,,,,,mrolympia,6,6,0,ufcfighter,154,154,0,deaddadclub,77,78,1,educacionfinanciera,63,60,-3,dulcesmexicanos,91,88,-3,cocktails,56,55,-1,grandopening,27,27,0,smartphone,32,30,-2,cdl,62,62,0,norwegiancruise,173,172,-1,lacefrontwig,77,75,-2,menstruation,184,187,3,menstruation,184,187,3,historicalfacts,40,37,-3,cabinlife,178,174,-4,cabinlife,178,174,-4,pokemoncelebrations,185,181,-4,lifelessonslearned,52,49,-3,parkfun,199,190,-9,embarazo,8,8,0,cowfarm,64,61,-3,angeles,120,117,-3,adela,39,36,-3,romeosantos,57,51,-6,cowboys,72,63,-9,axilas,110,109,-1,blackandgreytattoo,9,9,0,claas,140,130,-10,pescasubmarina,121,117,-4,cardigan,95,94,-1,poledancemotivation,128,125,-3,hibahoujeij,158,155,-3,кошка,73,68,-5,кошка,51,47,-4,streetshoot,80,81,1,cleaningcloth,58,54,-4,harbourfronttoront,38,35,-3,солнечнаясистема,179,172,-7,haircutasmr,139,137,-2,fanx,8,3,-5,aiworkflow,117,115,-2,,,,,houstontexans,84,79,-5,touchdown,77,72,-5,scarystoriestotellinthedark,182,178,-4,solarlight,103,101,-2,pokemoncelebrations,185,181,-4,norwegiancruise,173,172,-1,garagetools,122,118,-4,cdl,60,60,0,rattlesnake,35,34,-1
cardigan,97,96,-1,testprep,34,31,-3,gohan,181,175,-6,woodburning,88,73,-15,suv,85,81,-4,t1dmom,168,164,-4,t1dmom,168,164,-4,eyepatches,79,75,-4,blackhair,48,48,0,nailsdone,101,96,-5,futurestrading,64,61,-3,paving,34,30,-4,challengefood,162,161,-1,paving,34,30,-4,collegeessays,98,91,-7,seconddate,125,123,-2,government,58,50,-8,obj,93,87,-6,bagels,181,179,-2,crochetpatterns,132,129,-3,1009,6,7,1,amariwow,114,110,-4,agatehunting,198,191,-7,fruitydrink,37,36,-1,crunchyice,159,154,-5,scienceofreading,195,193,-2,hamzahthefantastic,83,79,-4,,,,,10ksteps,38,38,0,jiujitsugrappling,155,155,0,prenatal,103,104,1,futurestrading,64,61,-3,costcofood,107,104,-3,salmon,79,78,-1,restaurante,35,35,0,xiaomi,34,32,-2,aniimo,108,108,0,lagoon,194,193,-1,hairstyling,90,88,-2,chiropracticcare,185,188,3,chiropracticcare,185,188,3,crazyfacts,44,41,-3,hometour,45,40,-5,hometour,45,40,-5,strawtopper,191,187,-4,mensmotivation,62,59,-3,universalepicuniverse,103,93,-10,grandpa,9,9,0,animalsanctuary,82,79,-3,amarres,121,118,-3,prettylittleliars,42,39,-3,paradedicar,60,54,-6,storm,96,87,-9,tweezers,112,111,-1,nosepiercing,10,10,0,boeing777,142,132,-10,fisching,182,178,-4,styling,143,142,-1,salsaclass,163,160,-3,ai초상화,160,157,-3,doglove,90,85,-5,doglove,65,61,-4,duoposes,82,83,1,cleantokuk,61,57,-4,firstdance,52,49,-3,electromagnetic,79,71,-8,slymuslime,147,145,-2,dragoncon,36,31,-5,dicasdetiktok,121,119,-2,,,,,76ers,91,86,-5,ballislife,80,75,-5,amityville,186,182,-4,cordlesstools,124,122,-2,strawtopper,191,187,-4,lagoon,194,193,-1,stance,137,133,-4,ببجي,200,200,0,polarbears,44,43,-1
styling,145,144,-1,satmathprep,67,64,-3,mushokutensei,45,38,-7,miniart,127,112,-15,firstcar,114,110,-4,5months,171,167,-4,5months,171,167,-4,newmakeup,89,85,-4,skintok,51,51,0,altnails,118,113,-5,cryptonews,77,74,-3,surgicaltechnologist,50,46,-4,gamefilter,18,16,-2,surgicaltechnologist,50,46,-4,universityofsoutherncalifornia,99,92,-7,andyandmichelle,143,141,-2,fucktrump,65,57,-8,goofynfl,101,95,-6,chocolatecake,75,72,-3,paperfolding,137,134,-3,0928,9,10,1,outoftouch,160,156,-4,stationaryhaul,200,193,-7,gatorade,46,45,-1,foodfight,160,155,-5,ancienthistory,15,12,-3,tlc,31,26,-5,,,,,sculpt,44,44,0,wwefans,163,163,0,31weekspregnant,113,114,1,cryptonews,77,74,-3,traderjoesfall,141,138,-3,japanesefood,82,81,-1,orlandofoodie,39,39,0,iphoneaccessories,39,37,-2,residentevil,5,4,-1,royalcaribbean,21,19,-2,rosemary,91,89,-2,backpain,10,12,2,backpain,10,12,2,familyhistory,47,44,-3,bedroominspo,64,59,-5,bedroominspo,64,59,-5,squishytok,31,26,-5,eltemachconsejos,82,79,-3,slingshotride,106,96,-10,halloweendiy,17,17,0,clickertraining,86,83,-3,obsessionspell,129,126,-3,novelas,52,49,-3,sza,72,66,-6,dbz,181,172,-9,unisexfragrance,129,128,-1,earstack,13,13,0,wheelloader,161,151,-10,bearhunting,183,179,-4,autumnfashion,191,190,-1,hotellobbychallenge,31,27,-4,等待一個對的人,166,163,-3,rabbitsoftiktok,106,101,-5,dutchshepherd,112,108,-4,eventphotographer,115,116,1,microwavecleaning,88,84,-4,relationshiptruths,76,73,-3,hubble,91,83,-8,asmrcrunchy,157,155,-2,siliconemask,37,32,-5,yopeapp,125,123,-2,,,,,lsufootball,98,93,-5,statefair,91,86,-5,городскиелегенды,190,186,-4,creality,130,128,-2,squishytok,31,26,-5,royalcaribbean,21,19,-2,mobilemechanic,147,143,-4,residentevil,5,4,-1,budgie,69,68,-1
autumnfashion,194,193,-1,algebra1,70,67,-3,arcane,60,53,-7,functionalpottery,152,137,-15,garagetools,118,114,-4,christmasbaby,178,174,-4,christmasbaby,178,174,-4,lipcare,113,109,-4,hairstyleideas,59,59,0,559nails,119,114,-5,tradingtips,79,76,-3,careerfair,53,49,-4,filtertok,20,18,-2,careerfair,53,49,-4,fafsatips,109,102,-7,officememes,156,154,-2,congress,70,62,-8,ballknowledge,121,115,-6,bananapudding,97,94,-3,knittersoftiktok,138,135,-3,1109,14,15,1,bailadores,171,167,-4,unemployedlife,82,74,-8,watertok,49,48,-1,eatdinnerwithme,180,175,-5,historybuff,58,55,-3,aespa,33,28,-5,,,,,strongman,48,48,0,kylebusch,174,174,0,breastmilkstorage,132,133,1,tradingtips,79,76,-3,savorysnacks,157,154,-3,cheesecakefactory,84,83,-1,chicagorestaurants,43,43,0,solarlight,86,84,-2,genshinimpact,6,5,-1,visit,62,60,-2,wigstyling,93,91,-2,dentalhygienist,20,22,2,dentalhygienist,20,22,2,штефанов,69,66,-3,homemaintenance,66,61,-5,homemaintenance,66,61,-5,dollhouse,36,31,-5,dewaynenoel,85,82,-3,disneylandchristmas,131,121,-10,momtobe,19,19,0,ganadería,93,90,-3,collectivemessage,130,127,-3,thewalkingdead,60,57,-3,asyarae,86,80,-6,giants,91,81,-10,fallperfume,135,134,-1,tattooremoval,14,14,0,xcmg,163,153,-10,campingvlog,199,195,-4,inspo,9,7,-2,contemporary,56,52,-4,россияукраине,187,184,-3,catsofttiktok,169,164,-5,catsofttiktok,118,114,-4,arkansasphotographer,126,127,1,jabonnatural,90,86,-4,marryme,83,80,-3,телескоп,112,104,-8,soapcuttingasmr,162,160,-2,theshape,64,59,-5,accountrecovery,140,138,-2,,,,,jsn,99,94,-5,archery,93,88,-5,ufologia,191,187,-4,humanoid,155,153,-2,dollhouse,36,31,-5,visit,62,60,-2,trailerosmexicanos🇲🇽💯😎,159,155,-4,genshinimpact,6,5,-1,gibbon,77,76,-1
inspo,9,7,-2,aytmatematik,114,111,-3,jinx,99,92,-7,horrorartist,189,174,-15,carinterior,140,136,-4,girlnames,49,44,-5,girlnames,49,44,-5,retinal,138,134,-4,colognetiktok,94,94,0,softgelnails,138,133,-5,recession,83,80,-3,westtexasoilfield,67,63,-4,quiztok,30,28,-2,westtexasoilfield,67,63,-4,highschools,126,119,-7,memeday,157,155,-2,arrest,77,69,-8,cricket,123,117,-6,souprecipe,106,103,-3,custombouquet,165,162,-3,liondancing,21,22,1,freestyledancer,196,192,-4,40thbirthday,108,100,-8,moonshine,62,61,-1,humidifierfreezerfrost,184,179,-5,classmates,108,105,-3,freyaskye,47,42,-5,,,,,fitnessfinds,49,49,0,tricking,191,191,0,amordepapá,151,152,1,recession,83,80,-3,candybowl,158,155,-3,recipeideas,91,90,-1,thingstodoindallas,45,45,0,magneticmount,103,101,-2,brainrot,7,6,-1,chengdu,135,133,-2,wigtutorial,95,93,-2,halitosis,22,24,2,halitosis,22,24,2,wwi,77,74,-3,beddingset,82,77,-5,beddingset,82,77,-5,tabasquishy,63,58,-5,stopprocrastinating,129,126,-3,ministryofmagic,135,125,-10,breastpump,20,20,0,chickencare,115,112,-3,карты,145,142,-3,кино,82,79,-3,lilwayne,92,86,-6,pen15hulu,101,91,-10,gourmand,141,140,-1,tattooinspiration,15,15,0,usairforces🇺🇸,167,157,-10,bigbuck,32,27,-5,unboxing,10,8,-2,radiocitymusichall,62,58,-4,下面留言,195,192,-3,kittenrescue,171,166,-5,vetclinic,150,146,-4,dcphotographer,142,143,1,limpiezabaño,99,95,-4,mixedcouple,100,97,-3,astronomyfacts,114,106,-8,asmrdentist,190,188,-2,mylittleponycosplay,73,68,-5,periodapp,151,149,-2,,,,,nfledits,105,100,-5,fantasyfootballadvice,99,94,-5,spiritbox,41,36,-5,creatortools,167,165,-2,tabasquishy,63,58,-5,chengdu,135,133,-2,truckmods,160,156,-4,brainrot,7,6,-1,oceanmystery,80,79,-1
unboxing,10,8,-2,matematiksoruçözümü,115,112,-3,jojos,132,125,-7,drawin,190,175,-15,acura,146,142,-4,babyfeeding,80,75,-5,babyfeeding,80,75,-5,ttsbeautybesties,141,137,-4,4chair,95,95,0,nailglueremover,151,146,-5,401k,116,113,-3,teacherquittok,142,138,-4,quizchallege,42,40,-2,teacherquittok,142,138,-4,lulus,128,121,-7,comedylegend,162,160,-2,newssctv,117,109,-8,volleyballplayer,135,129,-6,sourdoughforbeginners,129,126,-3,beginnerembroidery,194,191,-3,0726,24,25,1,hotellobbychallenge,45,40,-5,рутина,111,103,-8,coffeemaker,74,73,-1,eatingchallenge,60,54,-6,matematica,122,119,-3,familyfeud,77,72,-5,,,,,shoulderworkout,54,54,0,tkd,196,196,0,pregnant,1,1,0,401k,116,113,-3,groceries,14,10,-4,pho,126,125,-1,vegaslocal,47,47,0,worklight,118,116,-2,nintendo,14,13,-1,honeymoontrip,136,134,-2,pelo,103,101,-2,healthandwellness,32,34,2,healthandwellness,32,34,2,truecrimehistory,96,93,-3,declutter,86,81,-5,declutter,86,81,-5,screenfree,78,73,-5,vibesad🥀,131,128,-3,kidsplayroom,136,126,-10,jaleel,23,23,0,elevage,150,147,-3,astrotok,153,150,-3,austinabrams,83,80,-3,егэ,98,92,-6,marchingband,147,137,-10,nichefragrance,31,29,-2,lasertattooremoval,17,17,0,kidsscooter,180,170,-10,snook,35,30,-5,vinted,17,15,-2,danzafolklorica,73,69,-4,aniee,88,84,-4,farmchores,35,29,-6,dogtips,159,155,-4,photowalk,194,195,1,trucosdehogar,119,115,-4,teenlove,110,107,-3,kepler22b,123,115,-8,relaxingasmr,32,29,-3,coser,80,75,-5,photoeffect,153,151,-2,,,,,ohiostatefootball,148,143,-5,skiing,129,124,-5,demonio,49,44,-5,galaxys26ultra,176,174,-2,screenfree,78,73,-5,honeymoontrip,136,134,-2,приора,165,161,-4,nintendo,14,13,-1,beekeeping,94,93,-1
bridetobe,20,18,-2,studyapps,116,113,-3,coralinemovie,144,137,-7,oilpastelart,185,169,-16,trailerosmexicanos🇲🇽💯😎,153,149,-4,babyfun,93,88,-5,babyfun,93,88,-5,porecare,152,148,-4,slickback,103,103,0,handmodel,154,149,-5,tradingstrategy,143,140,-3,metalwork,38,33,-5,dicegame,48,46,-2,metalwork,38,33,-5,optometryschool,132,125,-7,garyowencomedy,164,162,-2,clima,135,127,-8,tournament,143,137,-6,cottagecheese,135,132,-3,giftcardholder,62,58,-4,官将首,54,55,1,poletricks,70,65,-5,doingthingsalone,155,147,-8,drinkingchallenge,149,148,-1,candygrapes,61,55,-6,scienceexplained,141,138,-3,seventeen,120,115,-5,,,,,bodybuildingmotivation,55,55,0,skate,6,5,-1,pregnantlife,2,2,0,tradingstrategy,143,140,-3,proteinbars,64,60,-4,traderjoeshaul,154,153,-1,placestoeat,48,48,0,jlab,119,117,-2,discord,17,16,-1,coloradotravel,143,141,-2,curlywig,111,109,-2,toothpain,34,36,2,toothpain,34,36,2,historylover,98,95,-3,kitchenupgrade,101,96,-5,kitchenupgrade,101,96,-5,tokidoki,83,78,-5,navalravikant,161,158,-3,lakehickoryhaunts,161,151,-10,dailyroutine,27,27,0,babycow,27,23,-4,guíaespiritual,59,55,-4,uktiktok🇬🇧ukviral,88,85,-3,erastour,102,96,-6,сериал,148,138,-10,dovemenpartner,40,38,-2,lippiercing,32,32,0,privateaviation,185,175,-10,mossyoak,36,31,-5,tiktokfashion,18,16,-2,poletrick,78,74,-4,alabamagirlssquad,157,153,-4,catvideo,54,48,-6,catvideo,36,31,-5,lifeofaphotographer,199,200,1,limpiezaecologica,120,116,-4,newlymarried,112,109,-3,materialscience,131,123,-8,fastandaggressiveasmr,38,35,-3,simonrileyghost,95,90,-5,برمجة,161,159,-2,,,,,jaxsondart,24,18,-6,formula1,44,38,-6,demonios,85,80,-5,flashlight,31,28,-3,tokidoki,83,78,-5,coloradotravel,143,141,-2,mecanico,177,173,-4,discord,17,16,-1,vidasalvaje,95,94,-1
walmartfinds,25,23,-2,огэгеометрия,120,117,-3,onepunchman,146,139,-7,leddrawingboard,171,154,-17,truckmods,154,150,-4,sickbaby,136,131,-5,sickbaby,136,131,-5,skintint,180,176,-4,theordinary,133,133,0,holidaynails,163,158,-5,financial,148,145,-3,handtools,40,35,-5,retomental,53,51,-2,handtools,40,35,-5,collegesearch,146,139,-7,kattwilliamscomedy,172,170,-2,legalnews,145,137,-8,geauxtigers,191,185,-6,redditespañol,169,166,-3,diychristmasdecor,124,120,-4,潮汕英歌,63,64,1,triodance,72,67,-5,lifeinalaska,192,184,-8,enjoyresponsibly,165,164,-1,spicybowls,68,62,-6,jimrohn,176,173,-3,sandrabullock,136,131,-5,,,,,creatina,59,59,0,formula1,7,6,-1,embarazo,3,3,0,financial,148,145,-3,candylover,71,67,-4,ockyway,167,166,-1,dallasfoodie,58,58,0,creatortools,147,145,-2,fc27,18,17,-1,naturebeauty,154,152,-2,lowlights,113,111,-2,cramps,45,47,2,cramps,45,47,2,auschwitzconcentrationcamp,104,101,-3,tablescape,116,111,-5,tablescape,116,111,-5,dolltok,139,134,-5,تطويرالذات,167,164,-3,playtopiamargocity,170,160,-10,birthstory,33,33,0,babypig,34,30,-4,esoteric,62,58,-4,gossipgirl,89,86,-3,titodoublep,112,106,-6,ghost,114,103,-11,fragrancelover,97,95,-2,ornamentaltattoo,88,88,0,стритец,190,180,-10,salmonfishing,43,38,-5,bridetobe,19,17,-2,balletfolklorico,84,80,-4,ฉันในวัย31,164,160,-4,spiders,96,90,-6,petgrooming,64,59,-5,photographygear,26,26,0,nhabep,141,137,-4,bfandgf,140,137,-3,refraction,162,154,-8,makingslime,39,36,-3,cosplayanime,158,153,-5,canvadesigner,171,169,-2,,,,,nflhighlights,71,65,-6,celebration,64,58,-6,reptilians,93,88,-5,3dprinted,33,30,-3,dolltok,139,134,-5,naturebeauty,154,152,-2,clean🧼,184,180,-4,fc27,18,17,-1,fauna,96,95,-1
boots,27,25,-2,егэпрофильнаяматематика,159,156,-3,animes,152,145,-7,spookyart,172,155,-17,приора,158,154,-4,babybathtime,186,181,-5,babybathtime,186,181,-5,lipcombos,190,186,-4,karseellcollagen,146,146,0,affordablenails,164,159,-5,smartmoney,173,170,-3,tradeschool,60,55,-5,lyingchallenge,55,53,-2,tradeschool,60,55,-5,cunystudents,150,143,-7,shapellacey,185,183,-2,policebodycam,41,32,-9,parlay,194,188,-6,indianfood,58,54,-4,decoraciondeeventos,126,122,-4,白沙屯媽祖,64,65,1,donttellnobody,81,76,-5,documenting,193,185,-8,coffeestation,179,178,-1,spicychallenge,82,76,-6,ww2history,91,87,-4,fazerug,143,138,-5,,,,,lowbackpain,61,61,0,therock,50,49,-1,grandpa,4,4,0,smartmoney,173,170,-3,exoticfruit,88,84,-4,fairfood,179,178,-1,bagels,60,60,0,powerstrip,167,165,-2,umamusume,19,18,-1,couplestravel,170,168,-2,texturedfringe,154,152,-2,periodcramps,47,49,2,periodcramps,47,49,2,nefertiti,108,105,-3,shoerack,122,117,-5,shoerack,122,117,-5,stuffedtoys,176,171,-5,above,76,72,-4,tronlightcyclerun,171,161,-10,adayinmylife,34,34,0,hoofcleaning,38,34,-4,тароонлайн,79,75,-4,larosadeguadalupe,101,98,-3,rnbmusic,126,120,-6,eagles,117,106,-11,licensedesthetician,100,98,-2,portraittattoo,93,93,0,driftkart,46,35,-11,archeryhunting,55,50,-5,walmartfinds,24,22,-2,irishdance,86,82,-4,semogarejekikitaberlimpah,165,161,-4,chihuahualife,131,125,-6,kittenrescue,120,115,-5,digitalcam,27,27,0,提升幸福感好物,175,171,-4,datingstandards,142,139,-3,cellbiology,99,90,-9,viralasmr,52,49,-3,therianpride,197,192,-5,protectyourdata,179,177,-2,,,,,obj,97,91,-6,americanfootball,89,83,-6,ghostcaughtoncamera,103,98,-5,iphoneaccessories,49,46,-3,stuffedtoys,176,171,-5,couplestravel,170,168,-2,jeepgirl,195,191,-4,umamusume,19,18,-1,monyetlucu,97,96,-1
looks,29,27,-2,graphing,167,164,-3,cartoonforkids,174,167,-7,silkycrayons,173,156,-17,mecanico,169,165,-4,babysignlanguage,189,184,-5,babysignlanguage,189,184,-5,ceravepartner,33,28,-5,whiteningtoothpaste,148,148,0,diynailart,170,165,-5,ingresosextra,183,180,-3,soldador,88,83,-5,funquiz,105,103,-2,soldador,88,83,-5,ماجستير,181,174,-7,funnyreels,27,24,-3,criminal,61,52,-9,giannis,199,193,-6,nutella,88,84,-4,crochettips,128,124,-4,lansurong2024,74,75,1,radiocitymusichall,85,80,-5,whatispendinaday,197,189,-8,cocktailtime,189,188,-1,frozendessert,116,110,-6,degree,98,94,-4,talkshow,146,141,-5,,,,,hipmobility,68,68,0,boxingtraining,60,59,-1,expectingmom,25,25,0,ingresosextra,183,180,-3,caketrends,94,90,-4,icedcoffee,21,19,-2,fresasconcrema,64,64,0,appleevent,176,174,-2,unstablesmp,36,35,-1,visitchina,186,184,-2,pantene,161,159,-2,lowbackpain,115,117,2,lowbackpain,115,117,2,derechoslaborales,111,108,-3,fallbedding,150,145,-5,fallbedding,150,145,-5,skullpandapopmart,177,172,-5,ericthomas,117,113,-4,epicuniversethemepark,178,168,-10,digitaldiary,40,40,0,chick,40,36,-4,aquarius♒️,81,77,-4,damonsalvatore,109,106,-3,teacherhumor,131,125,-6,corridos,139,128,-11,rollonperfume,137,135,-2,religioustattoo,104,104,0,roughseas,103,92,-11,commercialfishing,61,56,-5,boots,26,24,-2,soniderosdemexico,88,84,-4,美丽人生,169,165,-4,rooster,137,131,-6,iggy,134,129,-5,cinematicphotography,29,29,0,キッチン収納,186,182,-4,contemporaryromance,145,142,-3,astrobiology,106,97,-9,fypcleaning,55,52,-3,corpsebridecosplay,62,56,-6,aivideocreation,185,183,-2,,,,,collegegameday,102,96,-6,jiujitsu,111,105,-6,truescarystories,123,118,-5,cordlessblower,76,73,-3,skullpandapopmart,177,172,-5,visitchina,186,184,-2,mercedesbenz,61,56,-5,minigame,24,23,-1,seaotter,98,97,-1
tattooideas,35,33,-2,homeschoolmath,168,165,-3,sukunaryomen,186,179,-7,artlover,83,65,-18,clean🧼,176,172,-4,nicumom,28,22,-6,nicumom,28,22,-6,concealer,55,50,-5,layers,151,151,0,nailgelpolish,174,169,-5,preciousmetals,195,192,-3,oilfieldlife,96,91,-5,mostlikely,123,121,-2,oilfieldlife,96,91,-5,gaokao,182,175,-7,mem,38,35,-3,hurricaneseason,63,54,-9,tigers,97,90,-7,grilledcheese,100,96,-4,birthdaybouquet,131,127,-4,蘇澳武功堂,80,81,1,danc,90,85,-5,mecfs,38,29,-9,pumpkinspiceseason,24,22,-2,bettergoods,141,135,-6,worldwar2,101,97,-4,witneycarson,159,154,-5,,,,,streetworkout,78,78,0,lewishamilton,64,63,-1,3rdtrimester,31,31,0,preciousmetals,195,192,-3,retrocandy,161,157,-4,tiktokgo,23,21,-2,finedining,65,65,0,cordlessblower,63,60,-3,mcyt,46,45,-1,oasisoftheseas,193,191,-2,texturedhair,194,192,-2,antidepressants,122,124,2,antidepressants,122,124,2,asesorialegal,147,144,-3,doormat,169,164,-5,doormat,169,164,-5,squishys,28,22,-6,cambiatumente,123,119,-4,thrillrides,179,169,-10,eveningroutine,41,41,0,highlandcattle,53,49,-4,capricornio,107,103,-4,samwinchester,140,137,-3,letrasdecanciones,155,149,-6,reflexiones,141,130,-11,smellgoodfeelgood,151,149,-2,navelpiercing,110,110,0,golfcarts,105,94,-11,kingsalmon,64,59,-5,looks,28,26,-2,zaouli,100,96,-4,videogen,18,13,-5,dutchshepherd,163,157,-6,doggie,138,133,-5,viltrox,37,37,0,حيلة_مفيده,198,194,-4,divorcedmom,159,156,-3,universesandbox,109,100,-9,slimemixing,69,66,-3,pokemoncosplay,107,101,-6,dataprivacy,26,23,-3,,,,,justinjefferson,109,103,-6,texaslonghorns,117,111,-6,paranormalstories,135,130,-5,ipod,97,94,-3,squishys,28,22,-6,oasisoftheseas,193,191,-2,surronster,95,90,-5,unstablesmp,35,34,-1,alligators,115,114,-1
watch,42,40,-2,репетиторпоматематике,63,59,-4,manipulator,192,185,-7,artsoftiktok,147,129,-18,baddriver,180,176,-4,sachi,89,83,-6,sachi,89,83,-6,theordinary,62,57,-5,affordablemakeup,168,168,0,holotaco,60,54,-6,bitcoin,27,23,-4,ironworker,97,92,-5,retodeconocimiento,147,145,-2,ironworker,97,92,-5,6toa,190,183,-7,jaja,52,49,-3,newstok,92,83,-9,footballedits,103,96,-7,biscoff,101,97,-4,craftingcommunity,134,130,-4,兄弟情誼,106,107,1,twostepping,98,93,-5,longdistancebestfriend,52,43,-9,freecoffee,32,30,-2,sanfranciscofoodie,154,148,-6,matematicas,113,109,-4,impracticaljokers,86,80,-6,,,,,fitnesstiktok,86,86,0,kimiantonelli,69,68,-1,grieving,41,41,0,bitcoin,27,23,-4,dollartreesnacks,166,162,-4,burger,29,27,-2,speakeasy,67,67,0,carcharger,79,76,-3,harvestmoon,51,50,-1,tiktokgocreator,19,16,-3,sleekponytail,200,198,-2,dentalcare,5,6,1,dentalcare,5,6,1,napoleonbonaparte,19,15,-4,studioapartment,174,169,-5,studioapartment,174,169,-5,squishyhaul,29,23,-6,adviceoftheday,126,122,-4,themeparktiktok,92,81,-11,yarn,56,56,0,ganaderos,63,59,-4,manifestar,171,167,-4,filmedit,172,169,-3,malcolmtodd,47,40,-7,rezero,167,156,-11,ombrebrows,162,160,-2,piercingvideo,114,114,0,sany,154,143,-11,fishnets,88,83,-5,watch,40,38,-2,dancecommunity,101,97,-4,citacitajadiistriboboy,105,100,-5,petgrooming,89,82,-7,bigdogs,163,158,-5,mobilephotography,39,39,0,tipdelimpieza,44,39,-5,divorcedwomen,164,161,-3,planetaryscience,147,138,-9,handmadeball,74,71,-3,undertalecosplay,109,103,-6,adobeillustrator,28,25,-3,,,,,billsmafia,112,106,-6,tigers,136,130,-6,podcastparanormal,146,141,-5,aicontentcreation,136,133,-3,squishyhaul,29,23,-6,tiktokgocreator,19,16,-3,towtruck,109,104,-5,mcyt,45,44,-1,venomous,135,134,-1
twopieceset,44,42,-2,alevelmaths,92,88,-4,invincibleedit,41,33,-8,artdrawings,148,130,-18,jeepgirl,186,182,-4,travelwithbaby,97,91,-6,travelwithbaby,97,91,-6,settingpowder,73,68,-5,fragrance,4,3,-1,nailstiktok,157,151,-6,savingschallenge,43,39,-4,herramientasdetrabajo,120,115,-5,riddles,25,22,-3,herramientasdetrabajo,120,115,-5,usu,67,59,-8,mojobrookzz,73,70,-3,johnkiriakou,94,85,-9,texasfootball,104,97,-7,gamedayeats,116,112,-4,eternalbouquets,136,132,-4,東嶽大帝,114,115,1,danzafolklorica,104,99,-5,femalefriendship,113,104,-9,espressomartini,40,38,-2,spicysnack,176,170,-6,senioritis,114,110,-4,jenniferaniston,127,121,-6,,,,,classicphysique,90,90,0,f1edit,85,84,-1,babyregistrymusthaves,53,53,0,savingschallenge,43,39,-4,hebfinds,57,52,-5,buffet,63,61,-2,chicagothingstodo,72,72,0,vlogcamera,90,87,-3,gtarp,53,52,-1,freethingstodo,141,138,-3,hairmask,28,25,-3,oralhygiene,8,9,1,oralhygiene,8,9,1,africanhistory,46,42,-4,houstonrealestate,192,187,-5,houstonrealestate,192,187,-5,remotecontrol,75,69,-6,letgoandgrow,134,130,-4,bubbleplanetexperience,95,84,-11,capcutfamília,82,82,0,cattlefarming,103,99,-4,protectionspell,179,175,-4,lokilaufeyson,189,186,-3,rileygreen,54,47,-7,alightmotion,126,114,-12,loccitane,166,164,-2,liontattoo,191,191,0,bicidemontaña,150,138,-12,рр4,95,90,-5,twopieceset,42,40,-2,broadwaytiktok,102,98,-4,cariduda,132,127,-5,polarbear,112,105,-7,dogrescue,57,51,-6,familyphotoshoot,55,55,0,ropablanca,67,62,-5,relationshipredflags,188,185,-3,atomo,152,143,-9,kineticsand,76,73,-3,marvelrivalscosplay,132,126,-6,watchhistory,80,77,-3,,,,,mnf,132,126,-6,footballedits,149,143,-6,apariciones,154,149,-5,nokia,141,138,-3,remotecontrol,75,69,-6,freethingstodo,141,138,-3,infiniti,111,106,-5,harvestmoon,49,48,-1,mongoose,154,153,-1
fallstyle,51,49,-2,ipn,129,125,-4,coralinejones,63,55,-8,colortokcommunity,162,144,-18,mercedesbenz,59,54,-5,mommysgirl,100,94,-6,mommysgirl,100,94,-6,microneedling,127,122,-5,lipcombo,29,28,-1,shortsquarenails,159,153,-6,dollargeneralcouponing,56,52,-4,millwright,140,135,-5,brainteasers,27,24,-3,millwright,140,135,-5,collegeappseason,68,60,-8,comedypodcast,78,75,-3,tiktokinforma,97,88,-9,sportsmom,106,99,-7,steaktiktok,128,124,-4,bouquettutorial,149,145,-4,仁勇轎伕,148,149,1,бальныетанцы,116,111,-5,giftexchange,135,126,-9,martini,43,41,-2,crunchysnacks,189,183,-6,napoleonicwars,131,127,-4,taylorswiftedit,149,143,-6,,,,,weightlosstips,104,104,0,smx,115,114,-1,motherhoodunplugged,55,55,0,dollargeneralcouponing,56,52,-4,samsclubhaul,67,62,-5,groceryhaul,64,62,-2,coffeereview,73,73,0,geminilive,92,89,-3,residentevil4,73,72,-1,icelandtravel,146,143,-3,karseellcollagen,53,50,-3,physicaltherapy,12,13,1,physicaltherapy,12,13,1,histoireafricaine,53,49,-4,homerenovation,21,15,-6,homerenovation,21,15,-6,oshikatsu,77,71,-6,oliviafrasesdemotivacion,136,132,-4,sixflagsmexico,108,97,-11,amorfamiliar,151,151,0,babycows,147,143,-4,zodiaco,61,56,-5,sydneysweeney,46,42,-4,blueeyes,69,62,-7,risa,161,149,-12,ingrownhairtreatment,169,167,-2,tattooart,7,6,-1,gotrax,191,179,-12,fishingchallenge,144,139,-5,fallstyle,49,47,-2,bailadores,116,112,-4,ankaraaaaaaaaaaaaa,150,145,-5,corgisoftiktok,167,160,-7,doghumor,63,57,-6,kodakphotoprinter,62,62,0,simplefix,73,68,-5,spicyromance,199,196,-3,nonnewtonianfluid,198,189,-9,spidermanasmr,117,114,-3,claireredfieldcosplay,163,157,-6,appbuilder,90,87,-3,,,,,beardown,136,130,-6,gluteworkout,164,158,-6,uaptiktok,162,157,-5,bluetti,197,194,-3,oshikatsu,77,71,-6,icelandtravel,146,143,-3,ktm,112,107,-5,gtarp,51,50,-1,bravewilderness,191,190,-1
sweaterweather,52,50,-2,mathpractice,135,131,-4,berserk,114,106,-8,pencilsketch,196,178,-18,surronster,92,87,-5,babyhack,117,111,-6,babyhack,117,111,-6,maybellinepartner,150,145,-5,mascara,43,42,-1,diseñodeuñas,125,118,-7,wallstreet,61,57,-4,medicalcoding,188,183,-5,bookofken,40,37,-3,medicalcoding,188,183,-5,gurusd,101,93,-8,eseperez,79,76,-3,meteorology,122,113,-9,floridagators,119,112,-7,toddlermeals,180,176,-4,knittingtutorial,150,146,-4,马来西亚玄龙体育总会,156,157,1,salsadancing,117,112,-5,tikitakis,152,143,-9,mixology,69,67,-2,asiansnackbox,195,189,-6,ancientegypt,35,30,-5,wifeswap,200,194,-6,,,,,legsworkout,107,107,0,khamzatchimaev,136,135,-1,duedate,67,67,0,wallstreet,61,57,-4,snackhaul,69,64,-5,oreo,67,65,-2,losangelesfood,77,77,0,nokia,126,123,-3,destiny2,98,97,-1,bellagio,148,145,-3,layers,56,53,-3,freshbreath,13,14,1,freshbreath,13,14,1,geografia,55,51,-4,halloweenfinds,49,43,-6,halloweenfinds,49,43,-6,thomasandfriends,143,137,-6,wordsfrommemaw,137,133,-4,freekidsactivities,116,105,-11,breastmilk,26,25,-1,chickenmath,175,171,-4,sagitario,84,79,-5,residentevilmovie,81,77,-4,liveperformance,97,90,-7,juicewrld,200,188,-12,gucciguilty,43,40,-3,tattoodesign,8,7,-1,planeedit,195,183,-12,bigbuckdown,159,154,-5,sweaterweather,50,48,-2,bachatachallenge,120,116,-4,rizayeva__01,151,146,-5,dogvideos,176,169,-7,gatosgraciosos,80,74,-6,poseinspo,63,63,0,smarthack,109,104,-5,ilovemyman,45,41,-4,espaciotiempo,161,151,-10,medicalasmr,134,131,-3,mikantsumikicosplay,172,166,-6,emergentai,97,94,-3,,,,,seattleseahawks,143,137,-6,softballlife,172,166,-6,paranormalpodcast,174,169,-5,technews,46,42,-4,thomasandfriends,143,137,-6,bellagio,148,145,-3,carinterior,145,140,-5,residentevil4,71,70,-1,reptiles,15,13,-2
loungewear,54,52,-2,mathpuzzle,138,134,-4,helluvaboss,120,112,-8,wildlifeart,82,63,-19,towtruck,105,100,-5,miprincesa💕,122,116,-6,miprincesa💕,122,116,-6,sensitiveskin,37,31,-6,clusterlashes,53,52,-1,cuticlecare,133,126,-7,sephorasquad,66,62,-4,woodscraft,198,193,-5,rockpaperscissor,46,43,-3,woodscraft,198,193,-5,tasc,139,131,-8,هههههههههههههههههههههههههههههههههههههه,88,85,-3,hurricanehelene,147,138,-9,macklincelebrini,151,144,-7,latenightsnack,79,74,-5,spooncarving,168,164,-4,東石三塊厝福德廟,168,169,1,balletfolklorico,121,116,-5,camerarolldump,175,166,-9,titos,81,79,-2,longjohnsilvers,39,32,-7,ancienthumans,97,92,-5,ddg,26,19,-7,,,,,naturalbodybuilding,120,120,0,glamis,165,164,-1,pregnancysymptoms,72,72,0,sephorasquad,66,62,-4,candies,70,65,-5,coffeetime,98,96,-2,orlandoeats,78,78,0,motorola,128,125,-3,deltaforce,103,102,-1,godomrep,164,161,-3,headspa,88,85,-3,chiropractor,14,15,1,chiropractor,14,15,1,usahistory,93,89,-4,livingroom,52,46,-6,livingroom,52,46,-6,pokemoncardsopening,151,145,-6,mindsethacks,149,145,-4,darkuniverse,119,108,-11,cozynightin,72,71,-1,calfs,187,183,-4,guidance,91,86,-5,romcom,118,114,-4,reggae,137,130,-7,brysontiller,134,121,-13,goatee,62,59,-3,tattooinspo,12,11,-1,bikegear,197,185,-12,bowhunter,38,32,-6,loungewear,52,50,-2,danzadelosdiablos,132,128,-4,_rizayeva_01,152,147,-5,reptiles,69,61,-8,chihuahualife,90,84,-6,missouriphotographer,67,67,0,homecleaner,114,109,-5,datinginyour30s,57,53,-4,angularmomentum,87,76,-11,asmrvideosounds,166,163,-3,popcon,179,173,-6,privacysettings,100,97,-3,,,,,macklincelebrini,150,144,-6,floridagators,178,172,-6,cecilhotel,181,176,-5,openai,67,63,-4,pokemoncardsopening,151,145,-6,godomrep,164,161,-3,acura,151,146,-5,destiny2,95,94,-1,kangaroo,20,18,-2
pants,59,57,-2,equations,140,136,-4,dreamworks,129,121,-8,paintmarkers,114,95,-19,infiniti,107,102,-5,nicuawarenessmonth,124,118,-6,nicuawarenessmonth,124,118,-6,beautyfinds,46,40,-6,blush,62,61,-1,dfwnails,144,137,-7,estateplanning,96,92,-4,amazonjobs,199,194,-5,guessthecountry,57,54,-3,amazonjobs,199,194,-5,fstudents,163,155,-8,schoolmemes,102,99,-3,geopolitics,57,47,-10,baseballmom,168,161,-7,chocolatechipcookie,98,93,-5,jabonartesanal,196,192,-4,下太子和意堂,196,197,1,soniderosdemexico,126,121,-5,geodecracking,189,180,-9,vitaminwater,96,94,-2,onioncups,79,71,-8,familyhistory,149,144,-5,druski,37,30,-7,,,,,abdomenplano,136,136,0,motorsport,24,22,-2,grossesse,83,83,0,estateplanning,96,92,-4,platter,78,73,-5,peanutbutter,105,103,-2,chicagoland,80,80,0,iphonecamera,157,154,-3,mobilegames,136,135,-1,travelugc,184,181,-3,finehair,109,106,-3,probiotics,16,17,1,probiotics,16,17,1,ancientmystery,127,123,-4,comforterset,62,56,-6,comforterset,62,56,-6,pokemonrestock,155,149,-6,mindsetpositif,185,181,-4,disneyfriends,140,129,-11,autismfamily,125,124,-1,minicow,22,17,-5,astrologysigns,95,90,-5,комедия,200,196,-4,songcover,163,156,-7,concerts,142,129,-13,asseek,65,62,-3,hennaart,29,28,-1,superyacht,110,97,-13,turkeyhunting,39,33,-6,pants,57,55,-2,dancecrew,167,163,-4,페이스드로잉,155,150,-5,dogfood,72,64,-8,doggy,94,88,-6,filmphotography,9,8,-1,limpiezayorden,140,135,-5,relationshipquotes,63,59,-4,coolscience,93,82,-11,macrovideo,71,67,-4,cosplaycostume,184,178,-6,aiapp,106,103,-3,,,,,newyorkjets,188,182,-6,duckhunting,198,192,-6,etcontact,189,184,-5,googlechrome,79,75,-4,pokemonrestock,155,149,-6,travelugc,184,181,-3,toyotatacoma,182,177,-5,deltaforce,100,99,-1,gecko,27,25,-2
tiktokshoprestock,70,68,-2,upsa,150,146,-4,funnyanimation,173,165,-8,drawingboard,150,131,-19,ktm,108,103,-5,daysidukes,145,139,-6,daysidukes,145,139,-6,viralmakeup,82,76,-6,lipbalm,77,76,-1,sallyhansen,95,87,-8,businessstrategy,103,99,-4,drilling,123,117,-6,alejoigoa,59,56,-3,drilling,123,117,-6,tulaneuniversity,165,157,-8,garyowen,103,100,-3,september11,89,79,-10,footballgame,74,66,-8,easymeal,109,104,-5,paperflowers,88,83,-5,0101,4,4,0,adultballet,127,122,-5,lifestyletok,109,99,-10,coffeegirl,142,140,-2,seafoodasmr,102,94,-8,histoireafricaine,165,160,-5,damianodavid,80,73,-7,,,,,ifbbpro,160,160,0,skatepark,52,50,-2,seniorcare,101,101,0,businessstrategy,103,99,-4,mesadepostres,84,79,-5,coffeelover,110,108,-2,carlsjr,87,87,0,galaxys26ultra,161,158,-3,counterstrike2,139,138,-1,pnwonderland,98,94,-4,sidepart,118,115,-3,pharmacy,17,18,1,pharmacy,17,18,1,voynichmanuscript,14,9,-5,affordablehousing,63,57,-6,affordablehousing,63,57,-6,fingerboarding,167,161,-6,mentebrillante,199,195,-4,californiasgreatamerica,145,134,-11,pregnancysymptoms,141,140,-1,minicows,49,44,-5,librazodiac,136,131,-5,nicolekidman,66,61,-5,authentik,35,27,-8,libra,156,143,-13,phlurfragrance,115,112,-3,nyctattooartist,76,75,-1,nobrakes,111,98,-13,fishingtiktok,40,34,-6,tiktokshoprestock,68,66,-2,бальныетанцы,82,77,-5,wadibio,156,151,-5,doghumor,88,80,-8,doxie,100,94,-6,iphonephotography,22,21,-1,perkarayangbaikdisyorkan,154,149,-5,weddingcontent,68,64,-4,particlephysics,113,102,-11,мыло,80,76,-4,jjbacosplay,57,50,-7,webdeveloper,132,129,-3,,,,,jalenhurts,55,48,-7,kickboxing,200,194,-6,misteriosocultos,195,190,-5,newiphone,85,81,-4,fingerboarding,167,161,-6,pnwonderland,98,94,-4,baddriver,189,184,-5,mobilegames,132,131,-1,قرودمضحكه,52,50,-2
activewear,73,71,-2,earlyliteracy,45,40,-5,stan,178,170,-8,paintinghacks,170,151,-19,toyotatacoma,174,169,-5,cutebabytiktok,151,145,-6,cutebabytiktok,151,145,-6,larocheposaypartner,133,127,-6,ponytail,85,84,-1,nailtechtiktok,136,128,-8,sidehustlesforbeginners,127,123,-4,sparkdelivery,129,123,-6,generalknowledgequiz,63,60,-3,sparkdelivery,129,123,-6,universitasterbuka,185,177,-8,2028bride,122,119,-3,familycourt,112,102,-10,footbal,88,80,-8,easyappetizer,194,189,-5,diypartyideas,92,87,-5,嗨起來,61,61,0,indiandance,168,163,-5,sahmvlog,115,105,-10,frozenmargarita,151,149,-2,planefood,111,103,-8,napoleonbonaparte,45,39,-6,cripmac55thst,147,140,-7,,,,,йога,171,171,0,judo,93,91,-2,thirdbaby,137,137,0,sidehustlesforbeginners,127,123,-4,littledebbiechristmastreecakes,85,80,-5,pollo,112,110,-2,dallasthingstodo,91,91,0,bluetti,175,172,-3,residentevilrequiem,158,157,-1,fallgetaway,118,114,-4,hairclips,152,149,-3,gummies,26,27,1,gummies,26,27,1,historian,78,73,-5,walldecor,75,69,-6,walldecor,75,69,-6,gundamcommunity,168,162,-6,raylewis,13,8,-5,radiatorspringsracers,165,154,-11,thirdtrimestermama,162,161,-1,natethehoofguy,55,50,-5,twinflames,150,145,-5,godzilla,67,62,-5,90smusic,61,53,-8,chrisbrown,157,144,-13,chocomusk,127,124,-3,tattoofail,145,144,-1,f14tomcat,116,103,-13,sitkagear,74,68,-6,activewear,71,69,-2,salsadancing,83,78,-5,長い舌,154,148,-6,birdtok,94,86,-8,catlitter,102,96,-6,dfwphotographer,34,33,-1,cairanpembersih,157,152,-5,attachmentstyle,72,68,-4,scienceisfun,127,116,-11,dawndishsoap,130,126,-4,mizicosplay,118,110,-8,photoshopediting,149,146,-3,,,,,bengals,76,69,-7,obj,133,126,-7,zangbeto,196,191,-5,vlogcamera,106,102,-4,gundamcommunity,168,162,-6,fallgetaway,118,114,-4,carenthusiast,98,92,-6,counterstrike2,135,134,-1,animalworld,83,81,-2
fallseason,75,73,-2,multiplication,48,43,-5,legobatman,196,188,-8,arttools,199,180,-19,carenthusiast,95,89,-6,babybook,165,159,-6,babybook,165,159,-6,liptreatment,134,128,-6,hygieneroutine,143,142,-1,nailtechmusthaves,200,192,-8,debtfreecommunity,132,128,-4,weldingschool,133,127,-6,quizgame,88,85,-3,weldingschool,133,127,-6,commuterstudent,59,50,-9,adulthumor,113,109,-4,politicaldebate,120,110,-10,footballmom,94,86,-8,dinneridea,108,102,-6,polymerclaycreations,105,100,-5,liondance2024,73,73,0,bachatachallenge,176,171,-5,nospendseptember,179,169,-10,looseleaftea,193,191,-2,mcdonaldsorder,120,112,-8,умскул,77,71,-6,steveharvey,76,68,-8,,,,,oxyshred,2,1,-1,skitok,108,106,-2,embryotransfer,163,163,0,debtfreecommunity,132,128,-4,schoolsnacks,97,92,-5,drinkrecipe,115,113,-2,costamesa,98,98,0,3dprinted,27,23,-4,redditreading,194,193,-1,mountaingetaway,124,120,-4,leaveinconditioner,175,172,-3,oralcare,1,1,0,oralcare,1,1,0,wildlifebiology,196,191,-5,hometransformation,139,133,-6,hometransformation,139,133,-6,mech,171,165,-6,selfforgiveness,69,64,-5,itsasmallworld,94,82,-12,diygift,169,168,-1,bighorse,73,68,-5,тарогадание,151,146,-5,cobrakai,72,67,-5,talkingstage,67,59,-8,hungergames,160,147,-13,toothgems,157,154,-3,tattooremovalmelbourne,196,195,-1,eoeotwo,117,104,-13,barnaclechronicles,186,180,-6,fallseason,73,71,-2,indiandance,114,109,-5,hothuy87,170,164,-6,petgrief,134,126,-8,corgisoftiktok,116,110,-6,birthdayshoot,36,35,-1,욕실인테리어,200,195,-5,lovelanguages,75,71,-4,spacefact,137,126,-11,sudsysqueezes,138,134,-4,maskedtok,198,190,-8,tiktokediting,157,154,-3,,,,,miamidolphins,111,104,-7,sportsmom,155,148,-7,huntedhouse,199,194,-5,wiredheadphones,115,111,-4,mech,171,165,-6,mountaingetaway,124,120,-4,cleanest,129,123,-6,residentevilrequiem,154,153,-1,petbird,87,85,-2
bodysuit,80,78,-2,mathedit,74,69,-5,beyblade,197,189,-8,myartwork,166,146,-20,cleanest,125,119,-6,sleepsack,192,186,-6,sleepsack,192,186,-6,sephorafinds,145,139,-6,hairstyles,34,32,-2,browardnailtech,102,93,-9,nordstrom,88,83,-5,electricalcontractor,147,141,-6,findthedifference,97,94,-3,electricalcontractor,147,141,-6,academicexcellence,115,106,-9,elmexitachi,116,112,-4,blackamericans,132,122,-10,lsufootball,96,88,-8,реддит,112,106,-6,diygiftideas,110,105,-5,大舍甲順天府,88,88,0,perspectivematters,180,175,-5,morningchat,186,176,-10,dailyritual,197,195,-2,crunchasmr,177,169,-8,undergrad,104,98,-6,angelinajolie,130,122,-8,,,,,winterarc,3,2,-1,kamilavalieva,127,125,-2,pumpwithme,22,21,-1,nordstrom,88,83,-5,varietypack,106,101,-5,nutella,153,151,-2,japanesefood,13,12,-1,newiphone,73,69,-4,minigame,25,23,-2,couplestrip,139,135,-4,edges,50,46,-4,oralhealth,2,2,0,oralhealth,2,2,0,anthropology,29,23,-6,cozyblanket,141,135,-6,cozyblanket,141,135,-6,kendama,70,63,-7,motivercity89,132,127,-5,hauntedmansionholiday,113,101,-12,cricutprojects,175,174,-1,heifer,109,104,-5,witchytips,161,156,-5,pen15edit,74,69,-5,vocals,79,71,-8,witchtok,178,165,-13,beardserum,158,155,-3,melbournetattooremoval,198,197,-1,mscseascape,130,117,-13,deadliestcatch,50,43,-7,bodysuit,78,76,-2,freestyledancer,134,129,-5,vhd_iu25,174,168,-6,catdistributionsystem,170,162,-8,cleandog,175,169,-6,beginnerphotography,57,56,-1,meovatgiadinh,28,22,-6,futurehusband,93,89,-4,astro_dark,151,140,-11,slimetutorial,46,41,-5,illusions,70,61,-9,ai工具,178,175,-3,,,,,minnesotavikings,141,134,-7,shaquille,158,151,-7,lizziebordenhouse,52,46,-6,astronautprojector,128,124,-4,kendama,70,63,-7,couplestrip,139,135,-4,ram1500,176,170,-6,redditreading,190,189,-1,alpaca,121,119,-2
pajamas,86,84,-2,geometri,91,86,-5,cyberpunkedgerunners,78,69,-9,fountainpenink,153,132,-21,mobiledetailing,144,138,-6,momofmultiples,160,153,-7,momofmultiples,160,153,-7,oilyskin,146,140,-6,skin,37,35,-2,pedicures,161,152,-9,banking,91,86,-5,plumbingtips,156,150,-6,boardgamegeek,99,96,-3,plumbingtips,156,150,-6,الشهادة_السودانية,120,111,-9,ukmemes,134,130,-4,gop,158,148,-10,softballtiktoks,99,91,-8,biscuits,113,107,-6,diykeychain,90,84,-6,博南轎班會,96,96,0,irishdance,124,118,-6,chicagovlog,83,72,-11,arizonatea,198,196,-2,airplanefood,56,46,-10,crazyfacts,136,130,-6,familyfeudfunny,170,162,-8,,,,,hyrox,8,7,-1,batista,129,127,-2,capcutfamília,40,39,-1,banking,91,86,-5,potluck,59,53,-6,grandopening,175,173,-2,pho,18,17,-1,ipod,85,81,-4,gamingtiktok,55,53,-2,wellnessretreat,150,146,-4,copperhair,100,96,-4,massage,3,3,0,massage,3,3,0,humanhistory,36,30,-6,showerhead,142,136,-6,showerhead,142,136,-6,beybladex,87,80,-7,自我成长,139,134,-5,scarezone,144,132,-12,lanternfestival,190,189,-1,feedercattle,191,186,-5,libraenergy,165,160,-5,thesopranos,80,75,-5,damianodavid,96,88,-8,loki,84,70,-14,altfragrances,177,174,-3,татуировки,61,59,-2,doubledecker,152,139,-13,offgridcamping,59,52,-7,pajamas,84,82,-2,cumbion,152,147,-5,🇳🇱🇹🇼,177,171,-6,whales,175,167,-8,tiktokdogs,181,175,-6,orlandophotographer,59,58,-1,homecleaningtips,52,46,-6,myforeverlove,152,148,-4,микромир,155,144,-11,asmrchallenge,84,79,-5,chicacosplay,81,71,-10,bypassai,44,40,-4,,,,,archmanning,152,145,-7,fightnight,160,153,-7,perturbador,54,48,-6,torras,162,158,-4,beybladex,87,80,-7,wellnessretreat,150,146,-4,carlovers,180,174,-6,gamingtiktok,53,51,-2,arachnid,132,130,-2
comfrt,108,106,-2,toánhọc,104,99,-5,looneytunes,83,74,-9,jadesummer,164,143,-21,ram1500,168,162,-6,babydragon,169,162,-7,babydragon,169,162,-7,cerave,41,34,-7,mensgrooming,52,50,-2,nailgel,94,84,-10,forextrading,101,96,-5,epoxyfloors,178,172,-6,quizenespañol,102,99,-3,epoxyfloors,178,172,-6,campusvibes,151,142,-9,funnyasf,144,140,-4,thisisamerica,193,183,-10,hockeytiktoks,113,105,-8,frenchfries,133,127,-6,halloweencrochet,139,133,-6,非物质文化,105,105,0,bharatanatyam,138,132,-6,dayvlog,145,134,-11,whiskey,27,24,-3,foodeating,57,47,-10,testprep,159,153,-6,bloodhoundq50,48,39,-9,,,,,c4partner,21,20,-1,f1drivers,162,160,-2,amorfamiliar,78,77,-1,forextrading,101,96,-5,charcuterieboard,62,56,-6,souprecipe,198,196,-2,thingstodoinatlanta,24,23,-1,wiredheadphones,99,95,-4,rage,60,58,-2,cabintrip,152,148,-4,purplehairmask,121,117,-4,badbreath,4,4,0,badbreath,4,4,0,laborlaw,51,45,-6,tvstand,159,153,-6,tvstand,159,153,-6,squishycollection,90,83,-7,인생조언,164,159,-5,disneyparis,176,164,-12,adayinthelife,195,194,-1,peternakmuda,106,100,-6,esoterismo,190,185,-5,dcu,92,87,-5,trap,103,95,-8,dashcam,192,178,-14,colognetok,34,30,-4,tattooreveal,79,77,-2,wheeliebike,133,119,-14,netfishing,79,72,-7,comfrt,106,104,-2,bailandobachata,192,187,-5,cooleyes,24,17,-7,dogrescue,81,72,-9,dogfood,50,43,-7,filmmakinggear,99,98,-1,repairhacks,57,51,-6,attachmentstyles,155,151,-4,diyexperiment,119,107,-12,lullabites,105,100,-5,foxycosplay,84,74,-10,webdevelopment,57,53,-4,,,,,nfldraft,157,150,-7,snowboarding,180,173,-7,terrortiktok,62,56,-6,iphone14,163,159,-4,squishycollection,90,83,-7,cabintrip,152,148,-4,chevysilverado,132,125,-7,rage,58,56,-2,junglelife,142,140,-2
winterfashion,154,152,-2,matematică,105,100,-5,rudeusgreyrat,135,126,-9,nameart,169,148,-21,carlovers,172,166,-6,crianzaconamor,172,165,-7,crianzaconamor,172,165,-7,brighteningskincare,90,83,-7,easyhairstyles,66,64,-2,spidernails,177,167,-10,calebhammercredit,149,144,-5,steel,45,38,-7,twoplayergames,36,32,-4,steel,45,38,-7,liberalartscollege,157,148,-9,angrygrandpa,181,177,-4,localnews,39,28,-11,sportsontiktok,124,116,-8,tortillas,147,141,-6,crafttutorial,155,149,-6,北極玄天上帝,110,110,0,tahitian,172,166,-6,jumanne,161,150,-11,sweettea,84,81,-3,nothingbundtcakes,126,116,-10,geografia,173,167,-6,emmys,65,56,-9,,,,,gymgirlsoftiktok,58,57,-1,ufcmemes,168,166,-2,grievingjourney,139,138,-1,calebhammercredit,149,144,-5,candyhaul,121,115,-6,mulletreview,97,94,-3,chicagoeats,63,62,-1,cordlesstools,106,102,-4,fcmobile,66,64,-2,hotelstay,177,173,-4,healthyhaircare,127,123,-4,chiropractic,7,7,0,chiropractic,7,7,0,royalhistory,61,55,-6,homesforsale,164,158,-6,homesforsale,164,158,-6,mewtwo,97,90,-7,achieveyourdreams,183,178,-5,sixflagsqiddiya,190,178,-12,photographytips,199,198,-1,hoof,50,43,-7,candlemagic,108,102,-6,tbbt,97,92,-5,pianocover,116,108,-8,loml,170,155,-15,yczcologne,125,121,-4,coupletattoo,103,101,-2,bikelight,183,169,-14,wildernessskills,147,140,-7,winterfashion,152,150,-2,donttellnobody,59,53,-6,بعداد_العراق,43,36,-7,groomingtips,102,93,-9,groomingtips,72,65,-7,bridalboudoir,166,165,-1,limpiezaderopa,83,77,-6,marriagetalk,167,163,-4,anatomylab,120,108,-12,sandcutting,176,171,-5,zzzcosplay,90,80,-10,gammaai,66,62,-4,,,,,jets,164,157,-7,sportsontiktok,184,177,-7,friday13,130,124,-6,flashforge,171,167,-4,mewtwo,97,90,-7,hotelstay,177,173,-4,mobiledetailing,149,142,-7,fcmobile,64,62,-2,applesnail,151,149,-2
hijabi,157,155,-2,tyt,106,101,-5,csm,91,81,-10,myartstyle,174,153,-21,chevysilverado,128,121,-7,contactnaps,180,173,-7,contactnaps,180,173,-7,nomakeupmakeup,121,114,-7,menshair,99,97,-2,ocnailtech,193,183,-10,makemoneyfromhome,154,149,-5,maquinas,117,110,-7,familyfunny,43,39,-4,maquinas,117,110,-7,كلية_الهندسة,173,164,-9,whooping,110,105,-5,jdvance,111,100,-11,lamineyamal💎,72,63,-9,pastry,159,153,-6,balloontips,187,181,-6,四維茶行,144,144,0,salsadance,86,79,-7,adventurebuddy,60,48,-12,sourapple,118,115,-3,rapsnacks,132,122,-10,actprep,180,174,-6,audition,74,65,-9,,,,,kettlebelltraining,64,63,-1,elmatador,183,181,-2,35weeks,200,199,-1,makemoneyfromhome,154,149,-5,lowcaloriesnacks,130,124,-6,brisket,129,126,-3,atlfoodie,76,75,-1,dynamicwallpaper,122,118,-4,peterbot,80,78,-2,solohiking,180,176,-4,afrohair,160,156,-4,massagetherapy,11,11,0,massagetherapy,11,11,0,forgottenhistory,68,62,-6,secretroom,179,173,-6,secretroom,179,173,-6,blokees,101,94,-7,认知觉醒,142,136,-6,monstersunchained,141,128,-13,35weekspregnant,78,76,-2,akilijadan,96,89,-7,amarre,117,111,-6,deanwinchester,102,97,-5,victormendivil,187,179,-8,lsu,182,167,-15,decants,155,151,-4,darktattoo,115,113,-2,euc,62,47,-15,browntrout,151,144,-7,hijabi,155,153,-2,salsadance,63,57,-6,lilchi,78,71,-7,gatosgraciosos,111,102,-9,calico,84,77,-7,cenoteportraits,186,185,-1,dredgingagent,84,78,-6,sheraseven,88,83,-5,spacelovers,122,110,-12,fullscreen,180,175,-5,junkoenoshimacosplay,127,117,-10,privacytips,67,63,-4,,,,,bluejays,170,163,-7,miseleccionmx,190,183,-7,japanesehorror,164,158,-6,iphonecamera,175,171,-4,blokees,101,94,-7,solohiking,180,176,-4,rideordie,175,168,-7,fisch,75,73,-2,bigbuck,63,60,-3
mensstyle,24,21,-3,collegeessays,111,106,-5,tomandjerry,105,95,-10,doodling,161,139,-22,squatttedtrucks🤢,141,134,-7,feedingbaby,187,180,-7,feedingbaby,187,180,-7,skincarecoreano,136,129,-7,jetblackhair,117,115,-2,baltimorenailtech,184,173,-11,howtomakemoneyonline,176,171,-5,heavyequipmentoperator,125,118,-7,filterfun,49,45,-4,heavyequipmentoperator,125,118,-7,practicum,197,188,-9,sarcasmo,147,142,-5,worldtradecenter,114,103,-11,shaquille,109,100,-9,foodstory,43,36,-7,demolding,133,126,-7,非遗守护人,7,6,-1,juud2smoov,146,139,-7,cozyroutine,70,58,-12,caffine,135,132,-3,rvafoodie,166,156,-10,henryviii,183,177,-6,sarahpaulson,156,147,-9,,,,,losingweight,98,97,-1,alpine,194,192,-2,35weekspregnant,39,37,-2,howtomakemoneyonline,176,171,-5,minicakes,120,113,-7,chicagofood,155,152,-3,noodlelover,82,81,-1,inductionspeaker,51,46,-5,tournament,170,168,-2,airbnbpartner,75,70,-5,lacewig,170,166,-4,wellnessroutine,19,19,0,wellnessroutine,19,19,0,aztecs,133,127,-6,shed,181,175,-6,shed,181,175,-6,30deseptiembreregalarhotwheels,109,102,-7,حياتك,160,154,-6,falconsflight,143,130,-13,generationaltrauma,128,126,-2,sheeptok,110,103,-7,lunallena,134,128,-6,sunriseonthereaping,76,70,-6,arcticmonkeys,194,186,-8,thevoice,198,183,-15,perfumerecommendation,187,183,-4,эскизтату,192,190,-2,mig29,138,123,-15,outdoorsurvival,176,169,-7,mensstyle,23,20,-3,bharatanatyam,96,90,-6,表情包模仿秀,93,86,-7,gecko,123,114,-9,petgrief,92,85,-7,presetlightroom,198,197,-1,ropeskills,86,80,-6,physicaltouch,97,92,-5,electrons,126,114,-12,asmrbeauty,186,181,-5,adawongcosplay,131,121,-10,adobepremiere,110,106,-4,,,,,justinherbert,85,77,-8,oregonfootball,193,186,-7,casaembrujada,173,167,-6,webdesign,184,180,-4,30deseptiembreregalarhotwheels,109,102,-7,airbnbpartner,75,70,-5,drifting,197,190,-7,peterbot,77,75,-2,everglades,66,63,-3
falloutfit,33,30,-3,mathfacts,125,120,-5,sakura,109,99,-10,underglaze,193,171,-22,rideordie,167,160,-7,teething,74,66,-8,teething,74,66,-8,longlashes,175,168,-7,azelaicacid,183,181,-2,varnail,199,188,-11,daytrade,181,176,-5,wastewater,143,136,-7,carrom,68,64,-4,wastewater,143,136,-7,collegemajors,85,75,-10,jajajajajajajajajajajajajaja,169,164,-5,politicalsatire,118,107,-11,softballlife,115,106,-9,наполеон,72,65,-7,floresdelimpiapipas,159,152,-7,重量級人物,103,102,-1,wcs,175,168,-7,favoritethings,81,69,-12,sangria,182,179,-3,candytastetest,200,190,-10,studyingtips,106,99,-7,agt,70,60,-10,,,,,manicmike,141,140,-1,joshuavan,28,25,-3,autismfamily,66,64,-2,daytrade,181,176,-5,futazz_music,144,137,-7,baskinrobbins,164,161,-3,littleitaly,84,83,-1,keycaps,165,160,-5,spokeishere,180,178,-2,travelchallenge,82,77,-5,messybun,79,74,-5,sportsmedicine,51,51,0,sportsmedicine,51,51,0,mexicanhistory,148,142,-6,floridarentals,184,178,-6,floridarentals,184,178,-6,halloweentoys,133,126,-7,powermindset,174,168,-6,slinkydogdash,180,167,-13,rosaseternas,124,121,-3,chickentreats,122,115,-7,spiritualtiktok🧿,183,177,-6,moboreels,87,81,-6,jheneaiko,87,78,-9,sitcom,177,161,-16,nativepartner,46,41,-5,industrialpiercing,75,72,-3,militaryaircraft,174,159,-15,kuiu,181,174,-7,falloutfit,32,29,-3,tahitian,117,111,-6,wanee,117,110,-7,doggy,138,129,-9,goldfish,96,89,-7,photohacks,20,18,-2,washingmachinedeepclean,91,85,-6,originalpoem,107,102,-5,galaxias,145,133,-12,storeboughtslime,200,195,-5,nezukocosplay,150,140,-10,capcuttips,116,112,-4,,,,,nflplayoffs,88,80,-8,softballtiktoks,142,134,-8,unexplainedmysteries,79,72,-7,powerstrip,195,191,-4,halloweentoys,133,126,-7,travelchallenge,82,77,-5,dreamcar,123,115,-8,tournament,166,164,-2,wildlifeconservation,78,75,-3
jewelrytiktok,63,60,-3,ilovemath,197,192,-5,tween,134,124,-10,mathart,195,173,-22,electricdirtbike,185,178,-7,4monthold,155,147,-8,4monthold,155,147,-8,facials,184,177,-7,fragrancereview,197,195,-2,impressnails,142,130,-12,fba,50,44,-6,warehouseworker,66,58,-8,canyousolveit,83,79,-4,warehouseworker,66,58,-8,prepastudent,164,154,-10,funnycouples,83,77,-6,pattymayo,130,118,-12,oregonfootball,130,121,-9,cookingathometiktoktv,73,66,-7,diygifts,63,55,-8,1026,19,17,-2,neworleansbounce,96,88,-8,elizabethesparza,127,115,-12,ad21,35,31,-4,wendysfrosty,169,158,-11,romanov,190,183,-7,kevinlangue,79,69,-10,,,,,kegelexercises,174,173,-1,justingaethje,40,37,-3,australiamomi,143,141,-2,fba,50,44,-6,sunchips,152,145,-7,aldi,68,64,-4,comidavenezolana,86,85,-1,electrictoothbrush,45,39,-6,residentevilmovie,41,38,-3,esim,117,112,-5,dallashairstylist,83,78,-5,perimenopause,6,5,-1,perimenopause,6,5,-1,ancientsecrets,165,159,-6,buildingahouse,187,181,-6,buildingahouse,187,181,-6,xshot,72,64,-8,inspirar,175,169,-6,fury325,134,120,-14,grossesse,172,169,-3,funnyhorses,132,125,-7,eggcleanse,200,194,-6,steverogers,151,145,-6,treatyoakrevival,90,81,-9,migracion,78,61,-17,pmuartist,167,162,-5,stencils,86,83,-3,foldingbike,101,85,-16,tilapia,62,54,-8,jewelrytiktok,61,58,-3,wcs,119,113,-6,이쁜척,141,134,-7,catlitter,149,140,-9,catdistributionsystem,119,112,-7,utahphotographer,33,31,-2,mopa,93,87,-6,happilymarried,124,119,-5,chemistrylab,153,141,-12,randomasmr,70,64,-6,halloweeninspo2023,182,172,-10,uidesign,130,126,-4,,,,,texasfootball,110,102,-8,johncena,171,163,-8,creepyhistory,153,146,-7,appleiphone,157,152,-5,xshot,72,64,-8,esim,117,112,-5,truckinglife,127,119,-8,spokeishere,176,174,-2,beetles,102,99,-3
fallshoes,66,63,-3,studyfetch,56,50,-6,onepieceanime,154,144,-10,stringart,163,140,-23,drifting,188,181,-7,sadbaby,162,154,-8,sadbaby,162,154,-8,manchas,187,180,-7,smellgood,50,47,-3,nailasmr,175,163,-12,salestips,60,54,-6,snowblower,177,169,-8,doremifasolatido,108,104,-4,snowblower,177,169,-8,hbcuculture,79,68,-11,francoescamilla,108,102,-6,supremecourt,146,134,-12,uefanationsleague,140,131,-9,chili,86,79,-7,custombottle,96,88,-8,0917,76,74,-2,twostep,102,94,-8,nycsnow,131,119,-12,horchata,51,47,-4,carmukbang,175,164,-11,mathteacher,78,70,-8,niallhoran,180,170,-10,,,,,shredded,32,30,-2,floydmayweather,57,54,-3,largefamily,14,11,-3,salestips,60,54,-6,お弁当,186,179,-7,pumpkinspiceseason,125,121,-4,austineats,103,102,-1,actioncamera,46,40,-6,robloxhorror,42,39,-3,cathedral,137,132,-5,bonnet,89,84,-5,menopause,9,8,-1,menopause,9,8,-1,europeanhistory,169,163,-6,houseoftiktok,198,192,-6,houseoftiktok,198,192,-6,beybladeburst,73,65,-8,女性力量,182,176,-6,guardiansofthegalaxycosmicrewind,157,143,-14,specialneedsmom,18,14,-4,breedingseason,155,148,-7,birthchart,58,51,-7,smallville,91,84,-7,newartist,100,91,-9,emergencianacional,100,83,-17,chanelfragrance,91,85,-6,inktherapy,87,84,-3,jetfighter,166,150,-16,beringsea,114,106,-8,fallshoes,64,61,-3,twinbrother,144,138,-6,parminderdhillon,142,135,-7,minipig,153,144,-9,dogvideos,124,117,-7,floridaweddingphotographer,61,59,-2,dogiadungtienich,112,106,-6,datingtipsforwomen,146,141,-5,探索宇宙,171,159,-12,realpersonasmr,81,75,-6,monsterhighmakeup,187,177,-10,mobileapps,137,133,-4,,,,,secfootball,116,108,-8,landonorris,195,187,-8,voidmemes,168,161,-7,keycaps,186,181,-5,beybladeburst,73,65,-8,cathedral,137,132,-5,4runner,128,120,-8,residentevilmovie,40,37,-3,invasivespecies,90,86,-4
set,68,65,-3,stis,81,75,-6,rezeroedit,156,146,-10,speedpainting,132,108,-24,loweredtrucks,195,188,-7,diaperchange,176,168,-8,diaperchange,176,168,-8,jeffreestar,47,39,-8,darkspots,63,60,-3,nailroutine,145,132,-13,mortgagerates,95,89,-6,treetrimming,189,180,-9,boardgamenight,111,107,-4,treetrimming,189,180,-9,iloveschool,87,76,-11,brookandjubalinthemorning,112,106,-6,policia,64,51,-13,cashnasty,141,132,-9,bakingtiktok,115,108,-7,jabonesdeglicerina,107,99,-8,麻豆少年組,162,160,-2,jusareli,148,140,-8,adultfriendships,89,76,-13,homebarista,58,54,-4,churcheschicken,182,171,-11,csusb,112,104,-8,finesse2tymes,182,172,-10,,,,,lowerbodyworkout,43,41,-2,alexandrepantoja,141,138,-3,nationaldaughtersday,19,16,-3,mortgagerates,95,89,-6,wny,83,75,-8,coffeemate,196,192,-4,dining,122,121,-1,starlink,81,75,-6,fisch,78,75,-3,travelmemories,183,178,-5,dfwhairstylist,107,102,-5,supplementsthatwork,27,26,-1,supplementsthatwork,27,26,-1,arizonahistory,172,166,-6,bathroomcleaning,80,73,-7,bathroomcleaning,80,73,-7,diorama,107,99,-8,danpena,61,54,-7,brincolines,197,183,-14,largefamily,25,21,-4,petducks,74,66,-8,nuevajersey,169,162,-7,wardogs,103,96,-7,piercetheveil,110,101,-9,ravens,149,132,-17,exfoliating,105,99,-6,baltimoretattooartist,118,115,-3,sailaway,193,177,-16,swordfish,140,132,-8,set,66,63,-3,polelove,183,177,-6,鏡の中の私,180,173,-7,polarbears,194,185,-9,minischnauzer,190,183,-7,tennesseephotographer,66,64,-2,생활팁,151,145,-6,divorcejourney,177,172,-5,celestron,174,162,-12,physicssimulation,179,173,-6,sallycosplay,94,83,-11,wondershare,141,137,-4,,,,,oregonfootball,130,122,-8,iliatopuria,66,57,-9,escalofriante,169,162,-7,inductionspeaker,61,55,-6,diorama,107,99,-8,travelmemories,183,178,-5,squatttedtrucks🤢,146,138,-8,robloxhorror,41,38,-3,zookeeper,92,88,-4
tjmaxxfinds,104,101,-3,matematika,109,103,-6,umamusumeprettyderby,101,90,-11,claytok,183,159,-24,carshow,101,93,-8,babyrocker,183,175,-8,babyrocker,183,175,-8,duhparis,129,121,-8,pimplepatch,91,88,-3,magneticnails,149,136,-13,profit,104,98,-6,carpenters,162,152,-10,boardgamers,178,174,-4,carpenters,162,152,-10,جامعيون,110,99,-11,viralmemes,159,153,-6,freespeech,134,121,-13,megatron,174,165,-9,sugarfree,132,125,-7,flordecempasuchil,112,104,-8,元帥臺中府轎班會,178,176,-2,bachatadominicana,109,100,-9,targetbooks,125,112,-13,coors,59,55,-4,sinmiedoalexito😎😹,193,182,-11,asvab,89,80,-9,southbeachtow,121,110,-11,,,,,youvsyou,85,83,-2,gokart,32,28,-4,parentingteens,79,76,-3,profit,104,98,-6,foodlion,103,95,-8,chocolatecake,134,129,-5,flautas,140,139,-1,techessentials,120,114,-6,projectslayers,121,118,-3,saharadesert,130,124,-6,gingerhair,123,118,-5,dentalemergency,156,154,-2,dentalemergency,156,154,-2,lawoffice,175,169,-6,homestyle,128,121,-7,homestyle,128,121,-7,151,112,104,-8,jokermindset,88,81,-7,themeparktok,121,106,-15,unwindwithme,109,105,-4,regenerativefarming,92,84,-8,guiaespiritual,185,178,-7,clarkkent,112,105,-7,linkinpark,135,126,-9,nfltiktok,151,134,-17,cocomademoiselle,108,102,-6,miamitattooartist,150,147,-3,dozeroperator,125,108,-17,extremefishing,87,78,-9,tjmaxxfinds,102,99,-3,bachatadominicana,77,70,-7,kamso052,194,187,-7,tarantula,196,187,-9,rescuestory,194,186,-8,tamron,68,66,-2,penghilangnoda,159,153,-6,romanticsuspense,180,175,-5,kidsscience,90,77,-13,satisfyingslime,182,176,-6,frozencosplay,122,111,-11,trucostecnologicos,145,141,-4,,,,,colts,146,138,-8,kyrieirving,90,81,-9,analogterror,172,165,-7,wirelessspeaker,83,77,-6,151,112,104,-8,saharadesert,130,124,-6,ваз,179,171,-8,projectslayers,117,114,-3,gatorland,187,183,-4
clogs,116,113,-3,enem,121,115,-6,verbalase,90,78,-12,customwallart,159,134,-25,dreamcar,119,111,-8,travelingwithbabies,185,177,-8,travelingwithbabies,185,177,-8,fullglam,107,98,-9,makeuptips,57,53,-4,waukeganillinois,183,170,-13,startups,147,141,-6,tradesman,62,51,-11,matchgame,34,29,-5,tradesman,62,51,-11,finalexam,179,168,-11,jokoy,98,91,-7,crimedocumentary,104,90,-14,miseleccionmx,129,119,-10,breakfastsandwich,166,159,-7,crochetwithme,120,112,-8,0924,16,13,-3,delawarestateuniversity,156,146,-10,partnerloss,136,123,-13,rootbeer,66,62,-4,calleycrawfishapproved,127,115,-12,historicalfacts,126,117,-9,thebougieshow,193,181,-12,,,,,toned,124,122,-2,formulaone,89,85,-4,quadruplets,115,112,-3,startups,147,141,-6,haribo,105,97,-8,daveshotchicken,165,160,-5,ricebowl,177,176,-1,iphone14,148,142,-6,tween,125,122,-3,vacationhomes,189,183,-6,dysonairwrap,167,162,-5,toothache,72,69,-3,toothache,72,69,-3,historywithchemistry,188,182,-6,diyideas,167,160,-7,diyideas,167,160,-7,miniaturepainting,131,123,-8,bestmotivation,99,92,-7,fiestatexas,138,123,-15,deaddadclub,161,157,-4,frisianhorse,131,123,-8,brujomayordecatemaco,57,49,-8,netflixseries,167,160,-7,slayyyter,168,159,-9,familyguy,116,98,-18,fragtok,122,116,-6,tattoosupplies,185,181,-4,airpower,162,145,-17,stripedbass,104,95,-9,clogs,114,111,-3,perspectivematters,124,117,-7,동물챌린지,139,131,-8,doxie,147,137,-10,pethealth,68,58,-10,coupleposes,81,79,-2,estropajos,160,154,-6,mrandmrs,189,184,-5,cassini,108,95,-13,backscratch,87,80,-7,rickandmortycosplay,149,138,-11,canvatipsandtricks,146,142,-4,,,,,chargers,65,56,-9,footbal,126,117,-9,vitacarnis,192,185,-7,motorola,145,139,-6,miniaturepainting,131,123,-8,vacationhomes,189,183,-6,electricdirtbike,194,186,-8,tween,121,118,-3,fatbearweek,46,41,-5
rolex,126,123,-3,tka,134,128,-6,erenjeager,159,147,-12,ghostpainting,197,172,-25,truckinglife,123,115,-8,2yearsold,83,74,-9,2yearsold,83,74,-9,skincareover40,132,123,-9,glowyskin,58,54,-4,rhinestonenails,156,142,-14,blockchain,156,150,-6,lasermachine,78,67,-11,tbfunnyasf,54,49,-5,lasermachine,78,67,-11,aud,51,39,-12,taycapone,140,133,-7,wellsfargo,173,159,-14,gobirds,137,127,-10,foodideas,191,184,-7,cricuthacks,121,113,-8,誠伈轎伕,109,106,-3,easytiktokdance,136,125,-11,5ammorningroutine,55,41,-14,smirnoff,173,169,-4,swedishcandyreview,149,137,-12,shs,135,126,-9,ian,197,184,-13,,,,,oxyshredenergy,125,123,-2,freeride,125,121,-4,grievingmom,86,81,-5,blockchain,156,150,-6,welchsfruitsnacks,108,100,-8,dinneridea,200,195,-5,austinfoodie,181,180,-1,wirelessspeaker,71,64,-7,robloxfunny,197,194,-3,acatenango,195,189,-6,grayhairsolution,33,27,-6,ssri,111,108,-3,ssri,111,108,-3,truehistory,110,103,-7,bathroomfinds,196,189,-7,bathroomfinds,196,189,-7,miniversecreator,158,150,-8,motivationalquotesandsayings,125,118,-7,universalhorrornights,139,124,-15,cleanriver,184,180,-4,minihighland,151,142,-9,unicornionegro,77,69,-8,plotwist,162,154,-8,popmusic,52,42,-10,tour,153,135,-18,lushcosmetics,126,120,-6,denvertattooartist,85,80,-5,helipilot,173,156,-17,snowcamping,109,100,-9,rolex,124,121,-3,bachatas,146,139,-7,ebebucutes1,148,140,-8,horselife,95,84,-11,animalcomedy,77,67,-10,phtographer,195,193,-2,dodunggiadinh,180,174,-6,datingpsychology,193,188,-5,comets,144,131,-13,abscess,103,96,-7,chicafnafcosplay,97,85,-12,adobeexpressambassadors,147,143,-4,,,,,cowboysnation,122,113,-9,lsufootball,137,128,-9,abandonedchurch,178,170,-8,actioncamera,57,50,-7,miniversecreator,158,150,-8,acatenango,195,189,-6,carshow,105,96,-9,robloxfunny,193,190,-3,hyena,106,101,-5
casualoutfits,127,124,-3,highschoolmath,160,154,-6,мультик,170,158,-12,tutorialdedibujo,188,162,-26,4runner,124,116,-8,babytrend,78,68,-10,babytrend,78,68,-10,amazonbeauty,151,142,-9,sensitiveskin,75,71,-4,chicagonails,171,157,-14,freefood,45,38,-7,retainingwall,172,161,-11,relationshipgames,106,101,-5,retainingwall,172,161,-11,ivyleagueadmissions,192,180,-12,ralphbarbosa,168,161,-7,poweroutage,44,29,-15,footballmemes,173,163,-10,cajun,119,111,-8,knittingpattern,106,97,-9,陳家武財神,129,126,-3,staticpole,197,186,-11,walkingacrossamerica,196,182,-14,icecoffee,70,64,-6,chipotleorder,162,149,-13,africanhistory,142,133,-9,americanidol,61,47,-14,,,,,arnoldschwarzenneger,131,129,-2,boxingfans,160,156,-4,lactation,44,38,-6,freefood,45,38,-7,candyfruit,117,109,-8,indianfood,103,97,-6,houstoneats,59,57,-2,androidtips,75,68,-7,cyberpunkedgerunners,58,54,-4,maldives,45,37,-8,dryhair,69,63,-6,carpaltunnel,158,153,-5,carpaltunnel,158,153,-5,chinesehistory,126,119,-7,duvet,73,65,-8,duvet,73,65,-8,muñeca,162,154,-8,bryantracy,172,165,-7,amusementrides,187,172,-15,makingfriends,132,127,-5,happyhens,185,175,-10,tarotespañol,113,105,-8,tonysoprano,169,161,-8,krisr,65,55,-10,wolverine,121,102,-19,hairremovalcream,133,127,-6,inktok,96,91,-5,generalaviation,78,60,-18,fishinghumor,150,141,-9,casualoutfits,125,122,-3,lyricaldance,153,146,-7,인연이,178,170,-8,calico,119,108,-11,australianshepherd,81,71,-10,documentaryphotography,64,61,-3,ovencleaner,103,96,-7,arrangedmarriagetrope,35,29,-6,crispr,159,146,-13,asmracupressure,174,167,-7,bnhacosplay,98,86,-12,newontiktok,148,144,-4,,,,,sportsontiktok,123,114,-9,ski,147,138,-9,ufosky,83,74,-9,androidtips,89,82,-7,muñeca,162,154,-8,maldives,45,37,-8,towing,133,124,-9,ggez,46,42,-4,birdsong,107,102,-5
comfy,171,168,-3,репетиторпофизике,174,168,-6,southparkfandom,98,85,-13,westernart,130,103,-27,teslatok,136,128,-8,zooz,116,106,-10,zooz,116,106,-10,aveenopartner,81,71,-10,hairmask,86,82,-4,fypnails,188,174,-14,lifeinsurance,57,50,-7,contratados🇲🇽🇺🇲,195,184,-11,unshadowbanmeplstiktok,107,102,-5,contratados🇲🇽🇺🇲,195,184,-11,baruch,96,82,-14,tumblraesthetic,109,101,-8,marcorubio,159,144,-15,rugby,179,169,-10,baketok,179,170,-9,crossstitching,146,136,-10,台東關帝會,151,148,-3,saynow,108,96,-12,bradleyonabudget,58,42,-16,liquorstore,153,147,-6,sfinfluencer,197,184,-13,microscope,92,82,-10,tlctv,62,48,-14,,,,,shape,155,153,-2,ailinperez,169,165,-4,septemberbaby,69,63,-6,lifeinsurance,57,50,-7,candymix,190,181,-9,biscoff,190,184,-6,restaurants,70,68,-2,emergencylight,115,108,-7,zelda,71,67,-4,tennesseetravel,128,119,-9,cabellolargo,96,90,-6,dientesdeleche,139,133,-6,dientesdeleche,139,133,-6,politicalhistory,132,125,-7,plantcare,123,115,-8,plantcare,123,115,-8,kidgifts,166,158,-8,filosofiaestoica,178,171,-7,dvcmember,200,185,-15,vintagecamera,163,158,-5,cowcare,192,181,-11,reikihealing,177,169,-8,ahs,50,40,-10,livies,68,58,-10,situationship,150,131,-19,bossbottled,159,153,-6,freshink,107,102,-5,aviationfacts,146,128,-18,tunafish,179,170,-9,comfy,169,166,-3,electrodance,188,181,-7,ngozii2,199,191,-8,goldfish,141,130,-11,furbabies,129,119,-10,fujifilmx100v,72,69,-3,trucosyconsejos,105,98,-7,detachment,94,88,-6,microbiologist,170,157,-13,asmrclips,184,177,-7,ruggiebucchi,135,123,-12,foodscanner,154,150,-4,,,,,touchdown,63,53,-10,texasfootball,153,144,-9,supernaturalhorror,98,89,-9,starlink,95,88,-7,kidgifts,166,158,-8,tennesseetravel,128,119,-9,teslatok,141,132,-9,cyberpunkedgerunners,56,52,-4,axolotls,111,106,-5
tattooartist,19,15,-4,ثالثة_ثانوي,175,169,-6,stanmarsh,100,87,-13,paintnight,154,126,-28,exhaust,139,131,-8,msrachelforthewin,156,146,-10,msrachelforthewin,156,146,-10,rarebeauty,87,77,-10,gelx,107,102,-5,pedicurekit,190,176,-14,tjrclips,80,73,-7,kleintools,197,186,-11,gamenightvibes,143,138,-5,kleintools,197,186,-11,residencymatch,141,127,-14,funnyjokes,129,120,-9,trumpadministration,162,147,-15,travelball,180,170,-10,dulcedeleche,145,135,-10,feltbook,177,167,-10,雲林共和堂,183,180,-3,muevelo,139,127,-12,weddingvlog,130,114,-16,coffeeaddiction,138,131,-7,eateat,53,39,-14,pharmacyschool,93,83,-10,slomw,118,104,-14,,,,,ehplabs,11,8,-3,tysonfury,179,175,-4,weirdpregnancysymptoms,168,162,-6,tjrclips,80,73,-7,продукты,99,89,-10,whiskey,146,139,-7,culinary,117,115,-2,shokz,87,79,-8,worldofwarcraft,90,86,-4,solotraveler,131,121,-10,dryshampoo,114,108,-6,nadsupplement,187,181,-6,nadsupplement,187,181,-6,radiumgirls,140,133,-7,floridarealestate,124,116,-8,floridarealestate,124,116,-8,marbleracing,187,179,-8,morningquotes,181,174,-7,diversiónenfamilia,101,85,-16,boomtown,96,90,-6,freerangechickens,157,145,-12,nevillegoddard,196,188,-8,neverhaveiever,186,176,-10,choir,149,139,-10,gilmoregirls,158,139,-19,firmingcream,176,170,-6,momtattoo,146,141,-5,polarisranger,165,147,-18,окунь,54,44,-10,hoodie,22,18,-4,saynow,76,67,-9,c9ladies,90,81,-9,animalcomedy,107,95,-12,toypoodle,40,29,-11,kidsphotography,46,42,-4,henk,131,124,-7,couplephotos,122,116,-6,галактика,74,60,-14,colormix,86,78,-8,hersheyparkdarknights,50,37,-13,datacollection,159,155,-4,,,,,chicagocubs,162,152,-10,legs,179,170,-9,historiaoscura,102,93,-9,dynamicwallpaper,144,137,-7,marbleracing,187,179,-8,solotraveler,131,121,-10,exhaust,144,135,-9,zelda,69,65,-4,snails,128,123,-5
hoodie,23,19,-4,pythagoras,178,172,-6,markgrayson,124,111,-13,sculptures,167,136,-31,kingranch,159,151,-8,independentplay,181,171,-10,independentplay,181,171,-10,accutane,163,153,-10,settingpowder,164,159,-5,ohorausa,117,102,-15,privateequity,125,118,-7,goldpanning,155,142,-13,веселыеигры,192,187,-5,goldpanning,155,142,-13,payingforcollege,142,128,-14,fluffycomedy,130,121,-9,benjaminnetanyahu,196,181,-15,كاس_الخليج,196,186,-10,camarones,178,168,-10,handknitting,184,174,-10,後驛莊公舘,160,156,-4,duodances,105,92,-13,collegedayinmylife,178,162,-16,custombottle,161,154,-7,mochinut,105,91,-14,brainscience,169,159,-10,kevinlangueshow,151,137,-14,,,,,gymroutine,22,19,-3,gablesteveson,151,146,-5,adhdparenting,180,174,-6,privateequity,125,118,-7,compamunchies,118,108,-10,thingstodoinatlanta,163,156,-7,texasfood,142,140,-2,appleiphone,144,136,-8,arcraiders,96,92,-4,sunsetlovers,165,155,-10,locsoftiktok,125,119,-6,saludintima,188,182,-6,saludintima,188,182,-6,mythologytok,174,167,-7,bathroomupgrade,93,84,-9,bathroomupgrade,93,84,-9,marblerun,81,72,-9,valuvalcarcel,184,177,-7,bumpercars,81,64,-17,motherhoodunplugged,108,102,-6,babycalf,181,169,-12,starseed,124,115,-9,survivalstory,188,178,-10,jorgeduran,173,163,-10,49ers,172,153,-19,drteals,89,82,-7,tattoocoverup,56,49,-7,lockheedmartin,145,126,-19,bushcraftlife,96,86,-10,leopardprint,43,39,-4,floorzitake,175,166,-9,你的女友,176,167,-9,roundhead,132,120,-12,chiuhuahua,86,75,-11,cameralens,77,73,-4,laundrystainremover,98,90,-8,surpriseproposal,123,117,-6,microorganisms,163,149,-14,glitterslime,102,94,-8,jojosbizarreadventurecosplay,119,106,-13,uiux,162,158,-4,,,,,flyeaglesfly,178,168,-10,lamineyamal💎,102,92,-10,mystere,145,135,-10,geminilive,101,93,-8,marblerun,81,72,-9,sunsetlovers,165,155,-10,kukirin,161,152,-9,worldofwarcraft,87,83,-4,crestedgecko,54,47,-7
leopardprint,45,41,-4,مراجعة_نهائية,181,175,-6,coyotevsacme,141,128,-13,oneofakindart,194,157,-37,ваз,171,163,-8,mibebé,182,172,-10,mibebé,182,172,-10,brownlashes,192,182,-10,naildesign,177,172,-5,htxnails,160,145,-15,businesstok,139,132,-7,machinist,187,173,-14,findit,82,76,-6,machinist,187,173,-14,studentleadership,155,141,-14,parenthumor,117,107,-10,category5,80,64,-16,horselife,158,147,-11,enjoydiary,124,113,-11,paperplane,148,137,-11,紅毛港城隍廟,172,167,-5,bootsontheground,112,98,-14,busyday,183,167,-16,homemadesyrup,192,185,-7,girllunch,164,150,-14,asvabprep,185,175,-10,karinagarciaoficiall,89,74,-15,,,,,kettlebells,106,103,-3,lazyboy,184,179,-5,accouchement,194,188,-6,businesstok,139,132,-7,birthdaycakeideas,160,150,-10,highproteinrecipes,174,167,-7,pandafest,172,170,-2,taptopay,170,162,-8,osu,160,156,-4,traveljapan,198,188,-10,alopeciaawareness,157,151,-6,parkinsons,123,115,-8,parkinsons,123,115,-8,historiamilitar,177,170,-7,falldecorating,155,146,-9,falldecorating,155,146,-9,kidtoys,142,133,-9,epictetus,109,101,-8,chicagowithkids,182,165,-17,5amclub,114,108,-6,calving,84,70,-14,astrologyvibes,188,179,-9,интерны,197,187,-10,techno,139,128,-11,hulu,144,124,-20,kojicacidsoap,153,146,-7,tattoobeginner,89,82,-7,jetpilot,186,166,-20,salmonriver,132,122,-10,tryonhaul,131,127,-4,aprendeabailar,155,145,-10,thelovedom,198,188,-10,toypoodle,59,45,-14,miniaturedachshund,98,87,-11,идеядляфото,112,108,-4,เคล็ดลับงานบ้าน,188,180,-8,relationshippsychology,131,125,-6,astrophotographer,166,152,-14,pimplepoper,170,162,-8,mikan,125,112,-13,fastmoss,167,163,-4,,,,,cubs,57,46,-11,footballmom,135,125,-10,scarytales,160,150,-10,emergencylight,133,125,-8,kidtoys,142,133,-9,traveljapan,198,188,-10,kingranch,166,157,-9,arcraiders,93,89,-4,قرد,112,105,-7
tryonhaul,133,129,-4,psatprep,184,178,-6,cartoonbeatboxbattles,110,96,-14,duckstamp,101,61,-40,towing,129,120,-9,newparent,132,121,-11,newparent,132,121,-11,cleanser,166,155,-11,ceravepartner,68,62,-6,miaminailtech,150,134,-16,resellingtips,194,187,-7,workbench,171,156,-15,connorandyvonne,93,87,-6,workbench,171,156,-15,ucsantabarbara,158,144,-14,tiktokmemes,114,103,-11,protest,82,66,-16,bta,178,167,-11,quickdinner,140,129,-11,cricutforbeginners,167,156,-11,鎮殿廣澤尊王,188,182,-6,skiguy,144,130,-14,weekendrecap,139,122,-17,homemadecoffee,183,175,-8,freezedriedfruit,179,165,-14,voynichmanuscript,36,25,-11,rhonj,135,120,-15,,,,,handstands,172,169,-3,armantsarukyan,21,15,-6,mexicanfamily,181,171,-10,resellingtips,194,187,-7,grocerydeals,79,68,-11,nycrestaurants,197,190,-7,ctfoodie,179,177,-2,techexplained,172,163,-9,ggez,48,43,-5,travelvibes,102,88,-14,washday,68,61,-7,anxietytips,192,184,-8,anxietytips,192,184,-8,coldwarhistory,193,186,-7,neutralhome,166,157,-9,neutralhome,166,157,-9,legofriends,160,151,-9,getunstuck,151,143,-8,disneyshollywoodstudios,155,137,-18,filmphotography,147,141,-6,equestriantok,107,92,-15,nortecarolina🇲🇽🇺🇲,194,184,-10,glenpowell,62,51,-11,pearljam,143,132,-11,nickelodeon,166,145,-21,femininewash,164,157,-7,piercedgirl,165,157,-8,blueangelsairshow,182,160,-22,monstercatch,174,164,-10,polo,48,43,-5,folkloricodancer,164,154,-10,umairyounis,103,92,-11,australianshepherd,113,99,-14,talkingcat,170,159,-11,bostonphotographer,91,86,-5,alltagstipps,111,102,-9,propose,179,173,-6,microscopic,116,101,-15,wetshaving,160,151,-9,zenlesszonezerocosplay,103,87,-16,digitaltools,193,189,-4,,,,,texaslonghorns,92,81,-11,motorsports,141,131,-10,wendigo,61,50,-11,techessentials,140,132,-8,legofriends,160,151,-9,travelvibes,102,88,-14,carwrap,173,164,-9,osu,156,152,-4,oceanmysteries,117,110,-7
polo,50,45,-5,tablasdemultiplicar,186,180,-6,saitama,166,152,-14,handwriting,3,,,ambientlight,131,122,-9,luckyfin,130,117,-13,luckyfin,130,117,-13,guccibeauty,168,157,-11,vitaminc,125,119,-6,autumnnailinspo,178,161,-17,p2p,110,102,-8,healthcarejobs,174,159,-15,quizshow,94,88,-6,healthcarejobs,174,159,-15,campustour,69,54,-15,skitscomedy,139,128,-11,gunungerupsi,90,74,-16,soccerplayer,189,178,-11,stickyrice,141,130,-11,botellaspersonalizadas,152,140,-12,台南承天,145,138,-7,tiktokdanc,152,138,-14,morningcommute,79,59,-20,disneycoffee,190,182,-8,spicybowl,66,51,-15,activerecall,86,75,-11,remyma,140,125,-15,,,,,bellyfat,113,109,-4,mmatok,87,81,-6,genderprediction,169,155,-14,p2p,110,102,-8,laffytaffy,115,103,-12,latenightsnack,139,131,-8,nyccoffee,199,197,-2,oneplus,154,144,-10,ps2,164,159,-5,goldengatebridge,49,34,-15,miamihairstylist,87,80,-7,toothinfection,89,80,-9,toothinfection,89,80,-9,forbiddenknowledge,199,192,-7,modern,132,122,-10,modern,132,122,-10,babyalive,164,155,-9,healthcaremarketing,193,185,-8,zipperride,132,113,-19,nycvlog,148,142,-6,horsegirlvibes,88,72,-16,psychicreader,154,143,-11,chadpowers,63,52,-11,idgaf,148,137,-11,lilireinhart,131,109,-22,powderbrows,188,181,-7,tattoodannok,130,121,-9,fourwheelers,135,112,-23,texasfishing,80,69,-11,whatnothaul,70,65,-5,tiktokdanc,105,94,-11,misscobra🐍,161,149,-12,furbabies,185,171,-14,vet,47,35,-12,lightpainting,147,141,-6,dicasdomesticas,171,162,-9,trillacademy,198,192,-6,astrophysicist,154,139,-15,slimehaul,193,184,-9,atlacosplay,174,158,-16,tiktokearning,200,196,-4,,,,,dakprescott,135,124,-11,footballskills,199,189,-10,foundfootagehorror,143,132,-11,oneplus,169,161,-8,babyalive,164,155,-9,goldengatebridge,49,34,-15,ambientlight,136,126,-10,ps2,160,155,-5,alveussanctuary,131,122,-9
whatnothaul,72,67,-5,studymethod,80,73,-7,obito,115,100,-15,canvas,14,,,carwrap,165,156,-9,nombresbonitos,191,178,-13,nombresbonitos,191,178,-13,browroutine,196,185,-11,nailtechlife,141,135,-6,redaspen,196,179,-17,giftcards,114,106,-8,diywoodworking,164,147,-17,whosmostlikely,158,152,-6,diywoodworking,164,147,-17,computerlab,94,79,-15,ukbanter,145,134,-11,madresbuscadoras,103,87,-16,vols,89,77,-12,potroast,158,146,-12,craftingtutorials,160,148,-12,大甲聖母宮,179,172,-7,upsyndromequeen,194,180,-14,livinginnyc,121,96,-25,winetime,196,187,-9,mexicansnack,129,114,-15,studyvlog,96,84,-12,arranged,177,161,-16,,,,,strongereveryday,57,52,-5,ufcfightnight,105,99,-6,famlee,184,169,-15,giftcards,114,106,-8,nerdsgummyclusters,137,125,-12,chili,151,143,-8,thingstodoindenver,200,198,-2,beatsbydre,190,177,-13,monsterhunter,169,164,-5,olympicnationalpark,88,73,-15,cosmetologystudent,81,73,-8,breathebetter,198,185,-13,breathebetter,198,185,-13,historynerd,139,131,-8,vintagedecor,94,83,-11,vintagedecor,94,83,-11,retrotoys,169,160,-9,vawzen,138,129,-9,bouncycastle,164,145,-19,homecomingmums,137,130,-7,курицы,136,118,-18,schumannresonance,93,81,-12,endgame,77,66,-11,fallinginreverse,178,166,-12,everybodyhateschris,140,117,-23,perfumemujer,199,192,-7,tattoohatyai,133,123,-10,luxuryyacht,143,120,-23,womenwhohunt,139,128,-11,burgundy,173,168,-5,moderndance,118,106,-12,videomusiktiktok,113,95,-18,vet,68,53,-15,gentlegiant,60,48,-12,parisphotographer,159,152,-7,astucemenage,181,172,-9,microcheating,69,62,-7,braincox,193,178,-15,nicholejacklyne,152,141,-11,jojocosplay,133,116,-17,networkscannerdevicefinder,177,172,-5,,,,,ceedeelamb,169,158,-11,motorsport,143,132,-11,creepyplaces,166,154,-12,techexplained,196,188,-8,retrotoys,169,160,-9,olympicnationalpark,88,73,-15,hondaaccord,139,128,-11,monsterhunter,165,160,-5,underwaterphotography,100,90,-10
burgundy,175,170,-5,multiply,98,91,-7,toothless,163,148,-15,crayons,31,,,gsxr,194,185,-9,momcozyie,106,90,-16,momcozyie,106,90,-16,anua,172,160,-12,dryhair,182,176,-6,nailpen,91,73,-18,options,128,120,-8,underwaterwelding,94,76,-18,holidaygames,77,70,-7,underwaterwelding,94,76,-18,fairfielduniversity,133,118,-15,relationshipmemes,91,79,-12,missingchild,157,141,-16,secfootball,114,102,-12,enjordiary,123,110,-13,felting,183,171,-12,阿里港陳家九宮八卦太子,122,113,-9,flametwinz,128,113,-15,ffla,181,154,-27,starbuckspartner,160,150,-10,surstrommingchallenge,196,180,-16,mathchallenge,127,115,-12,americasgottalent,181,165,-16,,,,,postpartumfitness,82,76,-6,tyson,149,142,-7,babynumber2,96,79,-17,options,128,120,-8,grocerysavings,135,122,-13,grilledcheese,189,181,-8,bananapudding,32,29,-3,translator,96,82,-14,destiny,159,153,-6,beautifulplaces,105,90,-15,dyson,102,94,-8,cavity,118,99,-19,cavity,118,99,-19,factz,154,146,-8,resetroutine,138,126,-12,resetroutine,138,126,-12,kayou,195,186,-9,katamotivasi,153,144,-9,casadelterror,142,122,-20,nationaldaughtersday,38,30,-8,caballosespañoles,148,129,-19,sagitario♐️,178,166,-12,lokiedit,121,110,-11,taylornation,48,35,-13,thesecretlifeoftheamericanteenager,143,120,-23,pradaparadigme,150,142,-8,blacktattoo,190,180,-10,tractores,188,165,-23,funnyfishing,123,111,-12,camo,101,95,-6,staticpole,135,123,-12,lopezrinante,193,172,-21,gentlegiant,85,69,-16,dogbath,67,55,-12,shotonfilm,178,169,-9,ecoclean,138,128,-10,betrayaltrauma,91,84,-7,doubleslitexperiment,197,182,-15,waterslime,120,108,-12,monsterhighcostume,189,171,-18,digitalscrapbook,189,184,-5,,,,,indianapoliscolts,176,165,-11,secfootball,168,157,-11,日本一ビビりの山ちゃん,129,116,-13,electrictoothbrush,54,45,-9,kayou,195,186,-9,beautifulplaces,105,90,-15,jet,193,182,-11,destiny,155,149,-6,chipmunk,110,100,-10
camo,103,97,-6,apcalcab,142,135,-7,jjbaedit,164,149,-15,mechanicalpencil,58,,,hondaaccord,134,124,-10,funnybabiesoftiktok,158,142,-16,funnybabiesoftiktok,158,142,-16,liptint,120,107,-13,cerave,82,75,-7,nailremoval,132,112,-20,xrppriceprediction,138,130,-8,stumpgrinding,167,149,-18,couplequiz,79,71,-8,stumpgrinding,167,149,-18,cultureday,184,169,-15,boyfriendprank,96,84,-12,politicalhumor,185,169,-16,studentathlete,132,120,-12,hothoney,146,133,-13,diyornaments,182,169,-13,老囝仔轎伕,149,140,-9,춤추는나율,200,185,-15,breastcancerin30s,116,88,-28,китайскийчай,175,165,-10,tismallah,92,74,-18,lifeadvices,163,151,-12,secretlivesofmormonwiveshulu,190,174,-16,,,,,beastmode,39,32,-7,kansasspeedway,98,90,-8,fetaldevelopment,193,176,-17,xrppriceprediction,138,130,-8,cookiebox,132,118,-14,bajablast,88,79,-9,dfweats,131,128,-3,tradein,197,183,-14,раст,192,186,-6,vegastravel,157,142,-15,browardhairstylist,112,104,-8,neurosurgery,191,172,-19,neurosurgery,191,172,-19,todayinhistory,159,151,-8,decoratewithme,143,131,-12,decoratewithme,143,131,-12,gottacatchemall,86,76,-10,inkyjohnson,157,148,-9,islamagica,167,147,-20,lactation,85,77,-8,lifeonthefarm,198,178,-20,astrologyobservations,182,168,-14,annakone,168,157,-11,bloodhoundq50,59,46,-13,avengersendgame,145,122,-23,baccaratrouge540,152,144,-8,denvertattoo,199,189,-10,trackbike,184,158,-26,rivermonster,77,63,-14,lingerie,109,103,-6,retrodance,113,100,-13,팔로워_꾹,196,175,-21,pethealth,97,81,-16,catsanddogs,192,180,-12,photoeditingtutorial,190,180,-10,detergentecasero,185,175,-10,marriagetips,101,94,-7,quantummechanics,78,61,-17,asmrrestocking,149,136,-13,sacanime,195,176,-19,aiagent,63,57,-6,,,,,larams,183,172,-11,studentathlete,196,185,-11,darkfolklore,151,138,-13,taptopay,193,183,-10,gottacatchemall,86,76,-10,vegastravel,157,142,-15,motorcyclelife,148,136,-12,раст,188,182,-6,africansafari,193,182,-11
lingerie,111,105,-6,orderofoperations,177,170,-7,satosugu,171,156,-15,timelapseart,60,,,genesis,150,140,-10,quadruplets,103,82,-21,quadruplets,103,82,-21,collagenmask,173,159,-14,beautyfinds,93,86,-7,tampanailtech,198,177,-21,alibabacom,169,160,-9,cooltools,194,176,-18,ringtoss,98,90,-8,cooltools,194,176,-18,maestramieldemaple,176,160,-16,bartenderstories,184,172,-12,firstamendment,163,146,-17,footballskills,134,122,-12,pancake,195,182,-13,pipecleanerbouquet,185,172,-13,中壢仁海宮,159,150,-9,moderndance,173,157,-16,friendappreciation,153,125,-28,spylt,164,152,-12,clevelandfoodie,158,138,-20,stanforduniversity,144,131,-13,amandarigby,198,182,-16,,,,,consistencyoverperfection,162,155,-7,boxeomexicano,104,96,-8,grandparentsoftiktok,58,40,-18,alibabacom,169,160,-9,snackboard,75,59,-16,costcohaul,158,149,-9,vegaseats,137,134,-3,samsungs26ultra,184,168,-16,чикенган,84,77,-7,zhangjiajie,99,83,-16,hairtiktok,172,164,-8,inositol,101,,,inositol,101,,,vladtheimpaler,184,176,-8,mesa,153,141,-12,mesa,153,141,-12,myminisousa,108,98,-10,rappersquotes,169,160,-9,mackrides,172,152,-20,sobertok,57,48,-9,younghorse,119,98,-21,fullmoonenergy,166,151,-15,jamesgandolfini,178,165,-13,natanaelcano,106,93,-13,adela,184,158,-26,affordablefragrances,173,165,-8,disneytattoo,160,149,-11,engwe,164,137,-27,fishingguide,197,183,-14,gamedayoutfit,134,128,-6,bailador,149,136,-13,nhạctrutinh,140,116,-24,miniaturedachshund,144,128,-16,animalshelter,105,92,-13,creativestyle,49,38,-11,besthomegadgets,123,112,-11,hefallsfirst,111,104,-7,galaxie,129,112,-17,史莱姆,141,127,-14,latexmask,166,146,-20,appreview,72,66,-6,,,,,calebwilliams,74,62,-12,footballgame,107,95,-12,paranormalexperience,139,125,-14,shokz,100,89,-11,myminisousa,108,98,-10,zhangjiajie,99,83,-16,chrome,153,141,-12,geek,48,41,-7,pandacub,171,157,-14
gamedayoutfit,136,130,-6,usamath,156,148,-8,jinxarcane,175,160,-15,artcollector,68,,,jet,184,174,-10,babyteeth,126,104,-22,babyteeth,126,104,-22,easybreezybeautiful,99,84,-15,concealer,120,113,-7,septembernails,165,141,-24,dsu,146,136,-10,richmondtx,181,162,-19,boardgamer,188,179,-9,richmondtx,181,162,-19,11а,122,101,-21,britishlife,149,136,-13,davidpakman,182,165,-17,bluejays,187,175,-12,sogood,168,154,-14,diystickers,116,102,-14,霧峰金虎爺分會,194,184,-10,retrodance,167,148,-19,myalgicencephalomyelitis,104,67,-37,morningsmoothie,95,82,-13,eatingalone,157,136,-21,cuny,174,161,-13,hitathon,150,133,-17,,,,,musclegain,163,151,-12,hillclimb,92,82,-10,surprisepregnancy,123,105,-18,dsu,146,136,-10,mikeandike,129,112,-17,bananapudding,186,177,-9,njthingstodo,158,155,-3,filament,192,175,-17,unstableuniverse,92,85,-7,bigben,107,91,-16,damagedhairrepair,179,170,-9,magnesiumbenefits,103,,,magnesiumbenefits,103,,,auschwitz,80,71,-9,customhomes,152,139,-13,customhomes,152,139,-13,marbles,190,180,-10,getuncomfortable,171,162,-9,slingshotchallenge,63,42,-21,nycweather,133,122,-11,bigbull,154,126,-28,ariesmoon,191,176,-15,comedyseries,70,56,-14,luismiguel,188,174,-14,bbcnews,186,159,-27,treehut,78,69,-9,ร้านสักสะเดา,137,125,-12,backhoe,200,167,-33,socalfishing,198,184,-14,chromehearts,168,162,-6,socialdance,157,144,-13,ixtirambadan✨❣️🦋,182,154,-28,dogbath,93,76,-17,petsafety,155,142,-13,fujifilmcamera,76,65,-11,dicasdeeconomia,169,157,-12,limerence,137,130,-7,experimentunlimit,192,175,-17,groutcleaning,107,91,-16,barbiecosplay,200,180,-20,datasecurity,92,86,-6,,,,,quarterback,124,112,-12,vols,127,115,-12,desapariciones,180,166,-14,aiagents,129,117,-12,marbles,190,180,-10,bigben,107,91,-16,genesis,156,144,-12,чикенган,81,74,-7,jumpingspiders,150,135,-15
chromehearts,170,164,-6,studytip,165,157,-8,leviackerman,169,153,-16,inkdrawing,91,,,motorcyclelife,143,132,-11,vintagenames,150,114,-36,vintagenames,150,114,-36,pimplepatches,177,162,-15,eyepatches,181,174,-7,kissnails,195,171,-24,inversioninmobiliaria,182,172,-10,fireman,61,40,-21,guesstheobject,70,59,-11,fireman,61,40,-21,partyschool,174,152,-22,morganjay,126,111,-15,netanyahu,55,36,-19,manchestercity,55,42,-13,gamedaysnacks,173,158,-15,pipecleanerflower,157,141,-16,共慶堂轎班會,150,139,-11,lizlisa,170,151,-19,japaneseexchangestudent,182,138,-44,drinksathome,126,112,-14,creator_search_insight,192,166,-26,ptschool,82,68,-14,madisonbeer,69,50,-19,,,,,habilidadfisica100,129,115,-14,joshuavan🇲🇲,159,148,-11,mixedfamily,183,161,-22,inversioninmobiliaria,182,172,-10,bjswholesaleclub,87,69,-18,foodstory,80,69,-11,longhornsteakhouse,160,157,-3,traductor,114,92,-22,wukong,128,121,-7,cosmopolitanlasvegas,160,144,-16,nychairstylist,80,70,-10,uro,112,,,uro,112,,,historylesson,146,137,-9,shoestorage,180,167,-13,shoestorage,180,167,-13,hirono,114,103,-11,danielhabif,50,39,-11,lesly,196,170,-26,septemberbaby,138,125,-13,pigeonrescue,193,163,-30,yinandyang,199,183,-16,pll,111,95,-16,millionviews🔥🤭,115,100,-15,steelballrun,113,82,-31,missdior,142,133,-9,medicaltattoo,186,174,-12,allischalmers,141,100,-41,shorefishing,137,121,-16,pajamaset,198,191,-7,randomplaydance,136,120,-16,美容师,149,118,-31,animalshelter,154,135,-19,dancingdog,114,97,-17,portraitmode,101,87,-14,jabonpotasico,77,64,-13,loveandrelationships,197,190,-7,mitosis,88,68,-20,mixingcolors,145,129,-16,steelballruncosplay,176,155,-21,socialapp,123,117,-6,,,,,sanfrancisco49ers,128,116,-12,mrolympia,140,127,-13,spiritboxsession,99,83,-16,translator,111,97,-14,hirono,114,103,-11,cosmopolitanlasvegas,160,144,-16,kenworth,188,176,-12,unstableuniverse,89,82,-7,cutebirds,156,141,-15
fallfinds,106,98,-8,biologyteacher,194,186,-8,windbreaker,177,161,-16,liveweddingpainting,92,,,chrome,148,137,-11,drbrowns,190,148,-42,drbrowns,190,148,-42,dupes,185,170,-15,maccosmetics,147,139,-8,nailcareroutine,187,160,-27,raylewis,89,78,-11,flightnurse,200,175,-25,funnygames🤣,45,33,-12,flightnurse,200,175,-25,almamater,178,156,-22,timdillon,200,184,-16,cspan,187,168,-19,quarterback,122,109,-13,churros,174,157,-17,crochetbeginner,163,147,-16,田尾親友團,173,155,-18,randomplaydance,198,179,-19,findjoy,169,73,-96,hennythingspossible,200,186,-14,everydayweeatgood,146,118,-28,raylewis,72,57,-15,mckennagrace,175,156,-19,,,,,humanflag,164,149,-15,wec,142,129,-13,amotherslove,191,165,-26,raylewis,89,78,-11,traderjoesfallitems,153,128,-25,costcotiktok,117,106,-11,colombianfood,191,188,-3,velvetcaviar,152,130,-22,seconddateupdate,157,150,-7,leavenworth,172,150,-22,wigstyle,141,131,-10,goligummies,116,,,goligummies,116,,,archeology,45,35,-10,decorating,85,71,-14,decorating,85,71,-14,snorlax,116,105,-11,motivasikehidupan,166,155,-11,iaapa,150,119,-31,studyvlog,159,145,-14,swimmingpigs,196,165,-31,ariesfullmoon,127,110,-17,bradpitt,119,103,-16,encore,37,21,-16,ddg,193,162,-31,hairremovalhack,180,171,-9,ร้านสักหาดไหญ่,144,129,-15,boeing,12,,,mulletrun,142,125,-17,fallfinds,104,96,-8,춤추는나율,138,122,-16,ftos,9,,,rattlesnake,178,159,-19,catnip,152,135,-17,risultatofinale,160,145,-15,tipsdelavado,128,114,-14,kindleunlimitedromance,114,106,-8,наса,149,129,-20,cleantokasmr,163,143,-20,chosocosplay,155,133,-22,studyapps,128,122,-6,,,,,thursdaynightfootball,186,174,-12,quarterback,181,168,-13,horrorfacts,163,147,-16,dataprivacy,200,185,-15,snorlax,116,105,-11,leavenworth,172,150,-22,momcar,143,130,-13,wukong,124,117,-7,pandababy,71,55,-16
aritzia,162,154,-8,algebra2,57,48,-9,johnnyjoestar,149,132,-17,artprogress,93,,,kenworth,179,168,-11,emergencycsection,174,130,-44,emergencycsection,174,130,-44,skincarereview,181,165,-16,viralmakeup,189,179,-10,nailtechtalk,131,99,-32,shoppingtime,136,125,-11,forging,176,145,-31,fishfight,168,154,-14,forging,176,145,-31,sandiegostateuniversity,130,107,-23,funnymeme,70,53,-17,foxweather,113,92,-21,athletes,152,139,-13,dip,105,85,-20,claytok,175,159,-16,夜巡平安繞境大典,141,122,-19,1wayzayy,134,114,-20,vlogs,7,,,thedukegolfcourse,199,184,-15,foodcombos,130,99,-31,royalhistory,193,178,-15,steveharveyshow,162,142,-20,,,,,fitnessover40,109,89,-20,tna,197,182,-15,emergencycsection,185,149,-36,shoppingtime,136,125,-11,bentocake,142,116,-26,chocolatechipcookie,187,176,-11,miamieats,96,92,-4,handmassager,186,159,-27,geek,50,42,-8,botanicalgarden,119,96,-23,curl,188,178,-10,metabolichealth,120,,,metabolichealth,120,,,pharaohs,158,148,-10,decorinspo,108,93,-15,decorinspo,108,93,-15,pokemoncard,170,159,-11,adviceforlife,163,151,-12,rollercoasterride,83,48,-35,parentingteens,166,152,-14,cutepig,144,110,-34,brujería,172,155,-17,evanpeters,132,115,-17,hayleywilliams,171,155,-16,jojo,189,157,-32,newfragrance,86,76,-10,phillytattooartist,189,173,-16,airbus,13,,,flytying,102,84,-18,aritzia,160,152,-8,danceduet,127,108,-19,jelekbodoamat,47,,,chiuhuahua,124,103,-21,petpivot,109,91,-18,trecarichiphotographer,161,146,-15,tiphogar,196,181,-15,weddingtips,62,52,-10,quasar,110,89,-21,spongesqueezing,16,,,bestiecostumes,183,160,-23,techiteasy,82,75,-7,,,,,collegefootballplayoff,160,147,-13,joshuavan,152,137,-15,entity,65,47,-18,lasermachine,134,110,-24,pokemoncard,170,159,-11,botanicalgarden,119,96,-23,carshopping,131,117,-14,seconddateupdate,153,146,-7,babypanda,70,52,-18
autumnvibes,164,156,-8,satscore,90,81,-9,yugioh,168,151,-17,artreels,97,,,z06,197,186,-11,newmum,159,100,-59,newmum,159,100,-59,larocheposayusa,183,166,-17,washday,180,169,-11,nailtraining,173,135,-38,impuestos,137,126,-11,workplacesafety,185,154,-31,whoknowsbetter,137,110,-27,workplacesafety,185,154,-31,baruchcollege,108,84,-24,monkeyapp,160,137,-23,hazing,144,123,-21,raphinha,60,46,-14,hostingtips,167,147,-20,resinartwork,172,150,-22,艺威体育会,155,135,-20,bailetiktok,164,142,-22,readingvlog,28,,,pinkwhitney,144,119,-25,firenoodles,172,132,-40,studyguide,152,136,-16,andretaulany,169,149,-20,,,,,bodybuilding,1,,,azerbaijangp,97,78,-19,ttc,6,,,impuestos,137,126,-11,buttercreamcakes,139,106,-33,freecoffee,193,182,-11,sanantoniofoodie,129,125,-4,leddisplay,196,169,-27,wemmbu,93,83,-10,mtrainiernationalpark,182,154,-28,sockcurls,94,83,-11,varicoseveins,125,,,varicoseveins,125,,,realhistory,167,157,-10,lawnrenovation,148,132,-16,lawnrenovation,148,132,-16,minisoambassador,124,112,-12,theculture,68,55,-13,chuyencuanhatrang,177,138,-39,grievingmom,178,162,-16,bigfella,161,127,-34,palmistry,159,140,-19,untoldstoriesoftheer,144,127,-17,trippieredd,111,94,-17,adamcarlsen,171,136,-35,pmu,140,129,-11,tattooregret,188,167,-21,ebiketiktok,33,,,sepia,173,155,-18,autumnvibes,162,154,-8,collegedance,109,89,-20,iwhohavenothing,60,,,minicow,162,141,-21,kittentok,140,122,-18,ilfotografoditiktok,162,147,-15,usefulknots,134,117,-17,modernwomen,169,158,-11,preschoolscience,141,119,-22,personalattention,28,,,custommask,159,134,-25,huggingface,155,148,-7,,,,,cincinnatibengals,139,125,-14,hyrox,161,145,-16,annabelledoll,118,100,-18,traductor,131,106,-25,minisoambassador,124,112,-12,mtrainiernationalpark,182,154,-28,harleydavidsonlifestyle,162,147,-15,wemmbu,90,80,-10,babykangaroo,91,73,-18
chanel,113,104,-9,tipsdeestudio,139,130,-9,aicartoon,183,166,-17,paintedrocks,115,,,momcar,138,126,-12,6months,42,,,6months,42,,,marcjacobsbeauty,111,92,-19,laser,139,127,-12,nailprocess,137,97,-40,creditcarddebt,163,152,-11,coalminer,141,101,-40,footballcards,5,,,coalminer,141,101,-40,creativeadvertising,167,136,-31,restaurantstory,178,143,-35,worldnewstonight,155,131,-24,presidentscup,169,154,-15,gamedayrecipes,165,143,-22,custombottles,189,165,-24,炎帝殿轎班會,174,153,-21,danceduet,188,162,-26,prisonstories,35,,,buzzballzbiggies,187,158,-29,fruittok,143,89,-54,scienceclass,71,54,-17,yoatzi,108,86,-22,,,,,hybridathlete,23,,,surflife,153,134,-19,grandmasoftiktok,11,,,creditcarddebt,163,152,-11,fakecake,168,130,-38,candytok,156,144,-12,clevelandohio,51,46,-5,lasermachine,124,96,-28,gubby,161,151,-10,nclpartner,171,140,-31,hairspray,110,99,-11,sleephealth,135,,,sleephealth,135,,,bonaparte,75,64,-11,holidayhome,170,154,-16,holidayhome,170,154,-16,hotwheelscollector,129,117,-12,mindsetofgreatness,152,139,-13,rollercoster,117,74,-43,grandparentsoftiktok,107,83,-24,cowhoof,176,139,-37,juggling,102,80,-22,ryanmurphy,160,143,-17,macklemore,129,111,-18,olivesmith,187,150,-37,nanobrows,184,173,-11,ร้านสักด่านนอกชายแดนไทยมาเล🇹🇭🇲🇾,111,89,-22,traintok,56,,,flytyingtutorial,175,152,-23,chanel,111,102,-9,dancetricks,123,102,-21,目がリアルに撮れるらしい,64,,,kangaroo,99,77,-22,собачка,199,179,-20,fotografobelpasso,163,148,-15,limpiandomicasa,179,159,-20,boda2026,176,165,-11,scienc,187,161,-26,iceasmr,36,,,costumemaking,190,164,-26,calorietracker,93,85,-8,,,,,cjstroud,142,128,-14,hersheypark,192,176,-16,manananggal,140,122,-18,velvetcaviar,173,147,-26,hotwheelscollector,129,117,-12,nclpartner,171,140,-31,cybertruck,178,163,-15,gubby,157,147,-10,cockatielsoftiktok,134,115,-19
bridesmaids,131,121,-10,nursingstudytips,148,139,-9,vinlandsaga,94,76,-18,coloringbookforadults,120,,,harleydavidsonlifestyle,155,143,-12,firsttimedad,47,,,firsttimedad,47,,,saiebeauty,193,173,-20,edges,140,128,-12,localnailtech,186,140,-46,rootcanal,178,167,-11,pressurewashing,21,,,gameideas,13,,,pressurewashing,21,,,12d,177,145,-32,funnyprankvideo,22,,,elizabethholmes,142,117,-25,footballplayer,181,166,-15,salmonrecipe,197,171,-26,fallcraftsforkids,142,114,-28,東山尊王舘,182,159,-23,collegedance,158,131,-27,crazyneighbor,53,,,marg,191,141,-50,wieiad,4,,,laborlaw,160,143,-17,realitytvshow,85,61,-24,,,,,zumba,27,,,ninadrama,117,94,-23,ttcjourney,15,,,rootcanal,178,167,-11,mands,179,129,-50,наполеон,131,116,-15,comidacolombiana,118,113,-5,thermalcamera,174,140,-34,wolverineps5,199,188,-11,naturalhistorymuseum,161,102,-59,hairbrush,105,92,-13,fertilitytips,157,,,fertilitytips,157,,,interestingfact,118,107,-11,houstonrealtor,186,170,-16,houstonrealtor,186,170,-16,pokemonvendorpov,156,144,-12,blackdollars,156,142,-14,minecartmadness,154,109,-45,selfcarenight,189,163,-26,farmanimalsoftiktok,140,96,-44,astrologymemes,186,164,-22,chicagofire,198,181,-17,bloodhoundliljeff,154,135,-19,ellalangley,196,142,-54,rabanneparfums,196,184,-12,pokemontattoo,143,116,-27,fixed,69,,,flytyingjunkie,154,116,-38,bridesmaids,129,119,-10,dancetherapy,143,115,-28,クールフェイスチャレンジ,79,,,dancingdog,165,142,-23,doghair,161,140,-21,strangerportraits,179,150,-29,usefulskills,174,151,-23,findinglove,195,182,-13,хімія,178,148,-30,spongeasmr,60,,,ladybugcosplay,157,130,-27,productivityapps,105,96,-9,,,,,tennesseefootball,155,139,-16,manchestercity,79,61,-18,duendesreales,161,139,-22,thermalcamera,192,154,-38,pokemonvendorpov,156,144,-12,naturalhistorymuseum,161,102,-59,accord,185,169,-16,wolverineps5,195,184,-11,geckos,163,144,-19
uggs,167,157,-10,solvingequations,193,184,-9,blender3d,138,120,-18,painttok,121,,,carshopping,127,113,-14,grandbaby,81,,,grandbaby,81,,,promakeupartist,159,138,-21,jeffreestar,97,83,-14,nailglue,27,,,grubhub,129,117,-12,civilengineering,51,,,tiktokgame,14,,,civilengineering,51,,,schoolevents,160,124,-36,basementyard,66,,,huracán,180,154,-26,footballsunday,127,110,-17,spicyramen,186,152,-34,babyblanket,41,,,1215,22,,,dancetricks,179,150,-29,solodateideas,63,,,espresso,19,,,wendys,11,,,humanhistory,111,91,-20,theencore,75,46,-29,,,,,chestworkout,46,,,speedway,170,133,-37,wearablebreastpump,20,,,grubhub,129,117,-12,fruittok,151,91,-60,cookingathometiktoktv,132,117,-15,arlingtonva,147,141,-6,aitranslation,168,127,-41,robux,177,163,-14,weekendtrip,28,,,postpartumhairloss,145,130,-15,castoroil,164,,,castoroil,164,,,independenciademéxico,191,180,-11,mowingthelawn,172,151,-21,mowingthelawn,172,151,-21,blaster,110,97,-13,motivaciónreal,176,161,-15,fairs,2,,,mecfs,168,131,-37,pigfarm,182,135,-47,energyupdate,167,135,-32,zoey101,107,89,-18,choosintexas,157,136,-21,sbr,183,126,-57,tanningsalon,181,168,-13,bridgepiercing,166,139,-27,trainspotting,79,,,rooftent,153,114,-39,uggs,165,155,-10,asisebailaensonora,147,119,-28,hcit,89,,,petpivot,159,134,-25,velcrodog,193,172,-21,californiaweddingphotographer,53,,,stickyroller,164,140,-24,datingstories,89,75,-14,scientificdiscovery,150,117,-33,asmrhairplay,62,,,ironmancosplay,102,66,-36,adobedesign,129,120,-9,,,,,niners,180,164,-16,lamine,197,178,-19,creepy,3,,,aitranslation,188,141,-47,blaster,110,97,-13,weekendtrip,28,,,mccormick,169,150,-19,кружок,199,187,-12,barnacles,167,146,-21
homecomingdress,183,173,-10,егэматематика,112,102,-10,attackontitanseason4,187,169,-18,creepyart,125,,,truckers,198,184,-14,miraclebaby,82,,,miraclebaby,82,,,jeffreestarcosmetics,115,93,-22,grayhairsolution,101,87,-14,gelxtutorial,62,,,aistocks,151,139,-12,pressurewashingbusiness,80,,,triviagame,32,,,pressurewashingbusiness,80,,,commonapp,4,,,umor,72,,,wfla,197,162,-35,hookem,175,158,-17,kraftpartner,153,114,-39,lilybouquet,50,,,bigflag,52,,,competitiondance,67,,,ditlvlog,69,,,baristalife,30,,,iceasmr,35,,,padrinohuevo,177,156,-21,biggie,152,123,-29,,,,,yeoreo,51,,,misfitsboxing,113,72,-41,revelaciondegenero,43,,,aistocks,151,139,-12,wieiad,5,,,groceries,138,109,-29,elpasotx915,183,168,-15,nightlight,31,,,picks,167,146,-21,grandtetons,33,,,aomimegel,191,175,-16,melatonin,165,,,melatonin,165,,,sciencehistory,109,96,-13,organizador,158,134,-24,organizador,158,134,-24,neferadenile,196,183,-13,jayjaydouglas,111,91,-20,disneytips,13,,,babynumber2,197,154,-43,donkey,9,,,curandero,174,138,-36,tombateman,161,141,-20,alihazelwood,177,154,-23,lyrics,9,,,mjdaisy,64,49,-15,htxtattooartist,140,63,-77,sailinglife,80,,,spillway,157,115,-42,homecomingdress,181,171,-10,bailandobachatadominicana,194,151,-43,danelliepastor,92,,,happydog,103,70,-33,autoscooper,156,134,-22,femalephotographer,96,,,crevicecleaningbrush,126,89,-37,bluecollarman,138,124,-14,experiments,12,,,relajante,65,,,calneca,146,98,-48,faceblur,144,135,-9,,,,,washingtoncommanders,127,109,-18,raphinha,85,65,-20,horrorstory,16,,,nightlight,38,,,neferadenile,196,183,-13,grandtetons,33,,,huracan,168,148,-20,robux,173,159,-14,hoahoa,164,139,-25
kidsfashion,197,186,-11,mathconcepts,171,161,-10,rudeus,176,154,-22,brownpaperbanner,129,,,cybertruck,170,155,-15,poolsafety,104,,,poolsafety,104,,,flawless,122,99,-23,rarebeauty,199,180,-19,phillynailtech,104,,,priceaction,155,142,-13,electricista,87,,,groupgames,62,,,electricista,87,,,paschooljourney,37,,,prankwars,77,,,weatherupdate,198,161,-37,milan,170,152,-18,friedoreos,183,144,-39,papeleriacreativa,72,,,0215,69,,,dancestodo,80,,,littlefreelibrary,72,,,энергетик,85,,,mexicancandy,36,,,moonlanding,181,158,-23,calebhearon,164,130,-34,,,,,фитнес,70,,,wweraw,15,,,firsttimedad,61,,,priceaction,155,142,-13,mexicancandy,41,,,chipotlepartner,173,137,-36,portlandfood,197,182,-15,babymonitor,67,,,repofails,179,152,-27,tourism,53,,,bouncyblowout,197,181,-16,applecidervinegar,168,,,applecidervinegar,168,,,moors,152,139,-13,laundryhacks,191,155,-36,laundryhacks,191,155,-36,snoopyfinds,197,182,-15,lessonsinlife,177,156,-21,buschgardens,26,,,vlogs,12,,,backyardchickens,10,,,catemaco,180,139,-41,americanhorrorstory,71,50,-21,tloasg,101,63,-38,truecrime,11,,,fragranceknowledge,139,122,-17,animetattoo,21,,,steamtrain,83,,,chinooksalmon,156,112,-44,kidsfashion,194,184,-10,competitiondance,45,,,bestenvironment,108,,,blackcat,11,,,happydog,73,49,-24,sonya6400,102,,,bathroomhack,3,,,lifepartner,194,179,-15,cosmos,13,,,softspokenasmr,82,,,fursuit,1,,,diademuertosmascotas,118,108,-10,,,,,joeburrow,166,148,-18,footballsunday,189,169,-20,misterios,27,,,wirelesscharging,78,,,snoopyfinds,197,182,-15,tourism,53,,,takeoff,187,162,-25,picks,163,142,-21,hornworm,153,126,-27
gucci,95,83,-12,studysmarter,173,163,-10,markgraysonedit,108,84,-24,sandart,137,,,accord,177,161,-16,funnychild,123,,,funnychild,123,,,developedwithderms,198,172,-26,aveenopartner,185,165,-20,uglynails,107,,,calebhammerclips,78,64,-14,cemento,115,,,mostlikelyto,103,,,cemento,115,,,lawschooladmissions,38,,,chistes,85,,,nojusticenopeace,195,139,-56,lamine,133,114,-19,mealideas,26,,,paperart,76,,,dragondanceperformance,97,,,dabke,82,,,asmrvlog,97,,,drinkresponsibly,112,,,foodisfuel,52,,,anthropology,87,63,-24,teresagiudice,187,153,-34,,,,,тренировки,93,,,jonjones,45,,,grandbaby,102,,,calebhammerclips,78,64,-14,discontinued,48,,,dip,195,154,-41,londonfood,196,179,-17,wirelesscharging,68,,,fnaf,4,,,southeastasia,78,,,herbalessencespartner,168,145,-23,neurosurgeon,171,,,neurosurgeon,171,,,manhattanproject,166,150,-16,realestate,3,,,realestate,3,,,skullpanda,128,111,-17,horacion,162,137,-25,disneydeals,29,,,ttc,15,,,cai,14,,,espiritualidad,28,,,southbeachtow,194,173,-21,tloas,113,75,-38,movieclips,40,,,lipblush,149,130,-19,tatuajesentiktok,35,,,avaition,124,,,strike,17,,,gucci,93,81,-12,danceideas,68,,,ec5,121,,,mascotas,20,,,dappledachshund,177,148,-29,glamourshots,118,,,usefullifetips,20,,,modernrelationships,163,146,-17,solarsystem,15,,,asmrmedical,91,,,larper,16,,,webbrowser,196,186,-10,,,,,panthers,126,105,-21,gokart,169,147,-22,leyendas,44,,,babymonitor,80,,,skullpanda,128,111,-17,southeastasia,78,,,trucksoftiktok,28,,,repofails,175,148,-27,montereybayaquarium,198,165,-33
sleepwear,173,161,-12,physicalscience,191,179,-12,wileecoyote,182,157,-25,acrylicart,138,,,huracan,161,144,-17,poorbaby,128,,,poorbaby,128,,,covergirlpartner,140,112,-28,beautytok,18,,,nailvesta,108,,,savingmoneytips,162,148,-14,garbagetruck,121,,,weddinggames,141,,,garbagetruck,121,,,collegedecision,42,,,humorcristiano,141,,,truecrime,1,,,picks,144,124,-20,bread,28,,,scrapbookwithme,81,,,華壇陞座,99,,,danceideas,94,,,nonhodgkinslymphoma,99,,,baristasoftiktok,148,,,peelerz,73,,,archeology,139,114,-25,toddchrisley,188,151,-37,,,,,workoutessentials,119,,,bouldering,66,,,forever18,111,,,savingmoneytips,162,148,-14,proteinsnacks,52,,,wieiad,40,,,alexandriava,119,100,-19,s26ultra,77,,,fivenightsatfreddys,10,,,sandalsresorts,81,,,menbraids,193,168,-25,uroprobiotic,176,,,uroprobiotic,176,,,romanhistory,87,70,-17,design,12,,,design,12,,,magicwand,180,163,-17,inspirationalvideo,26,,,disneytravelagent,56,,,grandmasoftiktok,24,,,gallosfinos,37,,,channeledmessage,48,,,erdrama,153,130,-23,lyrics,2,,,chriseanrock,55,,,mjperfect,84,64,-20,arizonatattooartist,63,,,boatingfails,139,,,carpe,30,,,sleepwear,171,159,-12,coreografia,75,,,_foryoupage_❣️❣️❣️_,129,,,raccoon,45,,,gooddog,195,128,-67,sesionesdefotos,128,,,sinkstrainer,21,,,cutecouples,120,99,-21,cuerpohumano,27,,,spirograph,116,,,dinomask,61,,,vpnfree,192,181,-11,,,,,carolinapanthers,197,175,-22,ehplabs,176,149,-27,horor,69,,,s26ultra,88,,,magicwand,180,163,-17,sandalsresorts,81,,,newcar,35,,,fnaf,4,,,zooanimals,192,158,-34
nyfw,87,74,-13,nclexhelp,199,187,-12,thorfinn,125,98,-27,howtopaint,141,,,trucksoftiktok,26,,,todler,129,,,todler,129,,,eadem,147,106,-41,eyebrows,44,,,nailclipper,111,,,marketingstrategy,126,107,-19,hardscape,131,,,intuitionchallenge,149,,,hardscape,131,,,wgu,46,,,dailymemes,161,,,gypsyrose,9,,,runners,198,177,-21,outdoorcooking,41,,,quiltingtiktok,82,,,七祖仙師,133,,,coreografia,107,,,thefreebieguy,114,,,colddrinks,159,,,popeyeschicken,86,,,hiddenhistory,27,,,yoatzicastro,155,108,-47,,,,,burpees,128,,,bobbygreen,119,,,autismparent,146,,,marketingstrategy,126,107,-19,сладость,65,,,mealideas,52,,,heladeria,182,162,-20,kindlegirlie,97,,,gtav,57,,,trips,120,,,scalpcare,25,,,immunesystem,178,,,immunesystem,178,,,marianatrench,144,124,-20,cleaningtiktok,20,,,cleaningtiktok,20,,,legolanddiscoverycenter,194,177,-17,alanwatts,34,,,disneyhacks,69,,,ttcjourney,29,,,cattlefarm,44,,,capricorn♑️,82,,,zachcregger,199,171,-28,stevelacy,13,,,creepy,60,,,brighteningbodywash,200,176,-24,piercinglovers,69,,,юрент,144,,,campingchair,31,,,nyfw,85,72,-13,dancerlife,79,,,دونااا♥️,135,,,donkey,65,,,blackcat,10,,,sebasmorenooo,130,,,cleaningtipsandtricks,64,,,compromiso,184,155,-29,asteroid,39,,,pinkslime,125,,,marinkitagawacosplay,65,,,googleworkspace,47,35,-12,,,,,camskattebo,200,177,-23,armantsarukyan,131,101,-30,darkstories,84,,,kindlegirlie,112,,,legolanddiscoverycenter,194,177,-17,trips,120,,,carcare,42,,,fivenightsatfreddys,10,,,raccoon,11,,
prada,155,134,-21,phonicsactivities,196,183,-13,jerry,189,162,-27,kindnessrocks,142,,,newcar,33,,,specyal🌹,134,,,specyal🌹,134,,,beautytok,9,,,scalpcare,81,,,bloominggel,113,,,technicalanalysis,199,179,-20,softwashing,136,,,麥可喬丹,165,,,softwashing,136,,,collegeacceptance,53,,,siblingcomedy,179,,,gypsyroseblanchard,13,,,tennesseefootball,160,135,-25,italianfood,51,,,diyparty,89,,,caiqing,136,,,dancerlife,111,,,morningroutinevlog,138,,,coffeetrend,163,,,blindtastetest,118,,,factsyoudidntknow,41,,,chriseanrock,11,,,,,,,naturalweightloss,183,,,tripleh,139,,,emotionallyimmatureparents,149,,,technicalanalysis,199,179,-20,peelerz,74,,,bread,55,,,chopelasreviews,171,148,-23,spaceheater,135,,,cozygames,137,,,antelopecanyon,127,,,barberia,75,,,dermatitis,179,,,dermatitis,179,,,megaprojects,153,128,-25,diyhome,43,,,diyhome,43,,,coralinedoll,119,96,-23,disciplinedmindsets,53,,,disneytickets,75,,,wearablebreastpump,49,,,babyhorse,81,,,signos,83,,,ahs13,142,102,-40,lyricsvideo,14,,,relationshipgoals,69,,,miniperfumes,172,145,-27,chicagotattooartist,97,,,portcanaveral,153,,,monsterfish,47,,,prada,153,132,-21,linedancers,92,,,الزعيمه_دونا🔥❤️,136,,,malinois,67,,,mascotas,16,,,portlandphotographer,136,,,ropework,76,,,relationshipgoals,2,,,sciencepopularization,70,,,fallasleep,131,,,cosplaytutorial,92,,,musicapp,112,100,-12,,,,,packers,54,23,-31,goat,13,,,spookystory,109,,,spaceheater,152,,,coralinedoll,119,96,-23,antelopecanyon,127,,,yozma,51,,,gtav,55,,,animallove,38,,
vintage,11,,,aleveleconomics,141,124,-17,gyrozeppeli,172,143,-29,spirograph,146,,,carcare,40,,,arthrogryposis,137,,,arthrogryposis,137,,,eyebrows,21,,,skin1004,162,,,накладныеногти,115,,,bathandbodyworkshaul,200,163,-37,drillbits,137,,,desafiomental,166,,,drillbits,137,,,collegeappszn,88,,,shitpostmeme,187,,,kenurker,15,,,goat,11,,,healthymeals,65,,,manualidadesfaciles,104,,,范將軍,158,,,puntacatracha,120,,,angeltree,140,,,coffeecups,168,,,tropicalfruit,121,,,commonapp,50,,,chrisean,34,,,,,,,hiitworkout,188,,,edge,156,,,lovemakesafamily,150,,,bathandbodyworkshaul,200,163,-37,minicake,90,,,outdoorcooking,78,,,fogodechao,186,153,-33,sdcardreader,158,,,ゲーム,138,,,caribe,142,,,brownhair,104,,,pregnancyhealth,181,,,pregnancyhealth,181,,,hiddenhistory,9,,,luxuryhomes,55,,,luxuryhomes,55,,,monsterhigh,7,,,alexhormozi,78,,,hopihari,80,,,revelaciondegenero,84,,,raisingchickens,89,,,poema,131,,,movieclips,5,,,darkromance,15,,,gypsyrose,70,,,dgdevotion,168,131,-37,mehendi,132,,,bobcatequipment,159,,,portablechair,115,,,vintage,11,,,huapangosperros,94,,,النمرة♥️🐆,137,,,cutepets,74,,,malinois,46,,,ricoh,139,,,redhut,92,,,cheatingboyfriend,49,,,flatearthproof,72,,,noglueslime,151,,,screammask,112,,,winkapp,133,118,-15,,,,,greenbaypackers,100,51,-49,bodybuilding,15,,,жуткиеистории,117,,,gamingearbuds,178,,,monsterhigh,7,,,caribe,142,,,ninja,56,,,cozygames,133,,,natgeo,58,,
baggyjeans,81,,,icfes,100,72,-28,chainsawman,14,,,murals,157,,,yozma,49,,,babybooks,141,,,babybooks,141,,,skin1004,72,,,hairjourney,169,,,артманикюр,123,,,retirement,11,,,dumpsterrentalbusiness,144,,,giiker,176,,,dumpsterrentalbusiness,144,,,schoolinterview,89,,,genxhumor,189,,,worldnews,32,,,indianafever,40,,,ideasdecomida,74,,,rosaseternas🌹,108,,,路竹竹心會,165,,,steezoween,122,,,lecreusetfactorytotable,160,,,oatmilk,169,,,tryingfood,134,,,experiments,62,,,vix,49,,,,,,,forearm,190,,,dominikmysterio,175,,,postpartumessentials,161,,,retirement,11,,,tropicalfruit,131,,,italianfood,92,,,pizzeria,92,,,gamingearbuds,159,,,gearsofwar,163,,,travelonabudget,145,,,hairhealth,106,,,mobilityaid,186,,,mobilityaid,186,,,factsyoudidntknow,17,,,makeover,58,,,makeover,58,,,tradingcards,20,,,parelebolas,110,,,disneywithtoddlers,87,,,firsttimedad,115,,,pajaretes,125,,,hoodoowitchtok,140,,,frenchcelebrities,24,,,frenchvibes,17,,,chainsawman,81,,,bodyoil,23,,,peonytattoo,136,,,steamengine,160,,,yellowtail,118,,,baggyjeans,79,,,mexicandance,99,,,caiocandido,145,,,backyardchickens,75,,,cutepets,52,,,igpics,144,,,dailyhack,96,,,thisinitial,64,,,tiktokscience,81,,,clearslime,158,,,cosplayfyp,139,,,heygen,187,171,-16,,,,,atlantafalcons,131,61,-70,fairs,39,,,internetmystery,128,,,sdcardreader,179,,,tradingcards,20,,,travelonabudget,145,,,wrangler,106,,,ゲーム,134,,,quakerparrot,89,,
pacsun,124,,,grade8,68,,,jjkedit,24,,,carart,175,,,ninja,54,,,montessoritoddler,143,,,montessoritoddler,143,,,browlamination,85,,,kidsbraids,173,,,unhasdecoradas,126,,,debtpayoff,26,,,hiddentreasure,148,,,quiznight,181,,,hiddentreasure,148,,,самоуправление,112,,,alisiddiq,191,,,immigrationlaw,84,,,knicks,78,,,cakes,85,,,kidscraft,115,,,永華宮,167,,,linedancers,132,,,monthlyrecap,163,,,drinkpackage,171,,,challengetok,135,,,cosmos,64,,,changbin,137,,,,,,,vascular,191,,,ufcfight,182,,,austim,166,,,debtpayoff,26,,,gomitasenchiladas,145,,,espresso,99,,,comal,138,,,siliconecase,178,,,fortnitenews,172,,,disneytravelagent,178,,,middlepart,135,,,probioticos,189,,,probioticos,189,,,asilo,32,,,makeupvanity,104,,,makeupvanity,104,,,footballcards,52,,,disciplinadiaria,112,,,disneyonabudget,88,,,bathroomhack,122,,,coturnixquail,160,,,lovespells,143,,,russianmusic,32,,,applemusic,31,,,gypsyroseblanchard,110,,,shavingtips,55,,,bayareatattoo,169,,,foldingebike,168,,,handtiedjigs,122,,,pacsun,122,,,ryudai,131,,,funfrezzmyaccount🥀,153,,,cai,118,,,wobblycat,87,,,lightroomtutorial,167,,,рабочийлайфхак,116,,,weddingflowers,95,,,spacestation,98,,,asmrsleeprelax,161,,,princesscosplay,151,,,gmailtips,165,145,-20,,,,,indianafever,48,,,indianafever,59,,,ghosthunter,131,,,techvibes,180,,,footballcards,52,,,disneytravelagent,178,,,static,117,,,gearsofwar,159,,,babysquirrel,122,,
embroidery,150,,,sathacks,72,,,manhwa,44,,,timmypaint,177,,,wrangler,102,,,babygenius,173,,,babygenius,173,,,makeupvanity,119,,,kidbraider,184,,,gelmanicure,139,,,cpa,72,,,ironwork,152,,,quizusa,190,,,ironwork,152,,,mcgill,129,,,charactercomedy,192,,,abortionrights,101,,,marathon,85,,,sundaydinner,103,,,dollartreecrafts,129,,,三步三,186,,,huapangosperros,135,,,saturdayvlog,167,,,sodastreampartner,172,,,crunchtok,153,,,solarsystem,74,,,tmz,144,,,,,,,sendbiceps,192,,,kinggreen,186,,,austimmom,182,,,cpa,72,,,realorcake,149,,,healthymeals,118,,,tokyofood,139,,,vivox100ultra,183,,,foxy,176,,,lagunaazul,179,,,nychairsalon,149,,,bonehealth,190,,,bonehealth,190,,,mitologia,113,,,rugs,117,,,rugs,117,,,rccars,103,,,waitongod,121,,,indooractivities,93,,,readingvlog,131,,,caballosoficial,171,,,escorpio♏,144,,,therookie,54,,,90sthrowback,51,,,stevelacy,127,,,soldejaneiro,104,,,backpiecetattoo,172,,,вело,177,,,deerblind,141,,,embroidery,148,,,kellysweeneychoreo,156,,,gocdep,168,,,wobblycat,127,,,animallove,131,,,ogimages,175,,,kathwi,121,,,eday,126,,,neutronstar,117,,,papermakeup,175,,,ennardcosplay,161,,,promptengineering,65,,,,,,,knicks,83,,,wweraw,105,,,truescarystory,142,,,viraltech,181,,,rccars,103,,,lagunaazul,179,,,carmeet,119,,,foxy,172,,,landbasedsharkfishing,176,,
sewingtiktok,152,,,satexam,126,,,yujiitadori,70,,,installationart,178,,,static,113,,,weaning,175,,,weaning,175,,,eyeshadowtutorial,137,,,glycolicacid,192,,,orlandonails,153,,,entrepreneurmindset,84,,,lvt,165,,,guesstheitem,193,,,lvt,165,,,highschooljunior,143,,,mrbelding,193,,,ryananderson,105,,,anthonyedwards,90,,,halloweenrecipes,171,,,customtumblers,173,,,澎湖頂太子福沙堂,191,,,mexicandance,142,,,collegediaries,173,,,splittheg,174,,,sourgushers,167,,,asilo,99,,,theovon,165,,,,,,,5krun,194,,,allelitewrestling,188,,,familytraditions,186,,,entrepreneurmindset,84,,,groceryrestock,172,,,ideasdecomida,133,,,phillyfoodies,162,,,applepencil,185,,,freddy,185,,,solotravelwoman,185,,,headandshoulderspartner,151,,,insulin,193,,,insulin,193,,,criminallawyer,124,,,arquitectura,125,,,arquitectura,125,,,bathtoys,154,,,认知思维,127,,,humanclaw,129,,,prisonstories,152,,,miniporco,177,,,gg33,170,,,vix,79,,,osamason,63,,,lyricsvideo,128,,,loccitanepartner,123,,,christiantattooartist,180,,,rib,187,,,huntersoftiktok,164,,,sewingtiktok,150,,,bellydancing,159,,,itu_kamulah,171,,,animallove,188,,,cutekitten,139,,,a6400,183,,,pengusirtikus,149,,,poetsoftiktok,149,,,deepsky,135,,,indianheadmassage,183,,,diycosplay,164,,,aitutorial,69,,,,,,,anthonyedwards,95,,,knicks,114,,,нло,157,,,vivox100ultra,182,,,bathtoys,154,,,solotravelwoman,185,,,singlecab,120,,,minecraftdungeons,185,,,stinkbug,185,,
notsophiesilva,191,,,mathlover,179,,,bachira,74,,,weddingpainter,181,,,carmeet,115,,,halfbirthday,194,,,halfbirthday,194,,,matureskincare,156,,,ivyleague,193,,,xxlnails,166,,,smallbusinesstips,90,,,naturalstone,166,,,maddyandantonio,195,,,naturalstone,166,,,seniors2026,145,,,hoodmemes,194,,,nationalguard,138,,,billiards,100,,,quinoa,189,,,christmasforkids,188,,,嘉義黃家黃府千歲,192,,,surroundsound,182,,,cuteig,184,,,blindtastetest,180,,,savorysnackplate,170,,,cuerpohumano,145,,,emmacoronell,176,,,,,,,lowerbody,195,,,wrestlinghighlights,189,,,raisingmen,188,,,smallbusinesstips,90,,,scooptok,176,,,cakes,149,,,gardengrove,169,,,applewallpaper,189,,,minecraftdungeons,189,,,shrine,188,,,loctician,166,,,testosteronebooster,194,,,testosteronebooster,194,,,andrewjackson,186,,,newlisting,133,,,newlisting,133,,,rccommunity,178,,,inquebrantables,128,,,houstonactivities,133,,,dumpster,153,,,sheepfarming,190,,,fortuna,173,,,russianculture,90,,,rnbvibes,141,,,darkromance,132,,,foilshaver,130,,,tattoosformen,181,,,escooterlife,189,,,marlinfishing,184,,,notsophiesilva,188,,,dancejourney,170,,,做自己的女王👑,172,,,rescate,189,,,cutebunny,169,,,photographytutorial,188,,,pembersihpakaian,155,,,nationalboyfriendsday,156,,,falconheavy,138,,,crushingasmr,192,,,31daysofhalloweenmakeup,169,,,browser,94,,,,,,,atlantabraves,172,,,marathon,122,,,serbiandancinglady,167,,,mobiletips,183,,,rccommunity,178,,,shrine,188,,,carro,126,,,dandyworld,186,,,yuke,186,,
arcteryx,192,,,matrices,182,,,amv,77,,,graffitiletters,186,,,singlecab,116,,,jennifercoppen,196,,,jennifercoppen,196,,,acneprone,160,,,barberia,194,,,dustcollector,167,,,tax,102,,,lowvoltage,180,,,gameboard,196,,,lowvoltage,180,,,commonappessay,148,,,broskireport,195,,,domesticviolenceawarenessmonth,161,,,womenssports,182,,,empanadas,192,,,halloweendiys,191,,,鄭家中壇元帥,193,,,standingnexttoyou,183,,,anklemonitor,185,,,butterbeer,181,,,chipcity,173,,,деньсамоуправления,172,,,aces,183,,,,,,,adjustabledumbbells,196,,,wrestlingmatch,192,,,firsttimemomtips,195,,,tax,102,,,rankingfoods,177,,,wendys,162,,,visaliaca,174,,,arduino,193,,,dandyworld,190,,,internationaltravel,190,,,sidebangs,185,,,deeptissue,195,,,deeptissue,195,,,nativehistory,192,,,bamboomattresstopper,151,,,bamboomattresstopper,151,,,squishmallows,181,,,successmindsets,144,,,nightsplash,137,,,errandsvlog,180,,,americanquarterhorse,194,,,приворот,184,,,vampires,177,,,sasurvivor,182,,,frenchcelebrities,135,,,easyhalloweenmakeup,145,,,tattooviral,182,,,rangerboats,192,,,garfishing,187,,,arcteryx,189,,,danceconvention,190,,,anhhungdzcutevll,183,,,такса,190,,,seniordogsoftiktok,185,,,birthdayphotography,189,,,giadungtienloi,167,,,bestbfever,157,,,misteriosdeluniverso,146,,,paperasmr,194,,,dabicosplay,175,,,flyerdesign,134,,,,,,,okcthunder,184,,,anthonyedwards,128,,,casocriminal,184,,,partylights,187,,,squishmallows,181,,,internationaltravel,190,,,privateproperty,171,,,newupdate,192,,,exterminator,188,,
closetorganization,193,,,calculus3,185,,,homestuck,148,,,seascape,187,,,carro,122,,,babybliss,197,,,babybliss,197,,,makeupfinds,188,,,browlamination,195,,,handpaintednailart,176,,,100envelopechallenge,120,,,harvestseason,184,,,wouldyousurvive,197,,,harvestseason,184,,,teacherslife,159,,,funnyboyfriend,196,,,пожар,183,,,liveincentive,190,,,gumbo,193,,,crochetpumpkin,192,,,嘉義三關帝,195,,,zydariusss,187,,,lifestyleaesthetic,187,,,halloweencocktails,184,,,caneschicken,186,,,montclairstateuniversity,196,,,drewbarrymore,184,,,,,,,bikinicompetitor,197,,,willospreay,193,,,fatherdaughterdance,196,,,100envelopechallenge,120,,,traderjoe,195,,,baristalife,171,,,comidacallejera,189,,,iostips,195,,,fortnitecompetitive,195,,,mscworldamerica,191,,,lahairstylist,187,,,adhdproblems,196,,,adhdproblems,196,,,strangehistory,194,,,deco,176,,,deco,176,,,psa10,186,,,mindsetquote,146,,,disneyplanner,173,,,vlogtober,187,,,gado,195,,,birthchartreading,189,,,911onabc,182,,,christianhumor,191,,,russianmusic,152,,,viralperfume,154,,,tattoovideo,193,,,electricscooters,194,,,deerszn,189,,,widelegjeans,195,,,faarapu,195,,,ilvi_sanh24,189,,,raccoons,193,,,orientalshorthair,187,,,posesparafoto,191,,,easylifehack,187,,,weddingphotos,172,,,cuantica,184,,,asmrwhispers,195,,,skullmask,188,,,perplexity,181,,,,,,,kirkcousins,185,,,billiards,145,,,darktok,185,,,techtricks,191,,,psa10,186,,,mscworldamerica,191,,,benz,192,,,liveevent,194,,,wildboar,195,,
widelegjeans,198,,,flashcardsforkids,190,,,furryart,194,,,monsterclay,191,,,benz,183,,,kamari,198,,,kamari,198,,,skincare101,191,,,tenderheaded,196,,,coolnails,182,,,personalfinancetips,171,,,tiling,190,,,ون_هاوس,198,,,tiling,190,,,hocycogivui👩🏻‍⚕️💙,189,,,videosdivertidos,197,,,floodwarning,188,,,timberwolves,192,,,noodletok,196,,,papercrafting,197,,,外埔帝爺會,198,,,troyboi,191,,,cruiseshipdancer,188,,,communitygoods,185,,,goodvivesonly❤,187,,,inmigraciónusa,198,,,aculpaedocabral,195,,,,,,,fisiculturismo,198,,,jonmoxley,195,,,ibu,197,,,personalfinancetips,171,,,тортназаказ,196,,,halloweenfood,184,,,sacramentotiktok,193,,,contentcreatormusthaves,198,,,newupdate,196,,,worktravel,192,,,уходзаволосами,190,,,dialysis,197,,,dialysis,197,,,romanovs,195,,,interiorinspo,189,,,interiorinspo,189,,,stickerbox,193,,,motivationlines💯,194,,,worldsoffun,174,,,christmascrafts,196,,,stockshowkid,197,,,contortionist,193,,,classictv,191,,,mafiaromance,197,,,kenurker,155,,,aestheticnurse,189,,,tattooartistlife,195,,,aviacao,196,,,spinningfish,190,,,giftsforher,196,,,ac15choreography,196,,,顔パズルチャレンジ,190,,,sandiegozoo,198,,,vetmedhumor,191,,,commercialphotography,193,,,pembersihrumah,189,,,nationalgfsday,185,,,gasgiant,190,,,relaxingasmrsounds,196,,,第五人格コスプレ,193,,,logoanimation,186,,,,,,,nflfantasy,191,,,lasvegasaces,173,,,ufology,187,,,durabilitytest,194,,,stickerbox,193,,,worktravel,192,,,minitruck,198,,,rizzapp,196,,,elkrut,197,,
giftsforher,199,,,satmathhacks,198,,,jinshi,195,,,pleinairpainting,198,,,minitruck,189,,,momcozymys,199,,,momcozymys,199,,,hauslabs,199,,,loreal,198,,,cheetahnails,185,,,targetcircle,196,,,stonework,191,,,horsleyhillpremier,199,,,stonework,191,,,однаклассники,195,,,badjokes,198,,,gypsyrosecase,189,,,courtsideseats,197,,,fallcooking,199,,,journalprompt,198,,,大社新樂軒,199,,,ryudai,192,,,hotdrama,195,,,nescafegold,194,,,jmango,190,,,arqueología,199,,,jaycinco,196,,,,,,,reardelts,199,,,benwhittaker,199,,,endoflifecare,198,,,targetcircle,196,,,deathrowmeals,199,,,sundaydinner,192,,,thebotanist,195,,,usbstoragedevices,199,,,liveevent,198,,,oldtown,196,,,heatlessblowout,195,,,breathspray,199,,,breathspray,199,,,ancientengineering,197,,,cottagecoreaesthetic,195,,,cottagecoreaesthetic,195,,,fullart,198,,,entrepreneurcommunity,198,,,disneyworldresorts,183,,,photodumps,198,,,dairygoats,199,,,tarotcardreading,195,,,peps,195,,,omarcamacho,198,,,jjkedit,164,,,showertiktok,194,,,blackandgraytattoo,197,,,powerpole,198,,,fishinghook,194,,,slides,199,,,спектакль,198,,,비비랩,197,,,pethair,199,,,bulldogs,197,,,fotografie,196,,,주방수납,193,,,bestboyfriend,190,,,voyager2,195,,,nailsasmr,198,,,pennandteller,196,,,trucosdetiktok,197,,,,,,,tyreekhill,196,,,nebraskavolleyball,174,,,lallorona😱,197,,,canvadesign,198,,,fullart,198,,,oldtown,196,,,camioneros,199,,,wuwa,197,,,cutepanda,199,,
matchingoutfits,200,,,preschoolmath,200,,,dandyworld,198,,,colorfulart,200,,,ambientlighting,199,,,infantlossawareness,200,,,infantlossawareness,200,,,nogluelashes,200,,,exfoliation,200,,,topcoat,197,,,economía,198,,,amazingprocess,196,,,憋笑挑战,200,,,amazingprocess,196,,,mystudents,200,,,funnyrelatable,199,,,jacksonms,194,,,sga,200,,,muffins,200,,,handmadejournal,199,,,東港迎王,200,,,adultdanceclass,195,,,frienddates,199,,,matcharecipes,195,,,tunnocksteacakes,198,,,профиль,200,,,colbybrock,199,,,,,,,heavylifting,200,,,wrestlingfan,200,,,bonusdad,199,,,economía,198,,,newcandy,200,,,gamedayfood,199,,,dintaifungreview,198,,,thinkpad,200,,,rizzapp,200,,,riurepublica,200,,,oqhair,196,,,fertilityawareness,200,,,fertilityawareness,200,,,psicologiamasculina,200,,,bathroomhack,200,,,bathroomhack,200,,,toddlergifts,200,,,pathtosuccess,200,,,frightnights,194,,,pumpandpour,200,,,minipigs,200,,,скорпион,198,,,peliculasrecomendadas,196,,,vallenatos,199,,,survivor,194,,,womensfragrance,198,,,tiktoktattoo,200,,,lito,199,,,rangerboats,195,,,halloweencostumeideas,200,,,2on,199,,,សុខសាន្ត,200,,,calves,200,,,dogproducts,200,,,gradphotographer,200,,,살림꿀템,194,,,dayzonspam,200,,,agujerosnegros,200,,,слаймы,199,,,sallystitches,199,,,cybersec,199,,,,,,,buccaneers,199,,,kane,177,,,bovedas,200,,,aiediting,199,,,toddlergifts,200,,,riurepublica,200,,,truckaccessories,200,,,warframe,198,,,animalencounter,200,,
,,,,,,,,,,,,,,,,,,,,,,,,,,,,,,,,,,,,,,,,,,,,,,,,,,,,,,,,,,,,,,,,,,,,,,,,,,,,,,,,,,,,,,,,,,,,,,,,,,,,,,,,,,,,,,,,,,,,,,,,,,,,,,,,,,,,,,,,,,,,,,,,,,,,,,,,,,,,,,,,,,,,,,,,,,,,,,,,,,,,,,,,,,,,,,,,,,,,,,,,,,,,,,,,,,,,,,,,,,,,,,,,,,,,,,,,,,,,垢抜けたいですアドバイス下さい,201,,,,,,,,,,,,,,,,,,,,,,,,,,,,,,,,,,,,,,,,,,,,,,,,,,,,,,,,,,,,,,,,,,,,,,,,,,,,,,
