APPAREL_AND_ACCESSORIES_hashtag,APPAREL_AND_ACCESSORIES_rank_today,APPAREL_AND_ACCESSORIES_rank_prev_state,APPAREL_AND_ACCESSORIES_rank_delta,ACADEMIC_RESOURCES_hashtag,ACADEMIC_RESOURCES_rank_today,ACADEMIC_RESOURCES_rank_prev_state,ACADEMIC_RESOURCES_rank_delta,ANIMATION_AND_COMICS_hashtag,ANIMATION_AND_COMICS_rank_today,ANIMATION_AND_COMICS_rank_prev_state,ANIMATION_AND_COMICS_rank_delta,ART_hashtag,ART_rank_today,ART_rank_prev_state,ART_rank_delta,AUTOMOTIVE_hashtag,AUTOMOTIVE_rank_today,AUTOMOTIVE_rank_prev_state,AUTOMOTIVE_rank_delta,BABY_CARE_hashtag,BABY_CARE_rank_today,BABY_CARE_rank_prev_state,BABY_CARE_rank_delta,BABY_KIDS_AND_MATERNITY_hashtag,BABY_KIDS_AND_MATERNITY_rank_today,BABY_KIDS_AND_MATERNITY_rank_prev_state,BABY_KIDS_AND_MATERNITY_rank_delta,BEAUTY_hashtag,BEAUTY_rank_today,BEAUTY_rank_prev_state,BEAUTY_rank_delta,BEAUTY_AND_PERSONAL_CARE_hashtag,BEAUTY_AND_PERSONAL_CARE_rank_today,BEAUTY_AND_PERSONAL_CARE_rank_prev_state,BEAUTY_AND_PERSONAL_CARE_rank_delta,BEAUTY_SERVICES_hashtag,BEAUTY_SERVICES_rank_today,BEAUTY_SERVICES_rank_prev_state,BEAUTY_SERVICES_rank_delta,BUSINESS_AND_FINANCE_hashtag,BUSINESS_AND_FINANCE_rank_today,BUSINESS_AND_FINANCE_rank_prev_state,BUSINESS_AND_FINANCE_rank_delta,BUSINESS_SERVICES_hashtag,BUSINESS_SERVICES_rank_today,BUSINESS_SERVICES_rank_prev_state,BUSINESS_SERVICES_rank_delta,CARD_AND_BOARD_GAMES_hashtag,CARD_AND_BOARD_GAMES_rank_today,CARD_AND_BOARD_GAMES_rank_prev_state,CARD_AND_BOARD_GAMES_rank_delta,CAREER_AND_PROFESSIONAL_GROWTH_hashtag,CAREER_AND_PROFESSIONAL_GROWTH_rank_today,CAREER_AND_PROFESSIONAL_GROWTH_rank_prev_state,CAREER_AND_PROFESSIONAL_GROWTH_rank_delta,COLLEGE_hashtag,COLLEGE_rank_today,COLLEGE_rank_prev_state,COLLEGE_rank_delta,COMEDY_hashtag,COMEDY_rank_today,COMEDY_rank_prev_state,COMEDY_rank_delta,COMMUNITY_UPDATES_AND_ISSUES_hashtag,COMMUNITY_UPDATES_AND_ISSUES_rank_today,COMMUNITY_UPDATES_AND_ISSUES_rank_prev_state,COMMUNITY_UPDATES_AND_ISSUES_rank_delta,CONVENTIONAL_AND_MAINSTREAM_SPORTS_hashtag,CONVENTIONAL_AND_MAINSTREAM_SPORTS_rank_today,CONVENTIONAL_AND_MAINSTREAM_SPORTS_rank_prev_state,CONVENTIONAL_AND_MAINSTREAM_SPORTS_rank_delta,COOKING_hashtag,COOKING_rank_today,COOKING_rank_prev_state,COOKING_rank_delta,CRAFTING_AND_CREATIONS_hashtag,CRAFTING_AND_CREATIONS_rank_today,CRAFTING_AND_CREATIONS_rank_prev_state,CRAFTING_AND_CREATIONS_rank_delta,CULTURE_hashtag,CULTURE_rank_today,CULTURE_rank_prev_state,CULTURE_rank_delta,DANCE_hashtag,DANCE_rank_today,DANCE_rank_prev_state,DANCE_rank_delta,DIARY_AND_VLOG_hashtag,DIARY_AND_VLOG_rank_today,DIARY_AND_VLOG_rank_prev_state,DIARY_AND_VLOG_rank_delta,DRINKS_hashtag,DRINKS_rank_today,DRINKS_rank_prev_state,DRINKS_rank_delta,EATING_EXPERIENCES_hashtag,EATING_EXPERIENCES_rank_today,EATING_EXPERIENCES_rank_prev_state,EATING_EXPERIENCES_rank_delta,EDUCATION_hashtag,EDUCATION_rank_today,EDUCATION_rank_prev_state,EDUCATION_rank_delta,ENTERTAINMENT_AND_SPORTS_NEWS_hashtag,ENTERTAINMENT_AND_SPORTS_NEWS_rank_today,ENTERTAINMENT_AND_SPORTS_NEWS_rank_prev_state,ENTERTAINMENT_AND_SPORTS_NEWS_rank_delta,ENVIRONMENT_hashtag,ENVIRONMENT_rank_today,ENVIRONMENT_rank_prev_state,ENVIRONMENT_rank_delta,EXERCISE_AND_FITNESS_hashtag,EXERCISE_AND_FITNESS_rank_today,EXERCISE_AND_FITNESS_rank_prev_state,EXERCISE_AND_FITNESS_rank_delta,EXTREME_AND_ADVENTURE_SPORTS_hashtag,EXTREME_AND_ADVENTURE_SPORTS_rank_today,EXTREME_AND_ADVENTURE_SPORTS_rank_prev_state,EXTREME_AND_ADVENTURE_SPORTS_rank_delta,FAMILY_hashtag,FAMILY_rank_today,FAMILY_rank_prev_state,FAMILY_rank_delta,FINANCIAL_SERVICES_hashtag,FINANCIAL_SERVICES_rank_today,FINANCIAL_SERVICES_rank_prev_state,FINANCIAL_SERVICES_rank_delta,FOOD_hashtag,FOOD_rank_today,FOOD_rank_prev_state,FOOD_rank_delta,FOOD_AND_BEVERAGE_hashtag,FOOD_AND_BEVERAGE_rank_today,FOOD_AND_BEVERAGE_rank_prev_state,FOOD_AND_BEVERAGE_rank_delta,FOOD_RECOMMENDATIONS_hashtag,FOOD_RECOMMENDATIONS_rank_today,FOOD_RECOMMENDATIONS_rank_prev_state,FOOD_RECOMMENDATIONS_rank_delta,GADGETS_AND_INNOVATION_hashtag,GADGETS_AND_INNOVATION_rank_today,GADGETS_AND_INNOVATION_rank_prev_state,GADGETS_AND_INNOVATION_rank_delta,GAMES_hashtag,GAMES_rank_today,GAMES_rank_prev_state,GAMES_rank_delta,GENERAL_TRAVEL_hashtag,GENERAL_TRAVEL_rank_today,GENERAL_TRAVEL_rank_prev_state,GENERAL_TRAVEL_rank_delta,HAIR_CARE_hashtag,HAIR_CARE_rank_today,HAIR_CARE_rank_prev_state,HAIR_CARE_rank_delta,HEALTH_hashtag,HEALTH_rank_today,HEALTH_rank_prev_state,HEALTH_rank_delta,HEALTH_AND_WELLNESS_hashtag,HEALTH_AND_WELLNESS_rank_today,HEALTH_AND_WELLNESS_rank_prev_state,HEALTH_AND_WELLNESS_rank_delta,HISTORY_AND_LITERATURE_hashtag,HISTORY_AND_LITERATURE_rank_today,HISTORY_AND_LITERATURE_rank_prev_state,HISTORY_AND_LITERATURE_rank_delta,HOME_AND_GARDEN_hashtag,HOME_AND_GARDEN_rank_today,HOME_AND_GARDEN_rank_prev_state,HOME_AND_GARDEN_rank_delta,HOME_IMPROVEMENT_hashtag,HOME_IMPROVEMENT_rank_today,HOME_IMPROVEMENT_rank_prev_state,HOME_IMPROVEMENT_rank_delta,HOUSEHOLD_PRODUCTS_hashtag,HOUSEHOLD_PRODUCTS_rank_today,HOUSEHOLD_PRODUCTS_rank_prev_state,HOUSEHOLD_PRODUCTS_rank_delta,LEARNING_AND_DEVELOPMENT_hashtag,LEARNING_AND_DEVELOPMENT_rank_today,LEARNING_AND_DEVELOPMENT_rank_prev_state,LEARNING_AND_DEVELOPMENT_rank_delta,LEISURE_AND_RECREATION_FACILITIES_hashtag,LEISURE_AND_RECREATION_FACILITIES_rank_today,LEISURE_AND_RECREATION_FACILITIES_rank_prev_state,LEISURE_AND_RECREATION_FACILITIES_rank_delta,LIFE_SERVICES_hashtag,LIFE_SERVICES_rank_today,LIFE_SERVICES_rank_prev_state,LIFE_SERVICES_rank_delta,LIVESTOCK_AND_FARMING_hashtag,LIVESTOCK_AND_FARMING_rank_today,LIVESTOCK_AND_FARMING_rank_prev_state,LIVESTOCK_AND_FARMING_rank_delta,MISCELLANEOUS_PERFORMANCES_hashtag,MISCELLANEOUS_PERFORMANCES_rank_today,MISCELLANEOUS_PERFORMANCES_rank_prev_state,MISCELLANEOUS_PERFORMANCES_rank_delta,MOVIES_AND_TV_hashtag,MOVIES_AND_TV_rank_today,MOVIES_AND_TV_rank_prev_state,MOVIES_AND_TV_rank_delta,MUSIC_hashtag,MUSIC_rank_today,MUSIC_rank_prev_state,MUSIC_rank_delta,NEWS_AND_ENTERTAINMENT_hashtag,NEWS_AND_ENTERTAINMENT_rank_today,NEWS_AND_ENTERTAINMENT_rank_prev_state,NEWS_AND_ENTERTAINMENT_rank_delta,OTHER_BEAUTY_hashtag,OTHER_BEAUTY_rank_today,OTHER_BEAUTY_rank_prev_state,OTHER_BEAUTY_rank_delta,OTHER_FASHION_hashtag,OTHER_FASHION_rank_today,OTHER_FASHION_rank_prev_state,OTHER_FASHION_rank_delta,OTHER_TRANSPORTATION_hashtag,OTHER_TRANSPORTATION_rank_today,OTHER_TRANSPORTATION_rank_prev_state,OTHER_TRANSPORTATION_rank_delta,OUTDOOR_RECREATION_hashtag,OUTDOOR_RECREATION_rank_today,OUTDOOR_RECREATION_rank_prev_state,OUTDOOR_RECREATION_rank_delta,OUTFITS_hashtag,OUTFITS_rank_today,OUTFITS_rank_prev_state,OUTFITS_rank_delta,PERFORMING_ARTS_hashtag,PERFORMING_ARTS_rank_today,PERFORMING_ARTS_rank_prev_state,PERFORMING_ARTS_rank_delta,PERSONAL_PHOTOGRAPHY_hashtag,PERSONAL_PHOTOGRAPHY_rank_today,PERSONAL_PHOTOGRAPHY_rank_prev_state,PERSONAL_PHOTOGRAPHY_rank_delta,PETS_hashtag,PETS_rank_today,PETS_rank_prev_state,PETS_rank_delta,PET_CARE_AND_ACCESSORIES_hashtag,PET_CARE_AND_ACCESSORIES_rank_today,PET_CARE_AND_ACCESSORIES_rank_prev_state,PET_CARE_AND_ACCESSORIES_rank_delta,PHOTOGRAPHY_hashtag,PHOTOGRAPHY_rank_today,PHOTOGRAPHY_rank_prev_state,PHOTOGRAPHY_rank_delta,PRODUCTIVITY_AND_EFFICIENCY_hashtag,PRODUCTIVITY_AND_EFFICIENCY_rank_today,PRODUCTIVITY_AND_EFFICIENCY_rank_prev_state,PRODUCTIVITY_AND_EFFICIENCY_rank_delta,ROMANCE_hashtag,ROMANCE_rank_today,ROMANCE_rank_prev_state,ROMANCE_rank_delta,SCIENCE_hashtag,SCIENCE_rank_today,SCIENCE_rank_prev_state,SCIENCE_rank_delta,SENSORY_EXPERIENCES_hashtag,SENSORY_EXPERIENCES_rank_today,SENSORY_EXPERIENCES_rank_prev_state,SENSORY_EXPERIENCES_rank_delta,SHOWS_FESTIVALS_AND_EXHIBITIONS_hashtag,SHOWS_FESTIVALS_AND_EXHIBITIONS_rank_today,SHOWS_FESTIVALS_AND_EXHIBITIONS_rank_prev_state,SHOWS_FESTIVALS_AND_EXHIBITIONS_rank_delta,SOFTWARE_AND_APPS_hashtag,SOFTWARE_AND_APPS_rank_today,SOFTWARE_AND_APPS_rank_prev_state,SOFTWARE_AND_APPS_rank_delta,SPECIAL_EFFECTS_hashtag,SPECIAL_EFFECTS_rank_today,SPECIAL_EFFECTS_rank_prev_state,SPECIAL_EFFECTS_rank_delta,SPORTS_hashtag,SPORTS_rank_today,SPORTS_rank_prev_state,SPORTS_rank_delta,SPORTS_AND_OUTDOOR_hashtag,SPORTS_AND_OUTDOOR_rank_today,SPORTS_AND_OUTDOOR_rank_prev_state,SPORTS_AND_OUTDOOR_rank_delta,SUPERNATURAL_AND_HORROR_hashtag,SUPERNATURAL_AND_HORROR_rank_today,SUPERNATURAL_AND_HORROR_rank_prev_state,SUPERNATURAL_AND_HORROR_rank_delta,TECHNOLOGY_hashtag,TECHNOLOGY_rank_today,TECHNOLOGY_rank_prev_state,TECHNOLOGY_rank_delta,TOYS_COLLECTIBLES_AND_MEMORABILIA_hashtag,TOYS_COLLECTIBLES_AND_MEMORABILIA_rank_today,TOYS_COLLECTIBLES_AND_MEMORABILIA_rank_prev_state,TOYS_COLLECTIBLES_AND_MEMORABILIA_rank_delta,TRAVEL_hashtag,TRAVEL_rank_today,TRAVEL_rank_prev_state,TRAVEL_rank_delta,VEHICLE_AND_TRANSPORTATION_hashtag,VEHICLE_AND_TRANSPORTATION_rank_today,VEHICLE_AND_TRANSPORTATION_rank_prev_state,VEHICLE_AND_TRANSPORTATION_rank_delta,VIDEO_GAMES_hashtag,VIDEO_GAMES_rank_today,VIDEO_GAMES_rank_prev_state,VIDEO_GAMES_rank_delta,WILDLIFE_AND_EXOTIC_PETS_hashtag,WILDLIFE_AND_EXOTIC_PETS_rank_today,WILDLIFE_AND_EXOTIC_PETS_rank_prev_state,WILDLIFE_AND_EXOTIC_PETS_rank_delta
newarrivals,91,125,34,mathmadeeasy,120,178,58,pinkpanther,148,198,50,diypainting,126,163,37,bikeweek,76,142,66,mamanetbébé,134,191,57,mamanetbébé,134,191,57,paintedbyesther,36,94,58,patrickta,91,161,70,pedicuresalon,151,194,43,liquidations,141,172,31,factorywork,123,184,61,matchinggame,145,184,39,factorywork,123,184,61,прощайшкола,123,185,62,tonyhinchcliffe,142,175,33,socialcommentary,136,197,61,rolandgarros,95,143,48,joshandmomma,127,191,64,kidcraft,97,193,96,台灣府城隍廟,115,173,58,smashtalentkidsafrica,117,155,38,catchup,133,182,49,mycoffee,72,112,40,critic,147,200,53,graduationceremony,125,192,67,danomall,64,153,89,godsnature,3,5,2,shape,83,173,90,matchroomboxing,110,171,61,parentingjourney,138,196,58,liquidations,141,172,31,snackhacks,114,182,68,blackstone,133,172,39,latinfood,152,197,45,oldnokia,112,159,47,banner,91,151,60,scenicview,133,171,38,fluffyhair,142,185,43,typeonediabetes,73,117,44,typeonediabetes,73,117,44,legalupdate,61,110,49,homebuyer,135,158,23,homebuyer,135,158,23,stresstoy,149,185,36,danpena,137,200,63,universalhollywood,152,197,45,cancerjourney,87,132,45,cuteducks,95,181,86,sanmiguelarcangel,161,194,33,mckennagrace,134,171,37,twentyonepilots,95,155,60,evelynortiz,89,150,61,shavinghack,123,164,41,eidhenna,73,113,40,hauloverbeach,117,191,74,fishingknot,127,190,63,newarrivals,87,122,35,broadwaytok,98,185,87,lifeoffave1,140,184,44,qurbani,141,183,42,kat,134,190,56,hobbyphotography,125,179,54,tipscleaning,62,88,26,vows,95,191,96,cienciafácil,136,168,32,rinse,88,124,36,mcmlondon,64,156,92,musicapp,49,113,64,vfx_sathish,9,10,1,floridagators,62,157,95,nbafinals,70,146,76,kejadiananeh,83,183,100,oldnokia,129,172,43,stresstoy,149,185,36,scenicview,133,171,38,bikeweek,87,158,71,banner,90,145,55,racoonsoftiktok,109,175,66
bikinis,161,194,33,егэпоматематике,161,198,37,toystory5,112,137,25,meeden,136,159,23,bandasytrocas,78,119,41,pneumonia,146,177,31,pneumonia,146,177,31,antiagingtips,151,197,46,drsquatch,173,199,26,cuticleoil,76,116,40,businessmindset,81,110,29,amazondriver,74,125,51,настольнаяигра,138,176,38,amazondriver,74,125,51,покашкола,129,168,39,tiakemp,155,179,24,leftisttiktok,150,185,35,frenchopen,143,189,46,pandulce,138,185,47,knittingmachine,137,170,33,瑞穗池玄會,112,159,47,lusa🇺🇸,160,190,30,hodgkinslymphoma,55,95,40,jackdaniels,130,162,32,biggroove,150,188,38,historybuff,72,120,48,wendyortizlive,134,187,53,huelladecarbono,16,18,2,fisiculturismo,107,177,70,headmovement,132,185,53,agegapsiblings,126,160,34,businessmindset,81,110,29,bjswholesaleclub,76,134,58,coffeeorder,152,188,36,esquites,96,131,35,walkietalkie,144,187,43,helloneighbor,103,138,35,cozumel,114,151,37,cabelo,159,196,37,melatonin,160,184,24,melatonin,160,184,24,ancientsecrets,89,124,35,kitchenorganization,69,87,18,kitchenorganization,69,87,18,timetome,155,173,18,denzalwashington,109,140,31,hagridsmotorbikeadventure,155,196,41,familymemories,88,131,43,qurban,115,188,73,spiritualmessage,160,179,19,cassie,111,146,35,chuzz,87,136,49,maddyperez,118,160,42,houstonesthetician,157,195,38,mehandidesign,120,147,27,hauloverinlet,77,128,51,fishingtricks,144,197,53,bikinis,156,190,34,jeanpilobo,160,187,27,目界隈,142,186,44,farrier,84,120,36,petgrooming,106,136,30,summerphotos,122,165,43,householdgadgets,115,135,20,cuddling,100,150,50,semenanalysis,24,51,27,asmrsharpordull,106,125,19,mcmcomiccon,53,98,45,duckduckgo,118,170,52,howtowithceomasterpiece,1,1,0,knickstape,81,165,84,nyknicks,133,187,54,penampakanpocong,81,170,89,glocalme,73,100,27,timetome,155,173,18,cozumel,114,151,37,bandasytrocas,89,132,43,helloneighbor,102,133,31,possumsoftiktok,123,180,57
sheintrends,155,185,30,trig,79,109,30,qifrey,163,180,17,natureart,105,126,21,drivingtips,151,181,30,babytravel,117,145,28,babytravel,117,145,28,cerave,142,179,37,freckles,179,194,15,верхниеформы,153,176,23,financialdiscipline,158,184,26,healthcarecareers,154,199,45,emojiquiz,123,160,37,healthcarecareers,154,199,45,25май,152,188,36,shelbanddyl,164,184,20,legaltips,158,193,35,nbafinals,46,91,45,blackstone,66,94,28,knittersgonnaknit,129,157,28,0531,69,111,42,michaeljacksondance,79,108,29,plog,149,188,39,caprisun,155,185,30,mcdonaldsfries,144,177,33,allenhighschool,121,169,48,jayshaun,131,177,46,litterpicking,5,6,1,abexercises,132,175,43,tankdavis,128,169,41,postpartumessentials,121,152,31,financialdiscipline,158,184,26,varietypack,124,158,34,cupcake,165,190,25,lobsterroll,146,163,17,powersaver,145,183,38,thebackrooms,134,163,29,seoultravel,136,157,21,haskell,51,82,31,snoring,108,129,21,snoring,108,129,21,ancientworld,149,177,28,homemaintenance,144,161,17,homemaintenance,144,161,17,minifood,180,196,16,motivarte,139,170,31,thesmiler,149,180,31,granddaughter,145,179,34,pigeonlovers,152,197,45,contactjuggling,107,123,16,maddyperezedit,112,145,33,kaliuchis,126,175,49,knicks,25,60,35,crackedheels,130,166,36,tatouage,172,196,24,tiller,110,153,43,offshorefishing,75,126,51,sheintrends,150,181,31,smashtalentkidsafrica,76,100,24,milaside2🎧,130,164,34,eagle,104,137,33,dalmatian,133,161,28,sesionesdefotos,135,178,43,cleaningtipsandtricks,17,33,16,youngcouple,93,129,36,prinzip,155,182,27,kitchenrestock,164,179,15,kataracosplay,148,190,42,aivideoediting,151,194,43,vfx_mantu_barman,2,2,0,refs,106,183,77,canadiangp,114,151,37,creepyhistory,146,175,29,huawei,110,132,22,minifood,180,196,16,seoultravel,136,157,21,drivingtips,168,199,31,clipfarm,168,199,31,oceanmystery,143,194,51
moodyaesthetic,158,184,26,mcattips,118,146,28,brucewayne,164,175,11,flowerpainting,134,155,21,monaco,170,199,29,доченька,150,175,25,доченька,150,175,25,guccibeauty,96,126,30,dillonlatham,117,129,12,altnails,154,177,23,flock,88,108,20,sealcoating,56,93,37,ktjandty,49,82,33,sealcoating,56,93,37,graduationceremony,66,93,27,batek_official,166,185,19,gabbypetito,99,130,31,wcws,124,166,42,beans,110,133,23,graduationleis,47,74,27,台南岳巡會,137,174,37,2020dance,118,146,28,missouritok,132,164,32,beerlife,116,141,25,wockshopz,159,187,28,nickvujicic,163,197,34,wendy,45,81,36,environmentalawareness,6,7,1,gabrielganley,60,98,38,adrianbroner,68,108,40,parentalité,123,153,30,flock,88,108,20,lunchables,89,118,29,aldi,98,122,24,koreancorndog,137,150,13,glocalme,64,87,23,nemesis,90,118,28,crabisland,89,107,18,hairspray,153,183,30,panicattack,144,162,18,panicattack,144,162,18,learnvietnamese,170,198,28,abovegroundpool,77,93,16,abovegroundpool,77,93,16,babythree,109,124,15,audiosmotivadores,53,78,25,disneywithtoddlers,127,153,26,prisonstories,92,125,33,milkcow,89,129,40,lecturasdetarot,175,189,14,ginnyandgeorgia,130,153,23,grupofirme,92,135,43,spoiler,104,139,35,shavingessentials,105,138,33,tattoomachine,119,141,22,jetskilife,129,158,29,deepseafishing,58,100,42,moodyaesthetic,153,180,27,heelsclass,45,65,20,미니미,146,179,33,labsoftiktok,137,170,33,bassethound,114,141,27,polaroidcamera,74,109,35,foamingdraincleaner,88,101,13,relationshipdynamics,149,183,34,michiokaku,65,90,25,glasscutting,96,110,14,fanime,58,93,35,instagramsuspended,128,168,40,oyounis25,3,3,0,karlanthonytowns,74,148,74,newyorkknicks,65,91,26,datospertubadores,174,199,25,nokia,150,171,21,babythree,109,124,15,crabisland,89,107,18,rzr,146,172,26,thebackrooms,129,157,28,chipmunk,121,167,46
henna,118,141,23,equação,129,157,28,spoiler,14,23,9,paintingideas,153,172,19,rzr,130,155,25,babyhack,171,196,25,babyhack,171,196,25,browshaping,168,196,28,blush,42,46,4,nailgrowth,107,128,21,marketingtips,58,77,19,hardscaping,150,186,36,quizchallege,88,116,28,hardscaping,150,186,36,11а,119,146,27,rifecomedyclub,93,111,18,chemicalspill,112,142,30,cavaliers,106,147,41,easybaking,167,189,22,craftidea,157,184,27,屏東廣信會,139,175,36,heelsclass,69,96,27,americaninengland,146,178,32,espressomachine,121,143,22,cookiesandmilk,127,153,26,worldfacts,167,195,28,mckennagrace,104,136,32,teamnaturesavers,8,9,1,cardiodance,147,183,36,paragliding,76,116,40,pregnancysymptom,137,161,24,marketingtips,58,77,19,peelablegummy,71,99,28,smores,176,200,24,outbacksteakhouse,142,155,13,nokia,131,151,20,nikki,49,76,27,botanicalgarden,147,163,16,hairrollers,178,193,15,mouthtape,89,105,16,mouthtape,89,105,16,хочуфакты,142,168,26,customhome,125,140,15,customhome,125,140,15,brooklynguy,32,45,13,thewizardlizmindset,131,154,23,savisworkshop,125,145,20,32weekspregnant,143,172,29,vidarural,158,196,38,mediumtok,176,188,12,mayraalejandra,103,123,20,shabang,99,139,40,yurnboi,116,151,35,fragance,75,103,28,facetat,147,167,20,farmmachinery,156,184,28,lures,72,95,23,bridal,137,158,21,michaeljacksondance,52,71,19,notyourreemar,111,142,31,baldeagle,143,174,31,labsoftiktok,94,116,22,fotografiaprofesional,167,196,29,drbeckmann,122,134,12,proposalstory,161,195,34,medicalmicrobiology,122,145,23,rainsounds,108,121,13,webshooters,79,112,33,adobestock,81,114,33,ngoczyci,8,8,0,matchroomboxing,95,167,72,catfish,125,149,24,pocong,123,140,17,ipadcase,123,143,20,brooklynguy,32,45,13,botanicalgarden,147,163,16,automobile,158,184,26,nikki,49,75,26,pacmanfrog,120,163,43
bridal,142,162,20,mathtips,34,61,27,witchhatatelier,64,70,6,chuky,121,139,18,automobile,142,167,25,infantcare,69,92,23,infantcare,69,92,23,easymakeup,164,187,23,blackgirlmakeup,163,167,4,pedicureathome,145,166,21,performancemarketing,169,188,19,industrialequipment,96,130,34,dontlookatmyreposts,168,196,28,industrialequipment,96,130,34,allenhighschool,64,87,23,comedyroast,73,89,16,legalbattle,123,152,29,worldseries,103,139,36,driscolls,108,128,20,diyfacil,169,194,25,數字自媒體,40,75,35,bboy,60,84,24,ervisit,95,125,30,communitygoods,47,67,20,peelablegummy,107,130,23,юрист,147,173,26,wendolynortiz,132,163,31,beatplasticpollution,12,13,1,murph,48,79,31,charlottemotorspeedway,152,191,39,adultchildren,82,105,23,performancemarketing,169,188,19,foodnews,58,85,27,brisket,116,138,22,houstonfood,39,49,10,huawei,96,114,18,dbdclips,94,120,26,laketahoecalifornia,168,184,16,femalebarber,171,180,9,bochornos,130,146,16,bochornos,130,146,16,demographics,98,123,25,sofacover,184,199,15,sofacover,184,199,15,marblerun,112,125,13,javipromotion,52,74,22,smiler,168,188,20,breastfeedingtips,108,136,28,cowcare,126,158,32,universemessage,82,93,11,thetestaments,105,120,15,babychiefdoit,98,133,35,wendyortiz,31,63,32,mensdeodorant,96,124,28,diypiercing,179,198,19,fleetweek,171,199,28,camplife,109,132,23,giftfordad,134,154,20,bboy,38,56,18,naysyii,95,125,30,fosterkittens,107,126,19,ilytommy,142,164,22,sonycameras,111,134,23,usefulfinds,44,54,10,thisinitial,122,155,33,h2o2,97,119,22,waxsquishies,117,129,12,urarakacosplay,143,176,33,trucodegoogle,100,127,27,duniarobot,11,11,0,vegasgoldenknights,103,173,70,jamesharden,126,145,19,fantasmasreales,158,171,13,exploregalaxy,176,194,18,marblerun,112,125,13,laketahoecalifornia,168,184,16,cartips,163,188,25,backroom,174,200,26,ostrich,55,80,25
giftfordad,139,158,19,placevalue,112,135,23,thefreakcircus,109,115,6,botanicalart,145,160,15,rideout,164,188,24,1month,116,139,23,1month,116,139,23,patrickta,32,54,22,makeuptransformation,71,74,3,utahnailtech,72,91,19,carbuyingadvice,181,200,19,amazondelivery,129,161,32,jenga,76,102,26,amazondelivery,129,161,32,summerclasses,121,142,21,funnyquotes,92,107,15,evacuate,110,138,28,nyknicks,82,114,32,cupcake,86,104,18,paperairplane,114,137,23,0530,52,86,34,clubdance,147,171,24,gallbladderproblems,129,159,30,cheerstohealth,101,121,20,musiclollipop,153,174,21,выпускники,74,99,25,timotheechalamet,37,62,25,onedayonetrashbag,13,14,1,90daychallenge,151,181,30,alexalbon,147,183,36,sanfilipposyndrome,119,142,23,carbuyingadvice,181,200,19,layschips,49,75,26,familydinner,112,132,20,lasvegasfood,76,85,9,exploregalaxy,162,180,18,destiny,131,152,21,cathedral,123,136,13,headbandwig,165,173,8,periodcramps,143,159,16,periodcramps,143,159,16,laborlaw,116,139,23,cabinlife,162,173,11,cabinlife,162,173,11,childrentoys,142,155,13,nocomplaintshere,112,134,22,sirenscurse,153,166,13,floaterfriend,136,163,27,sapi,93,119,26,cardoftheday,142,152,10,хоумлендер,164,179,15,dano,17,51,34,loveisland,90,119,29,dryfeet,135,157,22,geometric,108,122,14,seahunt,121,146,25,surfcasting,143,165,22,bikiniseason,176,191,15,folkdancer,111,127,16,美容师,120,149,29,shelterdog,109,128,19,petco,177,197,20,lumix,97,119,22,washingmachinecleaner,18,27,9,couplestrend,146,179,33,physicsshorts,116,138,22,squishyfun,181,192,11,kangelcosplay,104,133,29,marketingtools,166,193,27,tanveervfx,12,12,0,enhancedgames,58,120,62,camp,136,155,19,crimenreal,88,99,11,beatssolo4,157,170,13,childrentoys,142,155,13,cathedral,123,136,13,carslover,159,183,24,nemesis,89,114,25,sigeonpex,64,89,25
bikiniseason,181,195,14,mathsquiz,124,144,20,bllk,185,191,6,textureart,180,194,14,carslover,143,166,23,highchair,149,170,21,highchair,149,170,21,makeupforbeginners,171,193,22,garnierpartner,125,128,3,atlnailtech,96,114,18,sidegig,63,74,11,undergroundmining,166,197,31,15wordsorless,113,135,22,undergroundmining,166,197,31,leavers,130,148,18,parentinghumor,53,67,14,llaw,152,179,27,campeon,147,179,32,bananapudding,120,138,18,carfreshie,93,114,21,回鑾繞境,153,180,27,waterdance,176,199,23,portacath,83,106,23,summerdrinkideas,140,160,20,audiolollipop,154,175,21,legaltips,93,117,24,kekepalmer,88,107,19,agentesdoverificado,14,15,1,bailoterapia,143,170,27,gervontadavis,67,97,30,strollerreview,174,197,23,sidegig,63,74,11,healthygroceries,132,157,25,grillingseason,156,175,19,houstonrestaurants,89,97,8,ipadcase,106,123,17,gta5rp,155,176,21,turksandcaicos,39,51,12,cleanlook,89,96,7,gallbladdersurgery,184,199,15,gallbladdersurgery,184,199,15,egyptology,85,107,22,furnitureflip,189,200,11,furnitureflip,189,200,11,miniverse,64,76,12,shiftyourmindset,103,123,20,passholder,114,125,11,grossesse,94,120,26,showmanship,127,150,23,divination,69,77,8,stephenkalyn,167,182,15,saxophones,168,196,28,thecure,160,187,27,gucciguilty,56,75,19,hennainspo,87,99,12,bikerepair,127,151,24,fishingtackle,104,125,21,weddingguest,174,187,13,вальсвыпускников,130,146,16,phamkieutrang,132,161,29,happydog,152,171,19,happydog,100,117,17,autofacetrackingtripod,144,166,22,hacksandtricks,66,75,9,hypergamy,51,77,26,científicos,79,100,21,asmrcleaningvideo,162,170,8,comicpalooza,59,84,25,textingsecrets,57,81,24,rklaxmi,5,4,-1,wanderfranco,125,184,59,nascartiktok,149,168,19,demonios,89,100,11,samsungs26ultra,187,200,13,miniverse,64,76,12,turksandcaicos,39,51,12,ferrari,37,60,23,dbdclips,93,116,23,sandiegozoo,98,123,25
weddingguest,179,191,12,longvideosontiktok,128,148,20,miraculous,43,48,5,mixedmediaart,108,119,11,cartips,147,170,23,babysafety,59,78,19,babysafety,59,78,19,hudabeauty,121,142,21,nyxcosmetics,172,175,3,topcoat,178,192,14,mentalidadmillonaria,126,137,11,reparación,146,176,30,hiddencash,181,200,19,reparación,146,176,30,сельские,156,174,18,батя,111,125,14,publicfreakout,148,172,24,johnnymanziel,126,157,31,tiramisu,101,118,17,waxseal,141,159,18,苑裡包公壇,98,124,26,escapade2001,96,116,20,guidedjournal,137,160,23,coffeetrailer,88,106,18,hadzabe,160,181,21,medievalhistory,165,188,23,santea,11,28,17,plasticbank,21,22,1,fitnessessentials,162,189,27,ricoverhoeven,65,94,29,familymemories,41,62,21,mentalidadmillonaria,126,137,11,lowcaloriesweets,102,126,24,keto,140,157,17,auntieannes,177,184,7,thinkpad,170,184,14,berryavenue,158,179,21,eversonlagoonflorida,53,65,12,asmrbarber,126,133,7,metabolichealth,90,103,13,metabolichealth,90,103,13,forbiddenhistory,115,137,22,homemusthaves,149,159,10,homemusthaves,149,159,10,summertoys,101,113,12,tombilyeu,122,141,19,volcanobay,37,47,10,pennyitems,50,74,24,козел,130,152,22,limpiezaenergetica,135,143,8,zoey101,146,160,14,floymenor,154,177,23,zavala,71,96,25,jeremyfragrance,111,129,18,bellyring,74,85,11,boatfails,59,81,22,bankfishing,174,191,17,summerfinds,130,142,12,musicality,71,85,14,massageinsingapore,149,178,29,birder,168,184,16,fosterkittens,70,86,16,jesusprints1,65,86,21,유용한팁,85,93,8,mixedcouple,97,120,23,redhotballexperiment,137,158,21,beginnerasmr,86,93,7,linkcosplay,166,191,25,gammaapp,140,164,24,magictrik,7,6,-1,carterbryant,41,92,51,indy500,89,107,18,жуткиеистории,107,118,11,iphone14,169,181,12,summertoys,101,113,12,eversonlagoonflorida,53,65,12,tires,147,170,23,gta5rp,149,170,21,birdsofprey,88,112,24
summerfinds,135,146,11,missdawsonscience,170,190,20,angrybirds,121,126,5,coloringcommunity,69,78,9,tires,131,153,22,bayilucu,152,171,19,bayilucu,152,171,19,gothmakeup,129,150,21,mikaylanogueira,58,60,2,nailtiktok,54,67,13,wholesalerealestate,171,182,11,metalworking,120,149,29,youthgroupgames,154,169,15,metalworking,120,149,29,последнийденьвшколе,164,182,18,батёк,151,165,14,abortionrights,172,196,24,soccerpredictions,109,137,28,blackstonegriddle,103,120,17,crochetgift,166,183,17,包府千歲,116,141,25,iam_kswag1,100,119,19,dynamicdisability,115,136,21,mocha,170,188,18,jjajangmyeon,169,189,20,earthscience,127,147,20,danthy,180,195,15,energiasustentavel,22,23,1,yogasculpt,66,90,24,rockclimbing,107,133,26,fallensoldier,100,120,20,wholesalerealestate,171,182,11,beachsnacks,176,196,20,caffeine,111,127,16,allyoucaneat,37,43,6,samsungpartner,127,139,12,familygames,157,177,20,zionnationalpark,87,99,12,dillonlatham,42,48,6,womenhealth,98,109,11,womenhealth,98,109,11,nacionalidad,141,163,22,laundryhack,70,78,8,laundryhack,70,78,8,electricwatergun,130,140,10,iveseensomethings,141,160,19,onride,185,195,10,quadruplets,122,141,19,pferd,151,171,20,mediumsoftiktok,150,158,8,thechi,166,180,14,sleeptoken,160,182,22,nbabasketball,55,76,21,drsquatchpartner,79,96,17,wormholetattoo,181,191,10,blueangles,136,156,20,bigcatch,111,127,16,pandora,147,159,12,iam_kswag1,66,79,13,タイムトラベラー,118,146,28,perrostiktokers,170,185,15,shelterdog,72,88,16,eventphotography,120,140,20,practicallifehacks,117,125,8,datingtipsformen,126,149,23,cuantica,73,93,20,abscess,60,66,6,junkoenoshimacosplay,119,143,24,borrarhistorial,74,96,22,vfxpakistan,4,,,joshhart,44,93,49,kyrieirving,132,150,18,sighting,127,138,11,newfeature,109,120,11,electricwatergun,130,140,10,zionnationalpark,87,99,12,parking,123,144,21,berryavenue,151,172,21,armadillo,160,183,23
pandora,152,163,11,newmath,173,193,20,subarunatsuki,161,166,5,artcompetition,182,190,8,ferrari,33,54,21,newbornsoftiktok,48,66,18,newbornsoftiktok,48,66,18,altmakeup,94,113,19,summermakeup,146,148,2,nailappointment,114,126,12,itin,79,89,10,cement,122,151,29,antoniodez,120,134,14,cement,122,151,29,dormessentials,52,68,16,анекдот,173,186,13,asheville,116,139,23,brazil🇧🇷,99,124,25,elote,140,157,17,kidscraft,49,65,16,台中忠福堂豐原金虎爺分會,158,183,25,bailoterapia,89,107,18,hsstrong,92,110,18,bebidas,105,122,17,beautifuldesserts,139,157,18,dormessentials,98,116,18,theresnoee,140,154,14,plasticpollution,1,1,0,orangetheory,103,127,24,oscarpiastri,112,136,24,parenttips,151,171,20,itin,79,89,10,fruitlover,135,154,19,froyo,142,158,16,antojitosmexicanos,181,187,6,iphone14,150,162,12,dahood,180,197,17,texastravel,75,86,11,hairfail,74,80,6,healthylife,121,132,11,healthylife,121,132,11,herculaneum,157,178,21,cleaningtok,113,121,8,cleaningtok,113,121,8,papersquishy,71,78,7,shaolintempleeurope,114,132,18,aquatica,89,98,9,diysquishy,93,111,18,appaloosa,70,89,19,magiablanca,178,186,8,henrydanger,109,122,13,skymiller,161,183,22,amandasolis,95,115,20,razorblades,92,109,17,mehndidesign,32,40,8,onthewater,153,173,20,poolpond,139,154,15,quince,82,93,11,танцыспб,170,183,13,👄justyś👄,124,151,27,chocolatelab,110,122,12,perrostiktokers,109,125,16,kfconcept,131,149,18,usefulproducts,6,13,7,engagementparty,135,157,22,astro_alexandra,83,103,20,asmrusa,55,60,5,overwatchcosplay,133,157,24,foodscanner,52,73,21,свэгин,6,,,heisman,105,151,46,jaredmccain,98,115,17,bigfootisreal,124,134,10,телефон,85,95,10,papersquishy,71,78,7,texastravel,75,86,11,e85,154,175,21,destiny,126,146,20,hummingbirds,126,148,22
quince,86,96,10,mathteachers,122,141,19,danganronpa,57,61,4,surrealism,47,54,7,newdriver,177,198,21,newborntips,47,64,17,newborntips,47,64,17,makeupessentials,126,139,13,nailcare,149,151,2,cuticleprep,130,141,11,brandstrategy,90,100,10,minisplit,161,190,29,holidaygames,128,141,13,minisplit,161,190,29,teknik,171,187,16,ржака,79,90,11,project2025,89,110,21,tfc,127,148,21,grillingseason,80,96,16,creativediy,101,117,16,高雄齊軒會,164,188,24,musicality,110,126,16,orphanediron,100,116,16,cancooler,128,145,17,poppincrunch,173,191,18,wisewords,158,176,18,jeve,105,118,13,stoplittering,2,2,0,disicpline,111,135,24,daznboxing,127,150,23,granddaughter,67,86,19,brandstrategy,90,100,10,dessertboard,156,173,17,bentobox,144,160,16,sexyfish,119,123,4,beatssolo4,139,150,11,destiny2,80,96,16,yosemitenationalpark,44,54,10,hairstyling,152,157,5,gut,142,153,11,gut,142,153,11,warfacts,71,91,20,lawnrenovation,146,154,8,lawnrenovation,146,154,8,etb,106,112,6,motivationallife,162,180,18,uoap,175,184,9,parto,140,158,18,shetlandpony,116,135,19,conjure,153,160,7,cassiehoward,41,53,12,exbsf,105,126,21,shaigilgeousalexander,52,69,17,yara,42,58,16,tattooviral,146,154,8,buses,56,75,19,fishinghacks,137,151,14,packwithme,120,131,11,bailoterapia,59,70,11,trendmatmoc,93,119,26,reptile,99,110,11,tuxedocat,124,140,16,filmphotos,71,88,17,householdhacks,10,17,7,foreverandalways,131,152,21,kleinbottle,70,89,19,tinglyasmr,89,94,5,izukumidoriyacosplay,176,194,18,phonelayout,115,135,20,chilled_re_generic_v2,10,,,greenbaypackers,112,158,46,waterpark,112,129,17,darkmystery,171,181,10,mechanicalkeyboard,97,107,10,etb,106,112,6,yosemitenationalpark,44,54,10,hondaaccord,162,181,19,majestic,175,195,20,stingrays,135,157,22
altfashion,165,175,10,tangent,145,164,19,pixar,81,85,4,artblock,64,71,7,e85,138,158,20,playpen,141,158,17,playpen,141,158,17,fullcoverage,144,157,13,hair,1,1,0,nailcaretips,176,184,8,makemoney,43,52,9,teachermusthaves,160,187,27,couplescardgame,99,111,12,teachermusthaves,160,187,27,выпускники,43,58,15,itsjustajoke,112,123,11,copcam,51,71,20,donovanmitchell,149,167,18,smores,93,108,15,modpodge,145,160,15,布旗禮生,117,139,22,ballo,150,166,16,payingitfoward,143,158,15,ciroc,161,178,17,bloveslife,177,195,18,ajustedeestatus,105,122,17,bendadonnn,55,67,12,ecopeneira,10,10,0,naturalbodybuilder,75,94,19,freefall,82,104,22,oversupply,145,164,19,makemoney,43,52,9,dessertcups,133,149,16,oreo,158,174,16,acaibowls,63,66,3,carvacuum,155,164,9,boardgames,123,139,16,destinflorida,67,77,10,headband,101,105,4,3dmedicalanimation,164,175,11,3dmedicalanimation,164,175,11,abogadostiktok,78,92,14,kitchenremodel,167,175,8,kitchenremodel,167,175,8,paninistickers,111,117,6,modernwisdom,94,111,17,breakdancer,104,111,7,friendshipbreakup,43,60,17,foals,149,167,18,wage,167,174,7,squidgame,113,125,12,musicamexicana,137,157,20,n3on,54,70,16,personalhygiene,153,169,16,bodypiercer,169,177,8,gliding,53,71,18,snakehead,153,167,14,wholesale,124,135,11,싸이커스,181,192,11,アンドロイドカメラ,104,129,25,mainecoon,82,92,10,dogtoys,167,183,16,studioshoot,119,136,17,faucetextender,14,21,7,microcheating,115,133,18,cometa,22,40,18,soapy,192,197,5,pennandteller,114,129,15,socialmediahack,125,144,19,washim_shahh,13,,,brunson,100,141,41,cheerleader,178,193,15,entities,191,200,9,instagramtips,121,131,10,paninistickers,111,117,6,destinflorida,67,77,10,insta360,61,79,18,dahood,173,190,17,animalestiktok,140,161,21
packwithme,125,134,9,обществознаниеогэ,154,173,19,katsukibakugou,141,145,4,coloringinspiration,166,173,7,ваз,175,194,19,beachbaby,101,116,15,beachbaby,101,116,15,koreanbeauty,187,200,13,beauty,2,2,0,opi,78,85,7,truefriendship,122,131,9,womeninconstruction,113,138,25,cardgamesoftiktok,131,143,12,womeninconstruction,113,138,25,graduada,106,121,15,скетч,84,94,10,immigrationattorney,147,167,20,bluejays,177,194,17,ribs,96,111,15,eternalbouquet,80,94,14,0818,48,69,21,prodancer,148,163,15,lextalktoomuch,139,153,14,coffeecups,132,147,15,crumblcookie,74,91,17,acceleratednursing,141,158,17,coryxkenshin,121,130,9,saveourseas,11,11,0,mobilitytraining,87,106,19,formulaone,95,117,22,nonverbalautism,176,195,19,truefriendship,122,131,9,weeklymenu,126,141,15,gardengrove,36,51,15,coffeeshop,6,8,2,samsungs26ultra,168,177,9,buster,149,165,16,europetravel,106,116,10,katytx,154,158,4,medical3danimation,189,200,11,medical3danimation,189,200,11,weremember,82,96,14,bathroomupgrade,172,180,8,bathroomupgrade,172,180,8,littletikes,168,174,6,lifelessonsmotivation,118,135,17,trampolines,179,186,7,craftideas,78,95,17,bakra,77,93,16,obsessionisreal,99,105,6,themandalorianandgrogu,70,81,11,oldies,146,166,20,cavs,129,142,13,epilator,159,175,16,septumring,59,66,7,jetskivideos,164,182,18,fishin,51,63,12,pursetok,126,137,11,folkdance,78,88,10,astravxrnurburgring,105,130,25,bear,39,45,6,dogharness,179,195,16,sonyrx100vii,134,151,17,sinkstrainer,38,45,7,weddingspeech,102,119,17,physicsfun,26,44,18,asmrbarber,28,32,4,renfair,75,87,12,какнабратьпросмотры,126,145,19,,,,,terencecrawford,158,199,41,jalenbrunson,68,79,11,nightmarefuel,40,47,7,carvacuum,174,184,10,littletikes,168,174,6,europetravel,106,116,10,cargadgets,129,147,18,buster,143,159,16,deertiktok,145,166,21
wholesale,129,138,9,gcsephysics,138,156,18,rezero,36,39,3,fountainpens,109,115,6,insta360,54,72,18,babyvideo,109,123,14,babyvideo,109,123,14,lipplumper,87,99,12,hairtok,3,3,0,handmadenails,94,101,7,genzfinance,151,160,9,powerwashing,66,90,24,vemarama,140,152,12,powerwashing,66,90,24,lastyearofschool,140,155,15,rickyandtheboss,188,197,9,ultimominuto,157,176,19,jamesharden,76,92,16,brisket,56,70,14,tapestrycrochet,134,148,14,上古天宮ancientheavenlypalace,127,148,21,makemegoviralll,68,82,14,soulsister,153,167,14,slushymaker,159,174,15,eatwithus,133,150,17,tartaria,139,154,15,gameshow,149,156,7,stopplasticpollution,19,19,0,row,99,118,19,rhearipleywwe,173,193,20,iloveyoudad,180,199,19,genzfinance,151,160,9,warheads,153,168,15,sauce,174,189,15,froyo,15,17,2,mechanicalkeyboard,85,93,8,dbdtiktok,74,88,14,bluewater,143,153,10,hairtransplant,162,166,4,insulinresistance,116,126,10,insulinresistance,116,126,10,viralhistory,100,114,14,organizationhacks,111,118,7,organizationhacks,111,118,7,rebornbaby,72,77,5,jackma,142,159,17,riseoftheresistance,130,136,6,cyclebreaker,172,188,16,fatehjangibull,109,125,16,metaphysical,140,144,4,a24,94,105,11,beatbox,174,194,20,stevenuniverse,164,177,13,eosbodylotion,178,193,15,conchpiercing,118,125,7,catamaran,178,196,18,bluefish,124,136,12,altfashion,160,171,11,regangerena,146,156,10,သီတာမင်းသမီးလေးကို🙃🥰,128,153,25,dogcommunity,115,121,6,fatcat,139,151,12,posetips,160,177,17,생활팁,99,106,7,forevermine,164,181,17,sciencevideo,74,92,18,asmrtok,93,97,4,coaplay,138,150,12,fotor,182,199,17,,,,,chrispaul,156,195,39,knicks,11,20,9,missing411,137,144,7,celular,96,105,9,rebornbaby,72,77,5,bluewater,143,153,10,hondacivic,130,148,18,destiny2,79,94,15,snappingturtle,157,176,19
pursetok,131,140,9,galsa,168,186,18,marinkitagawa,196,199,3,arthacks,191,197,6,hondaaccord,146,164,18,lastbaby,121,135,14,lastbaby,121,135,14,manchasenlapiel,131,143,12,nails,4,4,0,privatenailtech,116,122,6,sidegigs,52,60,8,firewood,136,160,24,shutthebox,103,114,11,firewood,136,160,24,byehighschool,122,136,14,servertiktok,83,91,8,socialjustice,170,189,19,newyorkknicks,43,58,15,oreo,81,95,14,beadedkeychains,162,174,12,臺北鈊泰美禮生,133,154,21,thelitfamily,138,151,13,chicagovlog,156,170,14,portableblender,113,127,14,peelerz,97,113,16,montclairstateuniversity,160,175,15,celebrityreactions,106,112,6,mudançaclimática,20,20,0,muscleup,124,141,17,cocacola600,63,82,19,sanfilippo,131,149,18,sidegigs,52,60,8,сладость,101,115,14,bbqtiktok,167,181,14,omakase,44,46,2,celular,86,94,8,granny,109,123,14,europeansummer,48,56,8,garnierpartner,46,49,3,hiv,139,149,10,hiv,139,149,10,tiktoklawyer,51,64,13,jardin,126,133,7,jardin,126,133,7,legocollector,79,84,5,stayup,10,26,16,aquaticaorlando,171,177,6,pumpwithme,32,46,14,canadiangeese,133,149,16,lovereading,18,21,3,themandalorian,66,76,10,choir,131,150,19,bluelock,128,140,12,perfumeaddict,185,200,15,tattooartistnearme,151,158,7,boatramp,26,43,17,fishinggirl,161,173,12,waterproof,90,99,9,dancesync,159,169,10,최애알파벳,167,192,25,gatitos,133,139,6,chocolatelab,73,83,10,creativeportraits,147,163,16,dogiadungtienich,100,107,7,provider,128,144,16,faktaastronomi,138,156,18,bottleonstair,155,157,2,magictutorial,136,146,10,wondershare,181,197,16,,,,,daznboxing,111,149,38,nbabasketball,20,29,9,ovni,38,43,5,galaxys26ultra,106,115,9,legocollector,79,84,5,europeansummer,48,56,8,canam,78,95,17,dbdtiktok,73,87,14,barnowl,99,117,18
waterproof,94,102,8,mathmagic,26,43,17,mylittlepony,18,20,2,mathart,160,165,5,parking,111,128,17,bassinet,122,136,14,bassinet,122,136,14,liptint,110,120,10,hairstyle,5,5,0,neutralnails,159,165,6,realfriendship,101,109,8,paintsprayer,147,169,22,triviatime,106,117,11,paintsprayer,147,169,22,graduation2024,104,117,13,medicalhumor,110,118,8,inmigrantesenusa,180,199,19,kyrieirving,79,94,15,cinnamonrolls,128,142,14,pipecleanercrafts,168,180,12,桃園龍德宮四媽祖南巡遶境,146,167,21,jigglejiggle,144,157,13,artofnoticing,155,168,13,jugos,175,189,14,songbyrdasmr,84,99,15,геометрия,171,186,15,johnny,107,113,6,mülltrennungwirkt,24,24,0,allday,139,155,16,mercedesf1,80,98,18,grievingmother,160,178,18,realfriendship,101,109,8,crispycones,180,194,14,hiddengem,107,120,13,musttry,62,64,2,galaxys26ultra,94,102,8,гача,171,185,14,luxuryhotel,56,64,8,summerhairstyles,104,107,3,acidreflux,158,168,10,acidreflux,158,168,10,humanhistory,103,116,13,modernhome,143,150,7,modernhome,143,150,7,lpstiktok,94,99,5,shaolinonline,115,131,16,lunapark,91,96,5,grievingmom,71,85,14,kuh,103,117,14,horoscopos♌️♑️♈️♍️♉️☯️🕉♎️♓️♊️♏️☦️,86,89,3,scarymovie,81,91,10,carinleon,155,174,19,loml,176,188,12,manspot,163,177,14,mehandiart,164,171,7,boatrampfails,86,103,17,walleyefishing,188,200,12,bathingsuit,91,100,9,babywarriors,167,177,10,ผู้สาวโคราช💗,168,193,25,pettok,139,145,6,petparent,148,158,10,nikoncoolpix,95,110,15,limpiezabaño,151,158,7,singleness,140,154,14,neuroanatomy,69,86,17,syaasmr,157,159,2,mcmcomicconlondon,67,76,9,aiworkflow,22,37,15,,,,,newyorkliberty,152,190,38,adrienbroner,48,57,9,eerie,41,46,5,samsungpartner,143,152,9,lpstiktok,94,99,5,luxuryhotel,56,64,8,digrig,140,157,17,гача,164,178,14,skunk,81,98,17
bathingsuit,95,103,8,junesat,106,123,17,bluelock,22,24,2,escultura,169,174,5,digrig,124,141,17,playmat,123,137,14,playmat,123,137,14,realbeauty,125,135,10,curlyhair,6,6,0,nailreveal,70,75,5,capitalone,117,125,8,stucco,169,191,22,indoorgames,170,181,11,stucco,169,191,22,mrcitronsgumwrapperwall,113,125,12,shxtsngigs,156,164,8,stayinformed,86,104,18,savannahbananas,107,122,15,desserttok,134,148,14,dollartreecrafts,73,84,11,關善壇龍獅學院,47,66,19,folkdance,122,134,12,paralyzedstomach,121,133,12,coldbrew,110,123,13,chickensandwhich,91,106,15,oldphotos,114,128,14,undercoverboss,113,119,6,çevremizitemiztutalım,25,25,0,воркаут,135,150,15,iceskatingtiktok,142,160,18,breastfeedingtips,50,67,17,capitalone,117,125,8,aldishopping,57,69,12,recipeideas,141,154,13,hiddengem,11,12,1,vacmop,183,191,8,console,186,198,12,amalficoast,80,88,8,barbero,150,153,3,healthtip,66,75,9,healthtip,66,75,9,koreanwar,119,132,13,poolcleaning,55,61,6,poolcleaning,55,61,6,legotok,62,65,3,shaolinteachings,120,136,16,schlitterbahn,163,168,5,chemotherapy,99,112,13,percheron,176,190,14,psychics,94,97,3,maddyperez,26,35,9,folk,162,181,19,natejacobs,75,85,10,waxersoftiktok,137,149,12,chipotlebag,128,134,6,fourwheelers,89,106,17,freshwaterfishing,73,84,11,tiktokshopsummerturnup,31,39,8,치어리더,180,189,9,dominicanita🇩🇴🇩🇴😘,172,197,25,dogtoy,128,133,5,cattreats,129,138,9,идеидляфото,62,76,14,dampduster,84,90,6,attachmentstyles,88,100,12,corioliseffect,80,97,17,clayasmr,171,172,1,aobaseragaki,171,180,9,ipadplanner,139,154,15,,,,,wrigleyfield,126,163,37,cycling,148,157,9,horrortiktok,21,25,4,jblspeaker,165,173,8,legotok,62,65,3,amalficoast,80,88,8,jetski,42,58,16,granny,107,119,12,underwaterworld,107,124,17
tiktokshopsummerturnup,35,42,7,satmathprep,137,154,17,stevenuniverse,27,29,2,easydrawing,53,57,4,tahoe,167,183,16,babybottle,114,126,12,babybottle,114,126,12,hydrogelmask,146,156,10,nailinspo,7,7,0,summernailinspo,32,36,4,ingresosextra,168,176,8,roughneck,170,192,22,adivinalarespuesta,188,199,11,roughneck,170,192,22,lastbell,155,167,12,farting,96,103,7,atención,71,88,17,footballskills,161,176,15,empanadas,147,161,14,seashellphonecase,120,131,11,传承民俗文化,90,109,19,iraniasiciliano,137,149,12,mssperfectt,136,148,12,homebarista,148,161,13,gourmetcookies,156,171,15,collegebound,101,114,13,wendyortiz,3,8,5,konggreengreen,28,28,0,sciencebasedtraining,141,156,15,nascarcupseries,101,118,17,vbac,152,169,17,ingresosextra,168,176,8,nothungry,158,170,12,grilling,100,112,12,foodcritic,20,21,1,телефон,77,84,7,vanillamace,97,108,11,travelhack,34,41,7,freeform,167,170,3,perimenopausia,91,100,9,perimenopausia,91,100,9,confederacy,130,143,13,airbnbhost,81,86,5,airbnbhost,81,86,5,albummundial,141,144,3,pmjbeonit,140,155,15,disneydeals,86,90,4,induction,164,177,13,showpigs,34,46,12,energias,128,131,3,mandalorian,64,73,9,musiclover,166,184,18,thecrash,17,25,8,showeressentials,184,196,12,tattootrend,142,148,6,boattour,140,155,15,nokill,105,116,11,vacationoutfits,88,96,8,mjthemusical,182,191,9,queenkayleigh,126,150,24,animalfacts,92,96,4,cutekitten,157,165,8,awkwardphotoshoot,93,107,14,حيلة,146,152,6,kindleunlimitedromancebooks,112,123,11,physicexperiment,93,110,17,lofiasmr,7,7,0,videogamecosplay,60,67,7,iostips,152,167,15,,,,,packers,52,88,36,cruzazul,56,64,8,backroomsentities,56,60,4,buildinpublic,69,76,7,albummundial,141,144,3,travelhack,34,41,7,boating,60,76,16,gamingtiktok,154,166,12,wildlifestory,138,155,17
vacationoutfits,92,99,7,gcses2026,126,142,16,yona,45,47,2,sandpainting,63,67,4,cargadgets,116,131,15,briella,131,143,12,briella,131,143,12,burtsbees,165,175,10,beautytok,16,16,0,nailbeginner,100,104,4,iul,161,168,7,concreteart,126,147,21,chessbrah,127,137,10,concreteart,126,147,21,collegebound,54,65,11,funnyaf,102,109,7,usimmigration,132,149,17,highschoolfootball,128,142,14,macncheese,166,180,14,craftnight,56,64,8,屏東九如東寧清水祖師宮普渡三公,86,104,18,dancebrazil🇧🇷,166,177,11,youtubevlog,164,176,12,sevenbrew,104,116,12,bluetakis,165,180,15,умскул,90,102,12,zavala,10,15,5,communitycleanup,4,3,-1,ganley,26,40,14,indycar,43,59,16,duedate,114,130,16,iul,161,168,7,compra,52,63,11,grill,88,99,11,halal,21,22,1,smarttv,153,160,7,gamingtiktok,161,172,11,glamping,45,52,7,hairregrowth,168,171,3,dolordecuello,114,123,9,dolordecuello,114,123,9,peticionesfamiliares,131,144,13,homerepair,123,128,5,homerepair,123,128,5,paniniamerica,113,115,2,famousquotes,154,169,15,greatamerica,110,114,4,pennyshopping,163,175,12,horseshoe,42,54,12,brujeriatech,190,193,3,sportsnews,90,99,9,yungbludarmy,143,160,17,myheroacademia,120,128,8,odoreliminator,109,120,11,dmvtattooartist,116,121,5,юрент,157,171,14,topwaterfishing,117,128,11,glamgirl,95,103,8,heelsdance,24,32,8,老け顔チャレンジ,131,155,24,petcare,95,99,4,aquascape,183,191,8,strangerphotoshoot,108,122,14,100均パトロール,153,159,6,secondchanceromance,80,90,10,microscopia,129,146,17,waxcracking,11,11,0,cosplayconvention,84,91,7,webdeveloper,106,120,14,,,,,easternconferencefinals,114,146,32,umpire,146,154,8,extraterrestrial,31,34,3,smarttv,173,180,7,paniniamerica,113,115,2,glamping,45,52,7,paidpartnerships,74,90,16,console,179,191,12,whalewatching,168,185,17
glamgirl,99,106,7,mentalmath,19,34,15,tungtungsahur,145,147,2,illustrationartist,181,185,4,hondacivic,117,132,15,babyphoto,157,169,12,babyphoto,157,169,12,smoothskin,86,95,9,lipstain,101,101,0,summernailsinspo,121,125,4,couponcommunity,45,51,6,jardineros,168,189,21,mrgreedy,132,142,10,jardineros,168,189,21,engineeringprojects,153,164,11,funnyasf,146,153,7,uvaldestrong,178,195,17,clevelandcavaliers,110,123,13,keto,70,83,13,diykeychain,98,105,7,左營心轎班情,125,143,18,laciebie,167,178,11,morningwalk,62,73,11,drinkideas,123,135,12,asmrcrunch,179,194,15,valedictorianspeech,131,143,12,loveislandusa,29,34,5,pandawara,9,8,-1,gymistherapy,187,199,12,формула1,104,120,16,13weekspregnant,182,198,16,couponcommunity,45,51,6,peelerz,68,79,11,eatingasmr,180,191,11,bananapudding,33,34,1,jblspeaker,146,152,6,sims,176,187,11,grouptrip,112,119,7,browardhairstylist,179,182,3,femininecare,118,127,9,femininecare,118,127,9,egyptiangods,158,171,13,homehack,158,162,4,homehack,158,162,4,smlfunnymoments,118,120,2,briantracyespañol,169,184,15,spacemountain,128,131,3,ilovemydad,96,107,11,ayam,101,111,10,zodiacfacts,96,98,2,gregheffley,154,163,9,hardstyle,183,200,17,mylittlepony,122,130,8,drsquatch,26,35,9,trampstamp,40,44,4,locomotive,78,91,13,extremefishing,171,180,9,tryonhaul,96,104,8,tapdance,51,58,7,puransunar,166,190,24,kittens,57,60,3,bichon,192,200,8,pgytech,145,159,14,100均購入品,152,157,5,billybishopairport,89,99,10,microscopicworld,68,84,16,relaxingvideos,12,12,0,souleatercosplay,47,52,5,herramientasdigitales,164,178,14,,,,,carolinahurricanes,97,128,31,amusementpark,158,166,8,demonic,55,58,3,adobepartner,51,57,6,smlfunnymoments,118,120,2,grouptrip,112,119,7,johndeere,79,94,15,wutheringwaves,158,169,11,sharkattack,105,121,16
tryonhaul,100,107,7,mammas,72,87,15,mha,5,6,1,colorbynumber,78,81,3,squattedtrucks,132,147,15,quadruplets,54,65,11,quadruplets,54,65,11,freckles,62,70,8,toes,109,109,0,ojodegato,169,173,4,tjrtrades,72,78,6,manufacturing,65,85,20,grabgame,143,153,10,manufacturing,65,85,20,ultimodiadeclases,187,198,11,funnyreels,41,47,6,immigrationlaw,94,109,15,intermiami,156,169,13,реддитистории,158,171,13,cutecrafts,78,83,5,宏茂桥美食,132,150,18,heelsdance,41,50,9,healthupdate,76,87,11,coldpressedjuice,160,171,11,едаялюблютебя,184,199,15,historicalphotos,153,165,12,90dayfiance,77,82,5,petplastic,17,16,-1,gymtherapy,120,131,11,merabdvalishvili,135,151,16,grossesse,46,60,14,tjrtrades,72,78,6,mesadepostres,79,90,11,buzzball,76,86,10,frozenyogurt,43,44,1,rechargeable,159,165,6,royalehigh,55,65,10,hotelstay,139,146,7,antidandruff,191,194,3,herbal,133,142,9,herbal,133,142,9,historymysteries,173,186,13,rentalhome,161,165,4,rentalhome,161,165,4,albumdelmundial,136,138,2,thewizardlizedit,77,91,14,peppapigthemepark,134,137,3,militaryfamily,116,127,11,farriersontiktok,136,146,10,nortecarolina🇲🇽🇺🇲,136,138,2,пацаны,53,61,8,늙음필터,128,144,16,mackenzieshirilla,29,35,6,fragrancelover,156,165,9,hennadesign,44,48,4,sailboat,102,115,13,щука,187,196,9,vintagefashion,101,109,8,dança,53,60,7,pietrofranco🇮🇹,65,88,23,labradorretriever,102,105,3,labradorretriever,68,74,6,fotostudio,77,90,13,tienichcuocsong,127,131,4,weddingentrance,127,137,10,physicist,71,87,16,waxcrackingasmr,75,75,0,scareactors,89,94,5,musthaveapps,176,190,14,,,,,mlbedit,75,105,30,deenthegreat,45,52,7,ufosightings,95,98,3,outdoorlights,119,125,6,albumdelmundial,136,138,2,hotelstay,139,146,7,burnout,81,96,15,sims,169,180,11,eel,156,172,16
vintagefashion,105,112,7,baccalauréat,174,189,15,animefyp,8,9,1,grabie,81,84,3,paidpartnerships,67,81,14,babyfunny,75,86,11,babyfunny,75,86,11,collagenmask,77,85,8,perfume,9,8,-1,nailhealth,79,82,3,creditcardtips,143,149,6,logcabin,71,91,20,categories,157,167,10,logcabin,71,91,20,valedictorianspeech,70,80,10,couplehumor,63,69,6,i220a,142,157,15,lamine,157,170,13,familydinner,54,66,12,croche,91,96,5,東石林家玄天上帝,85,102,17,girlsdance,109,118,9,bookevent,80,90,10,frozendrinks,144,154,10,fruitrollup,130,144,14,brainfacts,177,189,12,loveisland,16,20,4,basuracero,18,17,-1,losingweight,70,80,10,climbingtiktok,137,153,16,australiamomi,101,115,14,creditcardtips,143,149,6,snacklover,140,151,11,seafoodboil,34,43,9,halalfood,46,47,1,dreame,126,131,5,gachaclub,156,166,10,familyvacation,21,27,6,bodywave,163,165,2,ortodoncia,180,189,9,ortodoncia,180,189,9,medicalhistory,113,125,12,peonies,163,167,4,peonies,163,167,4,mewtwo,150,152,2,denzelwashingtonmotivation,134,148,14,lazyriver,80,82,2,humaninterest,158,169,11,familymilkcow,91,100,9,witchesoftiktok,8,9,1,actors,100,108,8,harmony,138,154,16,alabamabarker,97,103,6,summerscent,161,170,9,hennatiktok,57,60,3,euc,118,131,13,wildcamping,162,170,8,iweargarage,136,144,8,solodance,49,55,6,reemarcutie,112,135,23,animalworld,153,156,3,dogtoy,86,92,6,trashthedress,101,114,13,生活妙招,166,170,4,divorcetok,39,48,9,ruangangkasa,135,151,16,satisfactory,143,143,0,honkaistarrailcosplay,110,115,5,whatsappspy,102,115,13,,,,,coloradoavalanche,113,143,30,rosiegraham,102,109,7,creepyfacts,26,28,2,dreame,144,150,6,mewtwo,150,152,2,familyvacation,21,27,6,ebikes,114,129,15,royalehigh,55,65,10,tiktokanimals,96,111,15
iweargarage,141,148,7,математикаогэ,42,56,14,manga,10,11,1,artrestoration,130,133,3,canam,70,84,14,boynames,91,101,10,boynames,91,101,10,contactlenses,116,123,7,barber,10,9,-1,nailtechtiktok,140,143,3,homebuyer,31,36,5,womenintrades,102,122,20,piedrapapelotijera,69,77,8,womenintrades,102,122,20,выпуск2025,88,98,10,farts,77,83,6,tulsigabbard,167,182,15,jaredmccain,60,72,12,bentobox,73,85,12,craftideas,20,24,4,聖蓮宮二軍,172,189,17,tapdance,78,86,8,howtowakeupearly,89,99,10,hugospritz,182,192,10,foodeating,145,159,14,legaladvice,75,86,11,evelynortiz,18,22,4,gestionderesiduos,27,26,-1,corechallenge,67,76,9,canadagp,154,170,16,raisingmen,112,126,14,homebuyer,31,36,5,candygrapes,54,64,10,cookingtiktok,85,94,9,durhamnc,93,94,1,redmi,151,156,5,wutheringwaves,165,175,10,airbnbfinds,49,55,6,midtaper,172,174,2,healtheducation,72,80,8,healtheducation,72,80,8,tutankamon,63,73,10,luxuryhomes,51,54,3,luxuryhomes,51,54,3,customdoll,182,184,2,diasmalos,147,161,14,softplay,176,178,2,payitforward,104,113,9,ฟาร์มหมู,191,200,9,destin,13,14,1,antonystarr,124,132,8,norteñas,152,168,16,paranormal,105,111,6,signaturescent,164,172,8,atlantatattooartist,98,101,3,cyclinggear,172,185,13,campingseason,166,174,8,giftsforhim,54,61,7,prodancer,97,103,6,xenonpresett,147,170,23,ducksoftiktok,154,157,3,beagle,144,150,6,jcpenneyportraits,105,118,13,thepinkstuff,11,14,3,justmarried,62,71,9,sterne,147,163,16,watersounds,174,174,0,madokacosplay,177,182,5,qwen,185,198,13,,,,,lfc,123,153,30,espn,128,135,7,ghosthunting,30,32,2,redmi,170,176,6,customdoll,182,184,2,airbnbfinds,49,55,6,starkvarg,134,149,15,gachaclub,150,160,10,huron,101,116,15
giftsforhim,58,64,6,matematics,69,83,14,spongebobsquarepants,55,56,1,gothicart,184,187,3,burnout,71,85,14,rsv,139,149,10,rsv,139,149,10,skinbarrier,84,90,6,nailart,11,10,-1,cutenails,46,48,2,girlyfinds,108,113,5,poolservice,106,126,20,funquiz,97,105,8,poolservice,106,126,20,cornelluniversity,110,120,10,girlhefunny1x,150,156,6,justicesystem,176,191,15,cheerleader,105,117,12,sauce,91,103,12,diybabyshower,65,69,4,林水樹董事長,128,144,16,solodance,76,83,7,aestheticvlog,99,107,8,strawberrymatcha,65,74,9,bettergoods,183,197,14,nclexprep,99,110,11,brandrisk,42,46,4,plastikmüll,31,30,-1,bodyrecomp,78,84,6,kimiantonelli,35,50,15,32weekspregnant,69,82,13,girlyfinds,108,113,5,wholefoodsdiet,91,101,10,cookout,122,131,9,thingstodoinvegas,97,98,1,outdoorlights,103,107,4,игры,107,116,9,beachtrip,90,96,6,dryshampoo,107,108,1,fatigue,100,108,8,fatigue,100,108,8,northsentinelisland,124,134,10,closetorganization,80,83,3,closetorganization,80,83,3,legobatman,5,6,1,lladosuniversity,96,109,13,lafair,160,161,1,grieftok,40,48,8,cowlover,83,91,8,geminiseason,15,16,1,grogu,45,52,7,undergroundrap,109,124,15,legobatman,121,127,6,3dwhitestrips,182,189,7,piercingstudio,68,70,2,havasu,35,47,12,jeremywade,34,41,7,travelessentials,74,81,7,flydance,147,153,6,javzzzs,98,120,22,adoption,88,90,2,dogcare,146,152,6,estudiofotografico,182,195,13,fruitflies,12,15,3,aircanadalanding,83,92,9,thinghiemkhoahoc,162,178,16,squishy,2,1,-1,himikotoga,32,36,4,hypicforu,21,33,12,,,,,runningback,136,166,30,liverpool,140,147,7,paranormalactivity,35,37,2,rechargeable,180,186,6,legobatman,5,6,1,beachtrip,90,96,6,squattedtrucks,148,163,15,vanillamace,96,105,9,birdbath,114,129,15
travelessentials,78,84,6,alevelbiology,108,122,14,mydressupdarling,142,143,1,drawingprocess,43,45,2,usedcars,129,143,14,sleeptraining,41,49,8,sleeptraining,41,49,8,cleanbeauty,91,97,6,fragrance,12,11,-1,insponails,63,65,2,bancos,114,119,5,trashcancleaning,142,162,20,fingerdown,117,125,8,trashcancleaning,142,162,20,colleges,131,141,10,retaillife,157,163,6,bodycamfootage,45,58,13,basketballedits,138,150,12,bakerylife,135,147,12,polymerclaytutorial,154,158,4,0526,24,39,15,brazildance,42,48,6,livingaloneinmy20s,124,132,8,newportri,166,175,9,letseattogether,152,165,13,rarephotos,123,134,11,hudamustafa,62,66,4,plastiksiztemmuz,35,34,-1,fitnessgear,116,122,6,boxinghighlights,164,178,14,strollerwagon,150,163,13,bancos,114,119,5,greatvalue,127,137,10,peppers,131,140,9,foodie,1,1,0,gamingheadset,121,125,4,mine,122,130,8,royalcarribean,20,25,5,rawhair,187,188,1,periodtips,145,152,7,periodtips,145,152,7,abusonarcisista,143,153,10,apartmenthunting,97,100,3,apartmenthunting,97,100,3,panini,10,11,1,gogginsmotivation,136,149,13,coasters,69,69,0,bigfamily,47,55,8,horsepeople,146,154,8,medium,23,24,1,netflixdocumentary,85,92,7,secertaccount,130,145,15,cinema,147,153,6,armpit,180,186,6,faketattoo,91,93,2,boatinglifestyle,80,92,12,campingwithkids,80,87,7,tiktokshopdealsforyou,99,106,7,donttellnobody,79,84,5,fypbugisbulukumba,169,191,22,frenchiesoftiktok,112,114,2,bostonterrier,168,174,6,sonycybershot,56,68,12,householdtips,16,19,3,harbourfronttoront,84,93,9,medicaltsudent,81,96,15,asmrsounds,3,2,-1,csmcosplay,116,120,4,aiforbeginners,72,84,12,,,,,westernconferencefinals,90,119,29,homegym,189,196,7,abandonedhospital,110,112,2,phones,88,93,5,panini,10,11,1,royalcarribean,20,25,5,bikergirl,49,63,14,игры,105,113,8,seaworldsandiego,118,133,15
tiktokshopdealsforyou,103,109,6,alevelchemistry,66,79,13,maomao,176,177,1,customart,104,106,2,bikergirl,44,57,13,ребенок,94,102,8,ребенок,94,102,8,contour,161,167,6,blonde,13,12,-1,наращиваниеногтей,88,90,2,valoan,129,134,5,soldadura,180,200,20,diygames,174,182,8,soldadura,180,200,20,sma,146,156,10,managersbelike,163,169,6,evacuation,75,87,12,lamineyamal💎,123,134,11,frenchfries,174,186,12,knitting,7,10,3,屏東鄭家中壇元帥,180,195,15,asisebailaenelrancho😍🌵,93,99,6,realronsina,34,41,7,ninjapartner,167,176,9,amossweets,135,147,12,herencia,140,151,11,dayshataylor,93,97,4,hanoixanh,23,21,-2,lafitness,94,99,5,georgerussell,45,58,13,childlossgrief,163,176,13,valoan,129,134,5,minidesserts,129,139,10,sprinkles,135,144,9,restaurant,2,2,0,securitycamera,14,17,3,gachaedit,151,159,8,eurosummer,26,31,5,hair,1,1,0,firstaid,147,154,7,firstaid,147,154,7,abogadakathia,47,56,9,comforterset,120,123,3,comforterset,120,123,3,blindbox,11,12,1,piensapositivo,138,151,13,indoorwaterpark,70,70,0,pregnancytest,76,84,8,kidsandhorses,166,174,8,magia,24,25,1,amyfarrahfowler,114,121,7,vonoff1700,150,165,15,hilarious,189,195,6,volumeloss,118,123,5,secondskin,93,95,2,railfanning,75,85,10,seamonster,102,109,7,menfashion,165,172,7,卡点舞,119,124,5,myngocbolero,122,143,21,seaworld,150,152,2,catfood,190,196,6,lightroomediting,72,84,12,limpiezadelhogar,23,26,3,softlove,166,175,9,insidebody,91,106,15,relaxing,4,3,-1,avatarthelastairbendercosplay,158,162,4,garageringtones,112,124,12,,,,,sportstrivia,168,197,29,shaigilgeousalexander,16,22,6,horrortok,3,4,1,carcharger,112,117,5,blindbox,11,12,1,eurosummer,26,31,5,wheelie,52,66,14,gachaedit,145,153,8,birdvideos,116,130,14
menfashion,170,176,6,ященко,46,58,12,anime,1,1,0,drawingpractice,189,191,2,wheelie,47,60,13,babybassinet,136,144,8,babybassinet,136,144,8,volumelashes,186,192,6,kbeauty,24,23,-1,manicura,92,94,2,saving,24,28,4,hvactips,163,182,19,laraafundaouboia,180,188,8,hvactips,163,182,19,highschoolgraduate,51,60,9,друн,37,42,5,prochoice,90,102,12,riding,162,173,11,grilling,47,58,11,diysquishy,24,27,3,0525,15,29,14,calistyle,95,101,6,75softchallenge,120,127,7,buzzballs,173,182,9,primebites,181,193,12,humananatomy,161,172,11,tokyotoni,178,182,4,reforestation,7,4,-3,diastasisrecti,112,116,4,downhill,116,129,13,amotherslove,136,148,12,saving,24,28,4,scooptok,152,162,10,chinesefood,63,71,8,mexicanfood,3,3,0,gadget,28,31,3,thesims4,184,192,8,waterfall,27,32,5,hairtok,2,2,0,magnesiumcomplex,88,94,6,magnesiumcomplex,88,94,6,usafacts,56,65,9,luxuryhome,174,177,3,luxuryhome,174,177,3,fidget,12,13,1,mentalit,158,171,13,waterparks,74,74,0,generationaltrauma,80,88,8,farriersoftiktok,15,22,7,taro,45,46,1,movierecommendation,87,93,6,hazmeviral,165,180,15,duttonranch,50,55,5,sfxmakeupartist,138,143,5,piercingaftercare,124,126,2,caddolake,108,118,10,sharkfishing,112,119,7,walmartfinds,27,33,6,dancefriends,133,138,5,hien🌸,133,154,21,животные,159,161,2,mainecoon,60,65,5,digicams,91,103,12,ropeknot,26,29,3,marriageproblems,76,84,8,anatomíahumana,92,107,15,satisfyingvideos,5,4,-1,animeconvention,14,17,3,tiktokbeginners,175,187,12,,,,,broncos,83,110,27,pumas,92,98,6,scarytiktoks,14,15,1,vibecoding,116,121,5,fidget,12,13,1,waterfall,27,32,5,clean🧼,116,130,14,thesims4,177,185,8,oceancreatures,184,197,13
tiktokshopdealsforyoudays,10,15,5,матикович,70,82,12,animation,2,2,0,handwritingasmr,35,36,1,supercar,65,78,13,montessoriathome,148,156,8,montessoriathome,148,156,8,typology,177,182,5,skintok,60,59,-1,ногтидизайн,152,154,2,paypalpartner,34,38,4,softwashing,84,102,18,eyetest,65,72,7,softwashing,84,102,18,transferstudent,102,111,9,relationshiphumor,50,55,5,jasminecrockett,149,161,12,oklahomacitythunder,174,185,11,bbqtiktok,88,99,11,craftygirl,53,56,3,北勢寮廣佛堂,173,187,14,randomdance,133,139,6,movingaway,69,75,6,coffeereview,89,97,8,songbyrd,70,81,11,graduationtrend,170,181,11,kyliejenner,26,29,3,hoiyeurac,32,29,-3,fitmoms,100,103,3,nascarracing,133,146,13,ilovemydad,43,53,10,paypalpartner,34,38,4,bizcochodominicano,179,189,10,easydinnerideas,86,93,7,tacos,4,4,0,nightlight,39,42,3,tf2,185,193,8,vacay,31,36,5,hairstyle,3,3,0,ergonomicpillow,93,99,6,ergonomicpillow,93,99,6,wwi,75,84,9,gardentok,18,20,2,gardentok,18,20,2,squishies,13,14,1,quotestoremember,165,178,13,dreamworld,83,83,0,stepdad,20,26,6,dairycows,69,76,7,tarot,1,1,0,blacknoir,89,95,6,arielcamacho,171,186,15,bts,22,26,4,jpgperfume,183,188,5,amorfati,138,140,2,loader,113,123,10,ryobi,150,157,7,shein,47,53,6,happydance,30,34,4,heartphotobootheasymc,138,159,21,doggrooming,65,66,1,gatitos,91,96,5,streetportrait,164,176,12,knottutorial,33,36,3,relationshipadviceforwomen,87,95,8,scienceexperimentsforkids,94,109,15,asmrtiktoks,6,5,-1,alastorcosplay,115,118,3,mobileediting,76,87,11,,,,,nygiants,104,130,26,thecrash,7,12,5,skinwalker,19,20,1,webdesign,162,167,5,squishies,13,14,1,vacay,31,36,5,usedcars,145,159,14,tf2,178,186,8,elk,84,96,12
walmartfinds,31,36,5,богданчагин,135,147,12,animeedit,3,3,0,cocowyo,50,51,1,clean🧼,104,117,13,newparents,31,38,7,newparents,31,38,7,blackgirlmakeup,54,58,4,nailtransition,105,104,-1,softgel,108,109,1,housingmarket,42,46,4,bricktok,93,111,18,moneygames,77,84,7,bricktok,93,111,18,graduationday🎓,161,170,9,sketchcomedy,51,56,5,hunterbiden,175,187,12,michaelbeasley,122,132,10,bakewithme,121,132,11,resinartist,58,61,3,南勢街西羅殿,63,76,13,eldivinocolombiano👠👠⭐️⭐️⭐️🇨🇴,181,187,6,deadmall,88,94,6,cookiebutter,69,76,7,everythingiate,116,127,11,weirdborders,189,200,11,cloverboys,56,59,3,ecovidrio,34,31,-3,fitnesscoach,102,105,3,paddleboarding,71,83,12,militaryfamily,51,61,10,housingmarket,42,46,4,stuffedcookies,77,86,9,foodcritic,170,177,7,gardengrove,5,5,0,smartwatch,40,43,3,dbd,30,37,7,travelusa,62,67,5,curlyhair,4,4,0,cracking,101,107,6,cracking,101,107,6,forgottenhistory,92,101,9,diyprojects,33,35,2,diyprojects,33,35,2,whatnot,14,15,1,jockowillink,81,93,12,bubbleplanet,122,122,0,breastmilk,51,57,6,minipigoftiktok,73,80,7,spirituality,2,2,0,themiddle,95,101,6,secretacc,80,94,14,btsarmy,84,88,4,menfragrances,192,197,5,hennaartist,54,55,1,60v,125,135,10,lurefishing,41,47,6,halara,49,55,6,danceperformance,32,36,4,白tチャレンジ,139,160,21,dogparents,126,127,1,животные,104,109,5,tiktokcamera,173,185,12,dodungnhabep,79,82,3,limerence,138,146,8,космоспросто,118,133,15,asmrforsleep,9,8,-1,myheroacademiacosplay,24,26,2,perplexity,77,88,11,,,,,isaiahhartenstein,151,177,26,back,121,126,5,creepytok,20,21,1,techdeal,192,197,5,whatnot,14,15,1,travelusa,62,67,5,nightdrive,164,178,14,dbd,30,37,7,قرود,91,103,12
shein,51,56,5,репетиторпофизике,172,184,12,tungtungtungsahur,4,4,0,canvasart,90,91,1,starkvarg,120,133,13,downsyndromeawareness,49,56,7,downsyndromeawareness,49,56,7,nyxcosmetics,58,62,4,бьюти,198,197,-1,nails,1,1,0,recession,59,63,4,firerescue,138,156,18,paninicards,87,94,7,firerescue,138,156,18,acceleratednursing,76,84,8,lospollostvmoments,65,70,5,lawenforcement,31,42,11,espn,78,87,9,chocolatecake,124,135,11,junkjournalsupplies,107,110,3,北勢寮保安宮,59,71,12,dancevideo,22,27,5,junkjournalsupplies,106,112,6,aguasfrescas,96,103,7,chilicheesedog,129,140,11,asilo,73,82,9,jaypark,186,189,3,picuptrash,38,35,-3,bikinibodybuilder,108,111,3,daleearnhardtjr,126,138,12,quadruplets,58,68,10,recession,59,63,4,blackcake,147,156,9,buldakramen,190,197,7,hiddengems,7,7,0,wifi,42,45,3,deadbydaylight,33,40,7,allinclusiveresort,68,73,5,bohobraids,27,27,0,smilemakeover,152,158,6,smilemakeover,152,158,6,derechopenal,153,162,9,gardeningtips,68,70,2,gardeningtips,68,70,2,tcg,15,16,1,fortalezamental,167,179,12,legolandcalifornia,165,165,0,familytok,85,91,6,horsecare,33,39,6,tarotreading,3,3,0,untoldstoriesoftheer,110,116,6,newsong,85,99,14,soldierboy,177,181,4,bodycareroutine,20,24,4,tattoohealing,61,62,1,lakeoftheozarks,24,33,9,whopperplopper,101,107,6,streetstyle,57,63,6,chambelanes,37,41,4,favzy24,150,171,21,catdad,131,132,1,goldensoftiktok,149,154,5,balletphotography,22,33,11,draincleaner,20,22,2,insecureattachment,150,158,8,distances,127,142,15,squishyhaul,10,9,-1,scareactor,26,28,2,emergentai,160,171,11,,,,,geauxtigers,165,191,26,motorsport,143,148,5,ufos,28,29,1,rgblights,193,198,5,tcg,15,16,1,allinclusiveresort,68,73,5,supercar,72,85,13,deadbydaylight,33,40,7,aves,108,120,12
halara,53,58,5,ответынаогэ,56,67,11,digitalart,7,7,0,artistsoftiktok,1,1,0,nightdrive,148,161,13,bébé,96,103,7,bébé,96,103,7,dryskin,78,82,4,hairtransformation,15,13,-2,nailinspo,2,2,0,sidehustles,15,18,3,dryerventcleaning,78,95,17,scratcher,93,100,7,dryerventcleaning,78,95,17,аттестат,91,99,8,drole,75,80,5,courtcase,65,76,11,nbahighlights,121,130,9,appetizer,151,162,11,ephemera,146,149,3,新居落成,61,73,12,dancetolearn,35,40,5,nursevlog,131,137,6,drinkaroundtheworld,112,119,7,koolaidpickles,132,143,11,wwii,89,98,9,lesserafim,36,38,2,gomihiroiotome,36,32,-4,rosiegraham,8,10,2,usyk,28,39,11,induction,75,85,10,sidehustles,15,18,3,мармелад,163,172,9,hotdog,90,96,6,nycfood,9,9,0,computer,45,48,3,gachatrend,121,128,7,cruisetips,69,74,5,pixiecut,29,29,0,obesity,179,185,6,obesity,179,185,6,factsoftheday,105,113,8,newbuild,82,84,2,newbuild,82,84,2,keychain,16,17,1,knowlagesharing,176,188,12,knottsberryfarm,21,20,-1,bebeencamino,98,104,6,showstock,56,62,6,witch,4,4,0,movieclips🎬,170,176,6,newartist,96,110,14,jacobelordi,179,183,4,bodyoil,23,27,4,angelfangs,104,105,1,seadoo,25,34,9,seafishing,182,188,6,whatnot,58,64,6,tiktokdancechallenge,48,52,4,asjonker,114,134,20,cat,1,1,0,коты,180,185,5,tampaphotographer,94,105,11,knottying,30,32,2,weddinganniversary,170,178,8,bosondehiggs,149,164,15,asmrmassage,21,20,-1,blackcosplayer,36,38,2,coupert,37,47,10,,,,,afl,153,178,25,pesca,172,177,5,spirits,32,33,1,gadget,31,35,4,keychain,16,17,1,cruisetips,69,74,5,cargirl,110,123,13,geek,148,155,7,owls,137,149,12
streetstyle,61,66,5,onthi,105,116,11,demonslayer,12,12,0,fineart,28,28,0,nissanrogue,150,163,13,newbornmusthaves,104,111,7,newbornmusthaves,104,111,7,skincarehacks,114,118,4,cologne,19,17,-2,nailart,3,3,0,entrepreneurmindset,44,47,3,heavyequipmentoperator,104,121,17,brincadeiras,161,168,7,heavyequipmentoperator,104,121,17,classof2029,29,36,7,хаха,194,199,5,patriarchy,82,93,11,deportes,145,154,9,tamales,156,167,11,dollartreediy,11,13,2,0921,65,77,12,twopersondance,61,66,5,beforework,171,177,6,coffe,64,70,6,freezedriedicecream,137,148,11,co2027,120,129,9,funnymike,43,45,2,romapulita,37,33,-4,workoutsforwomen,113,115,2,kickboxing,32,43,11,cyclebreaker,79,89,10,entrepreneurmindset,44,47,3,cateringservice,72,80,8,hotdogs,153,159,6,tiktokgo,10,10,0,xiaomi,53,56,3,geek,154,161,7,californiatravel,96,101,5,pixie,43,43,0,brainhealth,51,55,4,brainhealth,51,55,4,historybuff,11,18,7,showercurtain,90,92,2,showercurtain,90,92,2,squishytoy,20,21,1,becomeyourbestself,181,193,12,sixflagsmagicmountain,33,32,-1,inducelabor,165,171,6,animalhealth,120,126,6,witchtok,5,5,0,atrain,75,80,5,corridostumbados,113,127,14,euphoria,13,16,3,bodymist,30,34,4,fakepiercing,145,146,1,sandbar,52,60,8,pikefishing,192,198,6,chanel,71,77,6,asisebailaenelrancho😍🌵,64,68,4,等待有缘的你,143,163,20,dogsoftiktok,2,2,0,kittens,42,46,4,phoenixphotographer,106,117,11,economizando,102,104,2,fiance,14,21,7,天文科普,151,166,15,bouncingball,30,29,-1,chainsawmancosplay,46,48,2,aicontentcreation,50,60,10,,,,,southgate,162,187,25,pool,34,38,4,creepypastas,34,35,1,wifi,45,49,4,squishytoy,20,21,1,californiatravel,96,101,5,coyote,111,124,13,fh6,29,35,6,mating,152,164,12
whatnot,62,67,5,brevet,152,163,11,gojo,13,13,0,diamondartclub,56,56,0,oilchange,156,169,13,mamáprimeriza,105,112,7,mamáprimeriza,105,112,7,beautyroutine,97,100,3,lashclusters,23,21,-2,nailsalon,10,10,0,southwestairlines,54,57,3,repairtools,111,128,17,muzamil,163,170,7,repairtools,111,128,17,mcat,37,44,7,yunny,27,31,4,reduno,88,99,11,nbadraft,182,191,9,grill,41,51,10,rosaseternas,32,34,2,神威显赫,68,80,12,donttellnobody,120,125,5,blindgirl,150,155,5,coffeecart,80,86,6,freezedriedmarshmallows,157,168,11,mcat,61,69,8,rayj,68,70,2,proyectolibera,40,36,-4,fitnesslifestyle,115,117,2,rowdynation,141,152,11,gravidez,113,123,10,southwestairlines,54,57,3,animalbased,55,62,7,takis,69,74,5,happyhour,13,13,0,iphone17promaxcase,67,70,3,fh6,29,35,6,bucketlisttravel,98,103,5,deadhair,78,78,0,dolordeespalda,70,72,2,dolordeespalda,70,72,2,worldfacts,38,45,7,homesweethome,94,96,2,homesweethome,94,96,2,amigurumi,93,94,1,motivacionpersonalparacrecer,58,69,11,coaster,36,35,-1,firstborn,31,36,5,баран,186,192,6,witchcraft,6,6,0,ruebennett,86,90,4,rosiegraham,60,73,13,mha,62,65,3,scentoftheday,33,37,4,tattoo,1,1,0,solaris,111,119,8,catchandrelease,55,60,5,fashionnova,89,95,6,calistyle,65,69,4,5pasidebine💫🖤foryu❤,154,174,20,catsoftiktok,3,3,0,petcare,65,69,4,ideasdefotos,110,121,11,superglue,8,9,1,imissmygf,67,74,7,malaver,101,115,14,rugwash,147,146,-1,vocaloidcosplay,63,65,2,ipadnotes,88,98,10,,,,,oleksandrusyk,59,82,23,river,107,110,3,мистика,37,38,1,xiaomi,58,62,4,amigurumi,93,94,1,bucketlisttravel,98,103,5,nissanrogue,167,180,13,mine,119,125,6,myspiritanimal,159,171,12
chanel,75,80,5,revisiontok,157,168,11,myheroacademia,17,17,0,logodesign,60,60,0,mud,174,187,13,bathtimeroutine,155,162,7,bathtimeroutine,155,162,7,guasha,108,111,3,dollartreefinds,30,28,-2,nailkit,80,80,0,ripple,55,58,3,electricidad,101,116,15,whoismostlikely,190,197,7,electricidad,101,116,15,gradutation,68,75,7,nursehumor,36,40,4,nbcla,134,145,11,agtg,184,193,9,recipeideas,71,81,10,polymerclayartist,34,36,2,桃園太原堂,148,160,12,braziliandance,15,19,4,whatispend,179,184,5,koozie,114,120,6,hungryfam,171,182,11,matematica,83,91,8,n3on,8,9,1,videotop100,41,37,-4,fuerza,15,16,1,lewishamilton,52,62,10,specialneedsawareness,118,128,10,ripple,55,58,3,candies,98,105,7,eatwithrae,136,141,5,friedchicken,14,14,0,phones,79,82,3,rebirthisland,128,134,6,usatravel,99,104,5,messybun,85,85,0,anemia,99,101,2,anemia,99,101,2,facttok,46,53,7,houstonrealtor,147,149,2,houstonrealtor,147,149,2,kidstoy,102,103,1,realtionshipadvice,97,108,11,hersheypark,49,48,-1,knitting,36,41,5,poultryfarming,92,97,5,astrologytiktok,7,7,0,diaryofawimpykid,92,96,4,yungblud,90,103,13,dashcam,152,155,3,bodybutter,37,41,4,tattooartist,2,2,0,jcb,135,143,8,bluegill,56,61,5,handbag,118,124,6,jazzfunk,77,81,4,acillkeşfettt,161,181,20,animals,4,4,0,dogcommunity,78,82,4,portablecamera,127,138,11,toiletcleaning,9,10,1,weddinginspiration,75,82,7,хімія,102,116,14,squishyshop,152,151,-1,ibukimioda,71,73,2,buildwithai,93,103,10,,,,,nrl,160,182,22,футбол,120,123,3,historiasdeterror,39,40,1,canvahacks,120,124,4,kidstoy,102,103,1,usatravel,99,104,5,oilchange,173,186,13,rebirthisland,123,129,6,baldeagle,35,46,11
fashionnova,93,98,5,quadratic,160,171,11,narutoshippuden,30,30,0,colouring,68,68,0,lowrider,59,71,12,crawling,173,180,7,crawling,173,180,7,lashglue,127,130,3,nailtok,31,29,-2,fruitnails,137,137,0,income,73,76,3,firedepartment,58,72,14,yardgames,46,52,6,firedepartment,58,72,14,salutatorian,24,30,6,шутка,48,52,4,polymarket,139,150,11,swing,188,197,9,baklava,146,156,10,cricutprojects,45,47,2,角宿天后宮,167,179,12,duodance,18,22,4,cancerjourney,15,19,4,сок,35,40,5,whatiate,76,86,10,visau,152,160,8,mjinnocent,54,55,1,raee,15,,,gripstrength,38,39,1,oleksandrusyk,78,88,10,bigsisterlittlebrother,155,165,10,income,73,76,3,milka,157,164,7,steak,21,25,4,nycfoodie,26,26,0,carcharger,98,101,3,noise,140,146,6,allinclusive,29,33,4,scalphealth,109,109,0,psoriasis,132,134,2,psoriasis,132,134,2,inmigrandoconkathia,48,55,7,beachhouse,154,156,2,beachhouse,154,156,2,vintagetoys,133,134,1,nelsonmotivation,146,157,11,disneytravelagent,90,89,-1,morningmotivation,128,133,5,showgoats,47,51,4,estadosunidos🇱🇷,10,10,0,dramatiktok,96,100,4,undergroundartist,140,153,13,audit,161,164,3,soldejaniero,47,51,4,tattootok,6,6,0,a350,160,168,8,familycamping,115,120,5,garagepartner,135,141,6,ballo,102,106,4,wulangemoiy,176,196,20,cats,5,5,0,pettok,96,100,4,bostonphotographer,136,147,11,tipsdelimpieza,15,16,1,relationshiptruths,79,86,7,razzo,148,162,14,squishyasmr,8,6,-2,marinkitagawacosplay,77,79,2,ssme,97,107,10,,,,,saquonbarkley,170,192,22,santos,6,8,2,entity,48,49,1,gamingheadset,141,145,4,vintagetoys,133,134,1,allinclusive,29,33,4,boatlife,29,41,12,noise,134,140,6,bigcats,90,101,11
garagepartner,140,145,5,revisions,181,192,11,yaoi,32,32,0,artlover,80,80,0,cargirl,99,111,12,formulafeeding,180,187,7,formulafeeding,180,187,7,coloredcontacts,166,169,3,ceravepartner,38,36,-2,pressonnails,5,4,-1,memecoin,84,87,3,oilfieldlife,89,103,14,yosabo,53,59,6,oilfieldlife,89,103,14,co2027,65,71,6,shitposting,71,75,4,nayibbukele,145,156,11,nbabasketball,12,20,8,buldakramen,98,107,9,creativejournal,60,62,2,秀水玄帝會,174,186,12,copinesdancechallenge,27,31,4,فلوق,98,102,4,frappe,68,73,5,koreancorndog,82,92,10,worldwar2,159,167,8,martin,71,72,1,verifiedchampion,26,,,gymessentials,95,96,1,carlosprates,177,187,10,grievingmom,33,42,9,memecoin,84,87,3,amossweets,108,114,6,homemade,23,27,4,phillycheesesteak,27,27,0,vacuummop,130,133,3,unstableuniverse,144,150,6,viaje,30,34,4,haircuttransformation,117,117,0,insulin,167,169,2,insulin,167,169,2,worldwarii,114,121,7,bathroom,15,16,1,bathroom,15,16,1,figurecollection,134,135,1,mujeresdevalor,75,85,10,hhnorlando,109,108,-1,coparenting,19,23,4,hooftrimming,48,52,4,brujas,42,42,0,filmedit,193,197,4,aimusic,151,164,13,scary,26,28,2,bodyspray,49,53,4,septum,12,12,0,portmiami,181,189,8,fishingreel,133,138,5,tiktokshopdealsforyoudays,9,14,5,easydance,9,12,3,月1プリ,178,198,20,pet,6,6,0,straycat,110,114,4,pointandshoot,137,148,11,swifferhack,27,28,1,microwedding,106,113,7,sienceexperiment,176,190,14,асмр,15,13,-2,momocon,4,5,1,techtutorial,101,111,10,,,,,ejected,66,86,20,camping,41,43,2,glitchinthematrix,51,52,1,iphoneaccessories,156,160,4,figurecollection,134,135,1,viaje,30,34,4,lowrider,66,78,12,unstableuniverse,138,144,6,orcas,103,114,11
designer,36,40,4,aspiranteseleccionado,98,108,10,dccomics,33,33,0,colortokcommunity,83,83,0,coyote,100,112,12,newmomtips,30,36,6,newmomtips,30,36,6,makeuptransformation,22,24,2,hairremoval,47,45,-2,blingnails,87,86,-1,propertytax,120,123,3,scrapmetal,151,165,14,ajedrez,82,88,6,scrapmetal,151,165,14,co25🎓,165,171,6,смех,17,20,3,rights,162,173,11,umpire,90,98,8,реддит,117,126,9,craftsupplies,69,71,2,0119,31,42,11,happydance,49,53,4,soberliving,59,62,3,loadedteas,124,129,5,koreansnacks,126,136,10,classof2029,48,55,7,keonho,103,104,1,เก็บขยะล้านชิ้น,29,,,gymgear,179,180,1,floydmayweather,90,99,9,alzheimersawareness,98,107,9,propertytax,120,123,3,намек,121,127,6,foodchallenge,54,58,4,thingstodoinla,29,29,0,iphoneaccessories,137,140,3,streamerclips,178,184,6,puntacana,33,37,4,barber,6,5,-1,homeremedies,170,172,2,homeremedies,170,172,2,segundaoportunidad,177,184,7,homehacks,16,17,1,homehacks,16,17,1,pokemon,1,1,0,dreamersanddoers,107,117,10,kennywood,131,130,-1,childloss,23,27,4,blackhorse,98,102,4,magick,48,48,0,movies,10,13,3,lypsync,163,176,13,cortis,96,98,2,fragrancereview,50,54,4,diypiercings,107,107,0,ausom,182,190,8,fishingtime,189,194,5,designer,32,37,5,duodance,11,14,3,稲妻フィルター,119,138,19,wildlife,7,7,0,automaticlitterbox,172,176,4,fotosencasa,146,157,11,wallrepair,34,35,1,fearfulavoidant,109,116,7,microbiologia,40,53,13,squishytoys,16,14,-2,siliconemask,13,14,1,aiapps,121,131,10,,,,,shannonsharpe,86,106,20,cavs,49,51,2,lallorona,86,87,1,securitycamera,16,19,3,pokemon,1,1,0,puntacana,33,37,4,ultrabee,109,121,12,mcyt,161,167,6,californiacoast,136,146,10
weddingdress,45,49,4,estudiarenusa,107,117,10,yumeship,51,51,0,artdrawing,97,97,0,classiccar,103,115,12,tiktoktako,45,51,6,tiktoktako,45,51,6,бьюти,70,72,2,pixiecut,81,79,-2,dallasnailtech,106,105,-1,passiveincome,18,20,2,pressurewash,145,158,13,whatami,121,127,6,pressurewash,145,158,13,medschoolapps,169,175,6,relatablememes,19,22,3,climatechange,63,73,10,fifaworldcup2026,148,156,8,viralrecipe,125,134,9,needlefelting,76,78,2,螺潭勝安宮,56,67,11,danceperformance,52,56,4,recoveroutloud,78,81,3,brumate,131,136,5,spicysnacks,146,156,10,highschoolgraduate,96,103,7,theboyz,157,158,1,cintalingkungan,30,,,fitness,1,1,0,rally,92,101,9,nestwithme,130,139,9,passiveincome,18,20,2,клубникавшоколаде,123,129,6,coffeeshop,56,60,4,dmvfoodie,38,38,0,techdeal,172,175,3,typicalgamer,67,72,5,honeymoon,35,39,4,blonde,7,6,-1,debloat,15,16,1,debloat,15,16,1,юрист,33,39,6,gardentips,187,188,1,gardentips,187,188,1,squishy,2,2,0,seminariofenixbryantracy,184,194,10,themeparktiktok,140,139,-1,parentinghacks,28,32,4,buckskin,143,147,4,curandera,53,53,0,russianculture,123,126,3,indiemusic,74,86,12,filmtok,102,104,2,everythingshower,58,62,4,ohiotattooartist,155,155,0,lakehavasu,38,45,7,рыба,25,29,4,weddingdress,41,46,5,dancevideo,13,16,3,ピアス系,156,175,19,goldenretriever,8,8,0,dogparents,84,87,3,povphotographer,171,182,11,lifehacksde,114,115,1,jamessexton,114,121,7,learnphysics,99,112,13,squishys,17,15,-2,fnafcosplay,19,20,1,snapchathack,129,139,10,,,,,anaheimducks,115,135,20,cr7,63,65,2,alieninvasion,135,136,1,aitools,24,27,3,squishy,2,2,0,honeymoon,35,39,4,classiccar,115,127,12,streamerclips,171,177,6,racoon,63,72,9
tiktokfinds,46,50,4,chemistryhelp,139,149,10,аниме,52,52,0,potteryvids,103,103,0,denali,134,146,12,niñosdetiktok,82,88,6,niñosdetiktok,82,88,6,redlighttherapy,85,87,2,summerhair,151,149,-2,gelnail,118,117,-1,walmarthaul,19,21,2,tropicalsno,159,172,13,chessopenings,142,148,6,tropicalsno,159,172,13,happygraduation,178,184,6,floptok,35,38,3,immigrationnews,76,86,10,freeedit,166,174,8,cookiecake,131,140,9,crochettips,104,106,2,進香團,80,91,11,2stepping,56,60,4,cozyvlog,140,143,3,refreshingdrinks,143,148,5,cheesecakefactory,22,31,9,derecho,118,125,7,kpop,1,1,0,gogreencleanup,33,,,gymgirl,2,2,0,усик,148,157,9,deploymenthomecoming,175,184,9,walmarthaul,19,21,2,publixdeals,193,199,6,eatingshow,65,69,4,elotes,70,70,0,ipad,8,10,2,tiktokgaming,95,100,5,vacationvibes,40,44,4,hairtransformation,8,7,-1,chiropractic,22,23,1,chiropractic,22,23,1,radiumgirls,60,66,6,homedecor,1,1,0,homedecor,1,1,0,lego,3,3,0,thewizardlizadvice,19,28,9,rollercoaster,5,3,-2,longdistancefriendship,55,59,4,cowmandi,190,194,4,paranormalinvestigation,104,104,0,reelshort,174,177,3,soundcloud,116,128,12,mlp,106,108,2,femininecare,77,81,4,stencilart,183,183,0,kubota,65,70,5,outdoorboys,18,21,3,tiktokfinds,42,47,5,copinesdancechallenge,16,19,3,myanotherhalf,88,106,18,petsoftiktok,10,10,0,adorable,39,41,2,kodakpixpro,31,41,10,drainrack,174,175,1,weddingceremony,121,128,7,nasanews,107,120,13,carpetcleaning,18,16,-2,danganronpacosplay,28,29,1,locationsharing,147,157,10,,,,,wcws,37,56,19,ligamx,71,73,2,alienabduction,145,146,1,nightlight,43,46,3,lego,3,3,0,vacationvibes,40,44,4,машина,121,133,12,gachatrend,118,123,5,tidepooling,110,119,9
mensstyle,64,68,4,данирбаев,45,54,9,izukumidoriya,99,99,0,christianart,116,116,0,carseat,136,148,12,medicallycomplex,87,93,6,medicallycomplex,87,93,6,eyebrow,120,122,2,perfumetiktok,17,14,-3,nailtok,7,5,-2,creditrepair,20,22,2,bending,175,188,13,guessmynumber,152,158,6,bending,175,188,13,capandgown,23,28,5,gracioso,47,50,3,doorbellcamera,80,90,10,goat🐐,167,175,8,cookingtiktok,38,46,8,scrapbookingsupplies,118,120,2,苗栗城連心會,83,94,11,chambelanes,59,63,4,runningerrands,183,186,3,buzzball,15,19,4,grilledcheeseburrito,110,119,9,motivationalspeaker,124,131,7,bts,2,2,0,지구지키기,39,,,homeworkout,3,3,0,boxingedit,163,172,9,momof7,117,125,8,creditrepair,20,22,2,snacklebox,28,33,5,cookie,93,97,4,comidacallejera,114,114,0,android,19,21,2,octane,126,131,5,sharm,64,68,4,hairdye,12,11,-1,wellnessroutine,40,41,1,wellnessroutine,40,41,1,usahistory,144,150,6,cleantok,2,2,0,cleantok,2,2,0,pokemoncards,4,4,0,motivationalquotesdaily,129,138,9,sixflags,7,5,-2,cleaningtools,79,83,4,ducktok,71,74,3,norteamerica🇲🇽🇺🇸🇨🇦,121,121,0,starwars,9,11,2,егэ,77,88,11,anime,4,5,1,hairremovalcreams,102,106,4,tattooideas,4,3,-1,куго,67,72,5,walleye,87,90,3,mensstyle,60,65,5,shuffle,21,24,3,picrure,121,139,18,dogtok,15,15,0,mascotas,46,48,2,photographyhack,57,67,10,homehacks,1,1,0,loml❤️,163,170,7,atlas3i,160,173,13,oddlysatifying,24,22,-2,hatsunemikucosplay,55,56,1,chatgpttips,35,44,9,,,,,paddypimblett,167,186,19,futbolmexicano,139,141,2,horror,1,1,0,smartwatch,44,47,3,pokemoncards,4,4,0,sharm,64,68,4,denali,150,162,12,wemmbu,144,149,5,eagle,28,36,8
jordan,68,72,4,psatprep,103,112,9,gumball,169,169,0,howcute,200,200,0,skyline,137,149,12,babyitems,89,95,6,babyitems,89,95,6,mineralsunscreen,156,158,2,tanning,18,15,-3,pedicure,8,6,-2,entrepreneurjourney,22,24,2,fifo,183,196,13,rompecabezas,73,78,5,fifo,183,196,13,commonapp,99,104,5,justjokes,54,57,3,cubanosenusa,119,129,10,jalenbrunson,45,52,7,peppers,64,72,8,scrapbooksupplies,174,176,2,北港小過年,155,166,11,katseye_gnarly,63,67,4,prisonstories,16,18,2,bloomenergy,49,53,4,shaveice,163,172,9,егэ2026,59,65,6,amandasolis,19,19,0,,,,,gymbro,7,7,0,skydiving,30,38,8,imissmydad,171,179,8,entrepreneurjourney,22,24,2,eventcatering,119,124,5,cleaneating,96,100,4,tampafoodie,171,171,0,gadgets,22,24,2,mobilegaming,137,142,5,daytrip,74,78,4,longhair,13,12,-1,insomnia,41,42,1,insomnia,41,42,1,fluency,146,152,6,cleaning,3,3,0,cleaning,3,3,0,pokemontcg,7,7,0,mandelaquotes,144,153,9,waterpark,9,7,-2,epoxyresin,156,160,4,ganaderia🐂🐎,81,84,3,flowart,124,124,0,filmtok,22,24,2,banger,78,89,11,relationships,10,11,1,permanentmakeup,149,153,4,henna,5,4,-1,yachts,92,97,5,huntinggear,130,133,3,jordan,64,69,5,katseye_gnarly,40,43,3,😘😘😘💞💞💞💞,144,162,18,animal,16,16,0,doggrooming,48,50,2,dslr,92,102,10,cleaningtools,2,2,0,weddingreception,61,67,6,mitosis,31,43,12,lowqualityasmr,26,24,-2,falloutcosplay,152,153,1,photorestoration,80,89,9,,,,,shilosanders,169,188,19,universalorlando,184,186,2,scary,2,2,0,computer,49,52,3,pokemontcg,7,7,0,daytrip,74,78,4,carseat,152,164,12,loud,170,175,5,frogs,71,79,8
engagementring,72,76,4,educacióninicial,127,136,9,isagiyoichi,197,197,0,coloring,3,2,-1,ultrabee,98,109,11,wendyandvalentina,90,96,6,wendyandvalentina,90,96,6,fullglam,157,159,2,hairtutorial,21,18,-3,summernails,9,7,-2,dropshipping,23,25,2,classroomdecor,62,74,12,familychallenges,114,119,5,classroomdecor,62,74,12,schoolisover,145,150,5,workmemes,101,104,3,crimenews,66,75,9,cycling,89,96,7,dip,162,170,8,paperplane,185,187,2,0521,4,14,10,poletricks,70,74,4,pennyshopping,29,30,1,horchata,61,65,4,foodcombos,189,198,9,fisica,107,113,6,yurnboi,23,23,0,,,,,biceps,9,9,0,climbing,33,41,8,autismparent,178,186,8,dropshipping,23,25,2,durian,125,130,5,cinnamonroll,129,133,4,quehacer,172,172,0,electronics,25,27,2,wemmbu,150,155,5,lakecomo,83,87,4,hairloss,18,17,-1,consejosdesalud,45,46,1,consejosdesalud,45,46,1,tartaria,27,32,5,wardrobe,4,4,0,wardrobe,4,4,0,pokemoncommunity,8,8,0,liveinthepresent,149,158,9,orbiter,19,17,-2,manualidades,37,40,3,goattok,85,88,3,весы,132,132,0,cinema,30,32,2,hiphopmusic,93,104,11,movies,35,36,1,perfumelover,179,183,4,tatuaje,9,8,-1,kukiring4,100,105,5,bluegigi,183,186,3,engagementring,68,73,5,театр,44,47,3,filipinasingapore🇵🇭🇸🇬,162,180,18,bird,17,17,0,dogdad,64,66,2,camerasetup,123,133,10,creativeitems,3,3,0,weddingvideo,70,76,6,embryology,49,61,12,hairbrushing,118,116,-2,puppetcosplay,187,188,1,adobevideo,86,95,9,,,,,billsmafia,174,193,19,rollercoastertiktok,187,189,2,paranormal,5,5,0,honor,60,63,3,pokemoncommunity,8,8,0,lakecomo,83,87,4,skyline,153,165,12,gta6,43,47,4,ferrettok,78,86,8
brandymelville,74,78,4,aprenderaleer,131,140,9,naruto,6,5,-1,artwork,4,3,-1,машина,109,120,11,sleepregression,107,113,6,sleepregression,107,113,6,mikaylanogueira,17,18,1,beautytips,22,19,-3,nailglue,28,26,-2,debtpayoff,25,27,2,trashbincleaning,131,143,12,christmasgames,126,131,5,trashbincleaning,131,143,12,caltech,188,193,5,customerserviceproblems,113,116,3,hialeah,151,160,9,bananaball,113,120,7,cleaneating,45,52,7,scrapbooking,5,6,1,塭港武聖壇,33,43,10,tiktokdancechallenge,75,79,4,plannercommunity,79,80,1,coldfoam,79,83,4,eggboil,88,96,8,gradutation,129,135,6,huda,31,31,0,,,,,back,11,11,0,mmaedit,113,121,8,revelaciondegenero,44,51,7,debtpayoff,25,27,2,kosherfood,172,177,5,coffeerecipe,139,143,4,fairfood,198,198,0,techgadgets,49,51,2,mcyt,168,173,5,amtrak,93,97,4,curlyhairroutine,19,18,-1,ceelike,56,57,1,ceelike,56,57,1,herencia,28,33,5,gardening,5,5,0,gardening,5,5,0,fidgettoys,9,9,0,quoteaesthetic,166,175,9,waterslide,20,18,-2,newmomtips,58,61,3,brahman,66,68,2,tarotreader,9,8,-1,georgecooper,49,51,2,paulmccartney,104,115,11,indosiarbawadangdutberkelasberkualitas,42,43,1,perfumearabe,181,185,4,earpiercing,14,13,-1,electricbikes,120,125,5,casting,16,18,2,brandymelville,70,75,5,danzafolklorica,69,72,3,cheptoodiane,177,195,18,funnydog,18,18,0,bulldog,66,68,2,iphonephoto,129,139,10,dailynecessities,4,4,0,enemiestoloversrecs,91,97,6,stemfun,67,79,12,doctorasmr,160,158,-2,cosplay,1,1,0,ediciondevideo,120,129,9,,,,,nbamemes,54,72,18,brazil,3,4,1,ghost,6,6,0,iphone16,63,66,3,fidgettoys,9,9,0,amtrak,93,97,4,ram1500,177,189,12,typicalgamer,67,71,4,whitetaildeer,117,125,8
jewelrytiktok,77,81,4,orderofoperations,150,159,9,animetiktok,9,8,-1,handwriting,5,4,-1,suv,127,138,11,babycute,118,124,6,babycute,118,124,6,garnierpartner,42,43,1,pressonnails,25,22,-3,uñasdecoradas,75,73,-2,moneygoals,47,49,2,harvesting,141,153,12,gamesfortwo,135,140,5,harvesting,141,153,12,commonappessay,189,194,5,comedypodcast,114,117,3,banjiraceh,20,28,8,ballknowledge,134,141,7,sprinkles,67,74,7,crafttok,6,7,1,kgp轎鼓社,36,46,10,dança,84,88,4,dimlvlog,112,113,1,icedcoffeerecipe,91,95,4,tinnedfishreview,96,104,8,ancienthistory,31,36,5,celebrities,32,32,0,,,,,bicepcurls,164,164,0,snme,117,125,8,bebeencamino,47,54,7,moneygoals,47,49,2,asiansnackbox,188,193,5,pastasalad,160,164,4,foodtruck,12,11,-1,iphone17case,125,127,2,loud,177,182,5,hikingadventures,32,35,3,haircolor,20,19,-1,menopausia,61,62,1,menopausia,61,62,1,medievalhistory,37,42,5,realestate,6,6,0,realestate,6,6,0,sanrio,18,18,0,alanwattsphilosophy,172,181,9,hhn,24,22,-2,maternidade,83,86,3,qurbani,14,15,1,espiritualidad,14,13,-1,movieedit,76,78,2,originalsong,119,130,11,dacademy7indosiar,45,46,1,smoothskin,40,43,3,animetattoo,34,33,-1,takeoff,31,35,4,рыбалка,17,19,2,jewelrytiktok,73,78,5,sonidero,73,76,3,banturameinnapa🗿,83,100,17,cutedog,19,19,0,cutedogs,69,71,2,phonemic,179,189,10,lifeessentials,5,5,0,dismissiveavoidant,92,98,6,ciêncianotiktok,82,94,12,sharpening,184,182,-2,cosplayer,2,2,0,ipadapps,124,133,9,,,,,nbatok,154,172,18,soccer,4,5,1,ufo,7,7,0,iphone17promaxcase,76,79,3,sanrio,18,18,0,hikingadventures,32,35,3,excavator,76,87,11,joebartolozzi,72,76,4,seaanimals,185,193,8
handbag,123,127,4,alphatest,165,174,9,peak,11,10,-1,sketchbook,6,5,-1,ram1500,160,171,11,newbornmom,161,167,6,newbornmom,161,167,6,naturalmakeup,67,68,1,fragrancetiktok,28,25,-3,blacknails,85,83,-2,millionairemindset,68,70,2,metalfabrication,162,174,12,twoplayergames,160,165,5,metalfabrication,162,174,12,summacumlaude,55,59,4,bearsbengalshalloween,116,119,3,squatters,43,51,8,pumasmx,154,161,7,hotdogs,77,84,7,manualidades,8,9,1,哈囉小璇,50,60,10,danzafolklorica,105,109,4,readingupdate,138,139,1,moonshine,107,111,4,перекус,123,131,8,ancient,35,40,5,kevinhart,53,53,0,,,,,calisthenics,5,4,-1,zipline,120,128,8,forever18,97,104,7,millionairemindset,68,70,2,mealplanning,39,43,4,halal,178,182,4,buffet,16,15,-1,galaxyprojector,156,158,2,gta6,43,47,4,waterfalls,43,46,3,hairextensions,21,20,-1,kidstoothpaste,77,78,1,kidstoothpaste,77,78,1,ancienthumans,64,69,5,garden,7,7,0,garden,7,7,0,legotiktok,19,19,0,motivationalshorts,105,113,8,lacountyfair,27,25,-2,diycraft,86,89,3,bakraeid,18,19,1,santamuerte,16,15,-1,novela,165,167,2,classof26,68,78,10,animefyp,73,74,1,lush,52,55,3,finelinetattoos,75,74,-1,yachting,58,62,4,fishingtips,21,23,2,shoplocal,170,175,5,communitytheatre,75,78,3,syukurselalu♥️,135,152,17,doglover,20,20,0,frenchiesoftiktok,75,77,2,kodakpixprofz45,46,55,9,diycleaning,24,24,0,blackcouple,111,117,6,ciencianotiktok,114,126,12,sjiady,190,188,-2,fursuit,3,3,0,igstoryidea,165,174,9,,,,,chiefskingdom,180,198,18,neymarjr,5,6,1,scarystories,8,8,0,solarpower,89,92,3,legotiktok,19,19,0,waterfalls,43,46,3,escooter,80,91,11,ranter,84,88,4,snak,187,195,8
shoplocal,175,179,4,2k11,116,124,8,mlp,15,14,-1,diamondpainting,7,6,-1,caressentials,181,192,11,strollerreview,168,174,6,strollerreview,168,174,6,settingspray,88,89,1,hairdye,29,26,-3,nycnailtech,89,87,-2,interestrates,160,162,2,landclearing,181,193,12,pitchchallenge,166,171,5,landclearing,181,193,12,classof2023,74,78,4,borracho,187,190,3,redunodigital,92,100,8,ajdybantsa,158,165,7,phillycheesesteak,114,121,7,papercraft,10,11,1,新營太子宮,53,63,10,dancesfor2people,21,24,3,resetvlog,199,200,1,mixology,165,169,4,asiansnacks,39,46,7,sciencetok,40,45,5,actress,65,65,0,,,,,physique,6,5,-1,heavyweight,153,161,8,crianzarespetuosa,161,168,7,interestrates,160,162,2,fruittok,69,73,4,cake,6,9,3,birria,19,18,-1,applewallpaper,161,163,2,joebartolozzi,73,77,4,castle,54,57,3,cut,25,24,-1,glp1tips,195,196,1,glp1tips,195,196,1,untoldhistory,73,78,5,interiordesign,8,8,0,interiordesign,8,8,0,fidgettrading,23,23,0,mindsetmentor,175,183,8,halloweenhorrornights,29,27,-2,polymerclayartist,148,151,3,clipping,44,45,1,spells,21,20,-1,homelander,8,9,1,vallenato,75,85,10,movietok,83,84,1,luxuryperfume,129,132,3,pircing,187,186,-1,pontoon,74,78,4,saltwaterfishing,28,30,2,moissanite,187,192,5,randomdance,88,91,3,filipinopub,171,188,17,pitbull,21,21,0,catdad,89,91,2,chicagophotographer,60,69,9,washingmachineclean,25,25,0,morallygreymen,188,194,6,eventosastronomicos,128,140,12,stressball,13,10,-3,larping,6,6,0,iphoneapps,170,179,9,,,,,worldseries,29,46,17,fishing,9,10,1,terror,9,9,0,chatgptprompts,107,110,3,fidgettrading,23,23,0,castle,54,57,3,carmaintenance,128,139,11,tiktokgaming,94,98,4,seaotter,106,113,7
moissanite,192,196,4,mathgenius,183,191,8,deathnote,16,15,-1,watercolor,13,12,-1,caraudio,72,82,10,boymama,34,39,5,boymama,34,39,5,soldejaniero,107,108,1,pinkhair,36,33,-3,weddingnails,120,118,-2,stocks,9,10,1,powerwash,57,68,11,puzzles,17,21,4,powerwash,57,68,11,montclairstateuniversity,84,88,4,мемы,22,24,2,ciudadania,133,141,8,knicks,8,14,6,easycooking,116,123,7,crochettiktok,13,14,1,西羅殿,72,82,10,trapqueenowen,29,32,3,photodump,1,1,0,bourbontiktok,190,194,4,foodvideo,47,54,7,salutatorian,44,49,5,indosiarbawadangdutberkelasberkualitas,4,3,-1,,,,,gymtips,13,12,-1,aew,41,48,7,bigfeelings,181,188,7,stocks,9,10,1,japanesesnacks,70,74,4,bbq,17,20,3,ceviche,25,24,-1,wearabletech,177,179,2,ranter,85,89,4,travelwithme,55,58,3,curlywig,135,134,-1,health,1,1,0,health,1,1,0,hoctiengtrung,106,111,5,kitchen,9,9,0,kitchen,9,9,0,chiikawa,26,26,0,lionmentality,178,186,8,waterfun,118,116,-2,ditlofamom,153,156,3,dairygoats,58,59,1,channeling,95,94,-1,duttonranch,14,15,1,relatabletiktoks,88,98,10,manga,85,86,1,turmericsoap,168,171,3,тату,11,9,-2,aviationhistory,128,132,4,deerhunting,36,38,2,summerstyle,36,40,4,countrydance,91,94,3,graceson_jnr,61,77,16,dachshund,24,24,0,кошка,102,104,2,photoboothrental,61,70,9,smarter,39,39,0,fiancé,37,42,5,cienciaentitkok,163,175,12,asmrsleep,20,17,-3,косплей,7,7,0,yope,173,182,9,,,,,newyorkgiants,82,99,17,nbaplayoffs,10,11,1,aliens,10,10,0,headset,153,156,3,chiikawa,26,26,0,travelwithme,55,58,3,musclecar,135,146,11,octane,122,126,4,whitetail,147,154,7
tattooideas,30,33,3,nclexpn,58,65,7,legobatman,19,18,-1,graffiti,14,13,-1,bikes,94,104,10,babycarrier,42,47,5,babycarrier,42,47,5,spf50,113,114,1,summernails,51,48,-3,stilletonails,134,132,-2,couponing,14,15,1,rubber,85,96,11,trendingfilter,141,145,4,rubber,85,96,11,graduationtrend,86,90,4,comedyskit,24,26,2,policebodycam,25,32,7,cruzazul,37,43,6,cakepops,118,125,7,scrapbook,14,15,1,翠屏女子三通鼓,79,89,10,shuffle,36,39,3,dailyroutine,6,6,0,caffeine,25,28,3,whatiatetoday,63,70,7,огэ2026,63,68,5,dacademy7indosiar,5,4,-1,,,,,strengthtraining,14,13,-1,tubing,64,71,7,generationaltrauma,37,43,6,couponing,14,15,1,crunchbabycrunch,100,104,4,icedcoffee,29,32,3,ocfoodie,125,124,-1,tiktokshopdealsforyoudays,2,3,1,lospollos,136,140,4,weekendtrip,60,63,3,miamihairstylist,147,146,-1,wellness,2,2,0,wellness,2,2,0,queerhistory,125,130,5,homeimprovement,10,10,0,homeimprovement,10,10,0,legostarwars,28,28,0,englishmotivation,55,62,7,thrillseeker,129,127,-2,embarazada,26,28,2,callduck,117,118,1,oshun,119,118,-1,euphoriaseason3,16,17,1,romantasy,91,101,10,spirituality,123,124,1,shaver,31,33,2,earstack,28,26,-2,yachtcrew,141,145,4,kastking,48,50,2,jersey,39,43,4,bailarinas,157,160,3,latinaporelmundo🌍,86,102,16,rescue,25,25,0,blackcats,103,105,2,фотография,82,91,9,cleantips,42,42,0,datinginyour30s,96,101,5,babyinwomb,23,34,11,chalk,29,26,-3,maskedmen,8,8,0,canvatok,44,52,8,,,,,bengals,92,109,17,boxing,15,16,1,haunted,11,11,0,17promax,155,158,3,legostarwars,28,28,0,weekendtrip,60,63,3,suv,143,154,11,mobilegaming,132,136,4,ardilla,153,160,7
summerstyle,40,43,3,репетиторонлайн,83,90,7,fanart,26,25,-1,gelpens,21,20,-1,carenthusiast,125,135,10,infant,57,62,5,infant,57,62,5,beauty,1,1,0,nailsalon,61,58,-3,utahnails,180,178,-2,digitalproducts,41,42,1,classroomideas,112,123,11,stackit,47,50,3,classroomideas,112,123,11,gradday,118,122,4,laughing,26,28,2,political,85,92,7,liverpool,87,93,6,easybreakfast,139,146,7,resin,15,16,1,笨港口港口宮,88,98,10,olddance,111,114,3,pennyitems,10,10,0,baristalife,41,44,3,notalking,86,93,7,graduado,78,83,5,dacademyindosiar,6,5,-1,,,,,homegym,16,15,-1,jamskate,105,112,7,familytok,40,46,6,digitalproducts,41,42,1,customtreats,142,146,4,buldak,61,64,3,ramen,8,6,-2,desksetup,13,14,1,lore,139,143,4,hotels,63,66,3,volume,180,179,-1,womenshealth,3,3,0,womenshealth,3,3,0,doblenacionalidad,154,159,5,diyproject,11,11,0,diyproject,11,11,0,squishyhaul,29,29,0,motivationpodcast,65,72,7,typhoonlagoon,177,175,-2,dollartreediy,45,47,2,potrillo,131,132,1,specificperson,152,151,-1,natejacobs,19,20,1,nursehumor,97,107,10,whattowatch,162,163,1,nichefragrance,57,59,2,piercingsoftiktok,36,34,-2,kukirin,27,30,3,saltwater,53,55,2,summeressentials,44,48,4,masakakidsafricana,162,165,3,💙💙💙💙💙💙💙💙💙💙💙💙💙💙💙💙💙💙💙💙,89,105,16,cutecat,26,26,0,chinchilla,184,186,2,photographyeducation,115,124,9,tipsdehogar,48,48,0,loveadvice,119,124,5,materialscience,41,52,11,extractions,36,33,-3,cosplays,9,9,0,newontiktok,60,68,8,,,,,jeffteague,137,154,17,casemiro,40,41,1,creepypasta,12,12,0,ipad,10,12,2,squishyhaul,29,29,0,hotels,63,66,3,caraudio,82,92,10,lore,133,137,4,reptile,24,30,6
jersey,43,46,3,mathproblem,92,99,7,chainsawman,35,34,-1,mixedmedia,32,31,-1,taller,179,189,10,milestone,86,91,5,milestone,86,91,5,beautytok,2,2,0,cut,70,67,-3,diynails,11,8,-3,businessideas,74,75,1,electricista,118,129,11,puzzletime,54,57,3,electricista,118,129,11,kindergartengraduation,13,16,3,kountrywayne,28,30,2,boise,100,107,7,seleccionmexicana,129,135,6,pastry,142,149,7,graduationlei,16,17,1,陣頭文化,95,105,10,countrydance,139,142,3,floaterfriend,26,26,0,ninjaslushi,52,55,3,balut,103,110,7,vietnamwar,95,100,5,celebrity,7,6,-1,,,,,pullups,18,17,-1,kayaking,140,147,7,parto,68,74,6,businessideas,74,75,1,ဒူးရင်းသီး,174,178,4,coffeeathome,80,83,3,nyceats,18,16,-2,earbuds,21,22,1,spiderman2,174,178,4,travelgoals,72,75,3,hairtutorial,10,8,-2,bienestar,11,11,0,bienestar,11,11,0,oldphotos,21,25,4,plants,12,12,0,plants,12,12,0,crybaby,34,34,0,puroguerrero,72,79,7,universalstudios,4,1,-3,handmadecraft,90,92,2,babygeese,150,151,1,expareja,156,155,-1,kdrama,24,25,1,badbunnyconcert,127,137,10,movie,1,1,0,perfumesarabes,64,66,2,hennatattoo,58,56,-2,gatortailoutboards,46,49,3,riverlife,81,83,2,fathersdaygiftideas,66,70,4,polespin,172,175,3,誰でも自分,129,145,16,orangecat,31,31,0,siberianhusky,197,199,2,sonyzv1,121,130,9,stainremoverpen,176,176,0,bestbfever,154,159,5,3danatomy,47,58,11,emojichallenge,40,37,-3,magictrick,10,10,0,areyouaneditor,70,78,8,,,,,brewers,47,63,16,racing,44,45,1,analoghorror,13,13,0,android,21,23,2,crybaby,34,34,0,travelgoals,72,75,3,bikes,105,115,10,?gachallife💜même,152,156,4,groundhog,77,83,6
summeressentials,48,51,3,mathforkids,97,104,7,goku,38,37,-1,oilpastel,45,44,-1,motorsport,55,64,9,babytoys,33,37,4,babytoys,33,37,4,beautytips,3,3,0,lipcombo,34,30,-4,beginnernailtech,17,14,-3,ipo,134,135,1,kubota,134,145,11,kollide,109,112,3,kubota,134,145,11,graduates,28,31,3,funnypranks,30,32,2,joplin,101,108,7,prediction,175,181,6,kitchenaid,148,155,7,diycraft,21,22,1,東石小木屋,96,106,10,asisebaila,193,196,3,5to9,97,97,0,homecafe,54,57,3,fishsandwich,114,121,7,weirdhistory,150,155,5,jasontheween,50,49,-1,,,,,muscles,20,19,-1,josealdo,158,165,7,inducelabor,77,83,6,ipo,134,135,1,чижик,175,179,4,lemonade,99,102,3,smashburger,22,20,-2,iphone18,31,32,1,backrooms,12,15,3,familytrip,76,79,3,pinkhair,15,13,-2,diabetes,14,14,0,diabetes,14,14,0,asilopolitico,42,46,4,lawncare,13,13,0,lawncare,13,13,0,reborn,55,55,0,divinemind,87,94,7,amusementpark,14,11,-3,revelaciondegenero,95,97,2,farrier,10,10,0,magianegrapoderosa,181,180,-1,romance,28,29,1,pierrot,159,169,10,meme,2,2,0,perfumeoil,131,133,2,flowertattoo,63,61,-2,jetboat,48,51,3,fishingline,90,92,2,graduacion,78,82,4,dancetrends,15,17,2,เปิดการมองเห็นtiktok❤️🙏,173,189,16,catmom,32,32,0,petsoftiktok,8,9,1,idahophotographer,133,142,9,stainremoval,7,6,-1,militarygf,155,160,5,physicsclass,54,65,11,whisper,45,42,-3,animecosplay,11,11,0,websitebuilder,78,86,8,,,,,manutd,69,85,16,mundial2026,61,62,1,miedo,16,16,0,electronics,28,30,2,reborn,55,55,0,familytrip,76,79,3,carenthusiast,141,151,10,spiderman2,167,171,4,grizzlybear,182,188,6
fathersdaygiftideas,70,73,3,correction,47,53,6,djpon3,66,65,-1,artcommission,49,48,-1,dashcamusa,85,94,9,bossbaby,40,44,4,bossbaby,40,44,4,lashclusters,4,4,0,sunscreen,35,31,-4,nailtransition,20,17,-3,jpmorgan,154,155,1,plaster,139,150,11,twintelepathychallenge,133,136,3,plaster,139,150,11,ucberkeley,38,41,3,funnycomedy,34,36,2,publicsafety,107,114,7,shaigilgeousalexander,10,15,5,chinesefood,28,34,6,journalwithme,27,28,1,枋寮德興宮,108,118,10,famousfr😘,24,26,2,dougswinterparty,104,104,0,tealover,87,90,3,kingcrablegs,118,125,7,ptschool,154,159,5,parkjimin,139,138,-1,,,,,breathedivinity,89,88,-1,canadiangp,20,26,6,breastpump,96,102,6,jpmorgan,154,155,1,fruitsandveggies,183,187,4,matcha,8,10,2,vegasfood,52,50,-2,googleio,34,35,1,forza,16,19,3,tourism,81,84,3,blondehair,16,14,-2,saludfemenina,50,50,0,saludfemenina,50,50,0,texashistory,45,49,4,apartmenttour,14,14,0,apartmenttour,14,14,0,bagcharm,66,66,0,keepitupcutie,159,166,7,universalorlando,16,13,-3,digitalcameras,100,102,2,minipig,25,25,0,energia,19,17,-2,whattowatch,35,36,1,thecure,26,35,9,dance,3,3,0,tanningoil,154,156,2,butterflytattoo,85,83,-2,cessna,70,73,3,fishingtrip,97,99,2,matching,80,84,4,hiphopdance,19,21,2,jowybitar,72,87,15,mascotas,63,63,0,dogtok,13,14,1,cameratok,172,181,9,bathroomcleaner,19,18,-1,weddingphotos,162,167,5,kidsscience,58,69,11,asmrnotalking,46,43,-3,fursuiter,12,12,0,aplicaciones,83,91,8,,,,,nflhighlights,88,104,16,swimming,67,68,1,uap,17,17,0,noisecancelling,65,67,2,bagcharm,66,66,0,tourism,81,84,3,dashcamusa,96,105,9,backrooms,12,15,3,birder,46,51,5
graduacion,82,85,3,mathchallenge,60,66,6,jugg,72,71,-1,ardrawing,154,153,-1,dashcamlessons,92,101,9,chunkybaby,55,59,4,chunkybaby,55,59,4,kbeauty,5,5,0,wavyhair,65,61,-4,toes,21,18,-3,sidehustle,1,1,0,coalmining,156,167,11,genralknowledge,147,150,3,coalmining,156,167,11,gradszn,39,42,3,memesdaily,44,46,2,robbelementaryschool,118,125,7,cavs,31,36,5,easydinnerideas,39,45,6,pipecleanerflowers,28,29,1,松山慈祐宮,159,169,10,onepersondance,55,57,2,documenting,142,142,0,liquiddeath,95,98,3,buldakmukbang,128,135,7,mcatprep,157,162,5,kourtneykardashian,160,159,-1,,,,,hypertrophy,98,97,-1,nascartiktok,24,30,6,dadanddaughtergoals,102,108,6,sidehustle,1,1,0,groceries,12,15,3,eating,9,11,2,foodiesoftiktok,53,51,-2,screenprotector,37,38,1,fifa,25,28,3,hotelroom,86,89,3,trim,17,15,-2,freshbreath,52,52,0,freshbreath,52,52,0,archeology,58,62,4,furniture,23,23,0,furniture,23,23,0,mastersoftheuniverse,67,67,0,jesseitzler,189,196,7,rollercoastertiktok,17,14,-3,journalwithme,115,117,2,granja,30,30,0,amarresdeamor,20,18,-2,soldierboy,38,39,1,osamason,57,66,9,squishy,33,33,0,bodywash,15,16,1,tatuajes,8,5,-3,outboard,85,88,3,outdoorcamping,110,112,2,mango,83,87,4,forro,20,22,2,szseditz,81,96,15,deepsea,89,89,0,animal,14,15,1,compactcamera,185,194,9,doublesidedtape,21,20,-1,destinationweddingphotographer,171,176,5,embriología,59,70,11,asmrpersonalattention,71,68,-3,simonghostriley,16,16,0,aiwriting,89,97,8,,,,,mlbedits,102,118,16,coberturacazétv,80,81,1,horrorstory,18,18,0,jlab,132,134,2,mastersoftheuniverse,67,67,0,hotelroom,86,89,3,dashcamlessons,103,112,9,forza,16,19,3,raccoonsoftiktok,79,84,5
matching,84,87,3,mathtricks,64,70,6,bluelockedit,73,72,-1,oilpainting,9,7,-2,carmaintenance,115,124,9,декрет,65,69,4,декрет,65,69,4,dollartreefinds,6,6,0,clusterlashes,82,78,-4,nailcare,23,20,-3,finance,2,2,0,woodcraft,164,175,11,mahjongg,186,189,3,woodcraft,164,175,11,classof27,42,45,3,kountrywaynecomedy,59,61,2,prisoner,168,175,7,футбол,72,77,5,hotdog,42,48,6,kidscrafts,29,30,1,四湖參天宮,175,185,10,gaspedal,98,100,2,liferecently,147,147,0,dunkinpartner,106,109,3,snackwrap,151,158,7,kindergartengraduation,18,22,4,funnytv,191,190,-1,,,,,progress,10,8,-2,combatsports,57,63,6,26weekspregnant,127,133,6,finance,2,2,0,chocolatecoveredstrawberries,18,21,3,dessert,10,12,2,wheretoeat,55,53,-2,bugzapper,43,44,1,xbox,26,29,3,kauai,97,100,3,knotlessbraids,23,21,-2,nervoussystemregulation,58,58,0,nervoussystemregulation,58,58,0,cortedeinmigración,99,103,4,bedroom,24,24,0,bedroom,24,24,0,popcornbucket,81,81,0,chriswilliamson,43,49,6,hollywoodstudios,22,19,-3,kidscrafts,120,122,2,backyardducks,43,43,0,lecturadetarot,28,26,-2,jaafarjackson,42,43,1,banda,70,79,9,tungtungtungsahur,44,44,0,selftan,16,17,1,nosering,10,7,-3,johndeere,9,11,2,reddrumcatch,128,130,2,coquette,86,90,4,choreo,28,30,2,amsterdam❤️,157,172,15,dogdad,93,93,0,funnydog,15,16,1,selfportraitphotography,190,199,9,ovencleaning,31,30,-1,texaswedding,177,182,5,neurons,88,99,11,cleaningfinds,134,131,-3,halloweenmask,18,18,0,igupdate,110,118,8,,,,,joshallen,110,126,16,stl,119,120,1,scaryfacts,36,36,0,ipadpro,139,141,2,popcornbucket,81,81,0,kauai,97,100,3,autorepair,151,160,9,fifa,25,28,3,horseshoecrabs,151,156,5
mango,87,90,3,огэпоматематике,87,93,6,bakugo,80,79,-1,diamondart,10,8,-2,musclecar,121,130,9,cutekids,70,74,4,cutekids,70,74,4,lipcombo,7,7,0,glowyskin,84,80,-4,naturalnails,30,27,-3,financialfreedom,3,3,0,offshore,50,60,10,momentodequiz,191,194,3,offshore,50,60,10,graduado,46,49,3,kountrywayneskits,60,62,2,womensrights,64,70,6,futbolmexicano,85,90,5,cookie,43,49,6,quilting,30,31,1,李府千歲,107,116,9,jazzfunk,119,121,2,facetransplant,165,165,0,micheladas,153,156,3,saltandvinegar,140,146,6,darkhistory,26,30,4,rakai,9,7,-2,,,,,absworkout,22,20,-2,selfdefense,59,65,6,familyhealing,149,155,6,financialfreedom,3,3,0,candyshop,19,22,3,restaurant,11,13,2,coffeereview,95,93,-2,bluetoothspeaker,51,52,1,mm2,45,48,3,trip,11,13,2,wavyhair,24,22,-2,gastritis,188,188,0,gastritis,188,188,0,datoshistoricos,151,155,4,rvlife,28,28,0,rvlife,28,28,0,diysquishy,91,91,0,healingpath,47,53,6,epicuniverse,26,23,-3,pregnantlife,5,6,1,bakramandi,139,139,0,tarotok,29,27,-2,nickelodeon,44,45,1,studsoftiktok,84,93,9,euphoriaseason3,59,59,0,gurunanda,18,19,1,coverup,13,10,-3,boattok,55,57,2,campingmusthave,180,182,2,wallet,104,108,4,wcs,29,31,2,pacarkuditikungteman,87,101,14,kucing,119,119,0,cutedog,16,17,1,digitalcam,37,45,8,oildispenser,32,31,-1,bwwm,185,190,5,sciencelovers,110,121,11,slowasmr,139,136,-3,mdni,21,21,0,websitesyouneed,133,141,8,,,,,nbafinals,15,30,15,fair,155,156,1,appalachianmountains,42,42,0,headphone,147,149,2,diysquishy,91,91,0,trip,11,13,2,carspotting,157,166,9,xbox,26,29,3,arachnid,179,184,5
coquette,90,93,3,learningtoread,31,36,5,miraculousladybug,83,82,-1,artchallenge,12,10,-2,autorepair,135,144,9,safesleep,110,114,4,safesleep,110,114,4,sunscreen,8,8,0,pixie,119,115,-4,feetcare,45,42,-3,moneytok,4,4,0,buildingmaterials,98,108,10,boardgames,4,6,2,buildingmaterials,98,108,10,graduación,58,61,3,customersbelike,70,72,2,highspeedchase,73,79,6,pitcher,102,107,5,recipesoftiktok,48,54,6,eternalroses,31,32,1,nanbangliondance,140,149,9,westcoastswing,152,154,2,spendthedaywithme,3,2,-1,chobani,154,157,3,chaaba,161,167,6,ciencia,30,34,4,kpopfyp,12,10,-2,,,,,bodydysphormia,23,21,-2,mountainbike,108,114,6,comingback,156,162,6,moneytok,4,4,0,pizookie,24,27,3,fruit,12,14,2,sandiegohiddengems,34,31,-3,noisecancelling,59,60,1,майнкрафт,58,61,3,cruisetok,13,15,2,mensgrooming,30,28,-2,guthealth,5,4,-1,guthealth,5,4,-1,royalhistory,68,71,3,houseforrent,39,39,0,houseforrent,39,39,0,toysoftiktok,123,123,0,disciplinadiaria,80,86,6,clawmachine,31,28,-3,babyregistry,29,30,1,seramachicken,140,140,0,juggling,30,28,-2,anakinskywalker,54,55,1,victormendivil,142,151,9,kpopfyp,79,79,0,mensfragrance,24,25,1,blackandgreytattoo,18,15,-3,airplanes,72,74,2,catfish,11,12,1,leopardprint,111,115,4,dancevibes,35,37,2,palrandhawa,163,177,14,pets,12,11,-1,doglover,17,18,1,beachphotos,69,77,8,homecleaninghacks,35,34,-1,bestboyfriendever,193,198,5,macroscopia,112,123,11,bestlifebybrooke,141,138,-3,mhacosplay,23,23,0,mr3pro3,54,61,7,,,,,jaxsondart,32,47,15,gymtips,157,158,1,darkweb,50,50,0,vacuummop,149,151,2,toysoftiktok,123,123,0,cruisetok,13,15,2,zx6r,181,190,9,mm2,45,48,3,junglesafari,193,198,5
wallet,108,111,3,actscore,89,94,5,bleach,24,22,-2,рисунок,18,16,-2,carspotting,141,150,9,momgirl💞,127,131,4,momgirl💞,127,131,4,lashextensions,9,9,0,lash,167,163,-4,polygel,52,49,-3,investing,5,5,0,hvactech,103,113,10,sistersisterz,29,31,2,hvactech,103,113,10,lastyear,69,72,3,laughter,80,82,2,truecrimedocumentary,74,80,6,thegoat🐐🐐,150,155,5,pastasalad,83,89,6,epoxyresin,37,38,1,singaporetengghee,19,27,8,jellyous,163,165,2,nycweather,4,3,-1,matcharecipe,59,61,2,eater,35,40,5,americanhistory,39,43,4,realitytv,13,11,-2,,,,,bodytransformation,24,22,-2,wrestlingtok,134,140,6,itsagirl🎀,167,173,6,investing,5,5,0,realorcake,73,76,3,coffeetiktok,27,29,2,vietnamesefood,35,32,-3,earphones,61,62,1,codm,92,95,3,hike,14,16,2,buzzcut,34,32,-2,massage,7,6,-1,massage,7,6,-1,rarephotos,25,27,2,homeorganization,41,41,0,homeorganization,41,41,0,legominifigures,164,164,0,ascender,93,99,6,sixflagsgreatadventure,56,53,-3,quilting,125,126,1,chickentreats,175,175,0,mediumship,52,50,-2,dharmann,59,60,1,80smusic,47,55,8,kingofpop,87,87,0,filler,29,30,1,doublehelix,21,18,-3,willitrun,84,86,2,camp,12,13,1,curvy,145,149,4,contemporarydance,36,38,2,原相機,69,82,13,dogmom,13,12,-1,pitbull,18,19,1,fz55,81,89,8,limescale,111,110,-1,cheatinghusband,15,19,4,terrapiatta,123,134,11,anticipatoryasmr,176,173,-3,marveluk,30,30,0,mediaio,123,130,7,,,,,stanleycupplayoffs,85,100,15,knockout,159,160,1,sobrenatural,66,66,0,galaxyprojector,177,179,2,legominifigures,164,164,0,hike,14,16,2,trucksoftiktok,34,42,8,майнкрафт,58,61,3,seagull,139,143,4
leopardprint,115,118,3,raizcuadrada,178,183,5,aot,28,26,-2,woodcarving,19,17,-2,zx6r,163,172,9,growingfast,151,155,4,growingfast,151,155,4,ceravepartner,10,10,0,longhair,32,27,-5,acrylictoes,55,52,-3,savingmoney,6,6,0,tiles,125,135,10,familygame,32,34,2,tiles,125,135,10,homeroomteacher,73,76,3,coworker,94,96,2,noticiasen1minuto,106,112,6,bellingham,159,164,5,ceviche,104,110,6,weddingdiy,41,42,1,舞龍舞獅文化,20,28,8,moonwalk,6,7,1,dailylife,5,4,-1,vodka,70,72,2,onebite,69,74,5,capandgown,42,46,4,btsarmy,14,12,-2,,,,,gymtransformation,27,25,-2,motorsports,46,51,5,pregnancytest,36,41,5,savingmoney,6,6,0,trailmix,145,148,3,coconutwater,33,35,2,orlandofoodie,83,80,-3,solarpower,80,81,1,caseoh,100,103,3,yosemite,18,20,2,ponytail,35,33,-2,backpain,13,12,-1,backpain,13,12,-1,visau,32,34,2,backyardvibes,45,45,0,backyardvibes,45,45,0,squishycollection,197,197,0,successmindsets,110,116,6,horrornights,57,54,-3,pregnant,1,1,0,firstsaturdaylime,38,37,-1,guidance,64,62,-2,starwarsfan,93,94,1,tatemcrae,49,57,8,horrormovie,94,94,0,vanillaperfume,39,40,1,temporarytattoo,30,27,-3,авиация,93,95,2,angler,39,40,1,ootn,148,152,4,poletricks,46,48,2,guongmatananh,71,84,13,kitty,14,13,-1,orangecat,26,27,1,digicamera,84,92,8,kededonhatam,162,161,-1,coupletrend,55,59,4,putraastronomi,142,153,11,asmrroleplay,22,18,-4,onepiececosplay,51,51,0,blurrrtutorial,142,149,7,,,,,walkoff,107,122,15,nba,1,1,0,mythicalcreatures,68,68,0,tiktokfeature,191,193,2,squishycollection,197,197,0,yosemite,18,20,2,carsales,47,55,8,lospollos,131,134,3,honeybees,158,162,4
curvy,150,153,3,умскул,10,14,4,dragonball,29,27,-2,artstyle,24,22,-2,trucksoftiktok,30,38,8,sensoryactivities,159,163,4,sensoryactivities,159,163,4,blush,13,13,0,lashextensions,37,32,-5,bluenails,62,59,-3,personalfinance,7,7,0,gentetrabajadora,173,183,10,benazelart,72,74,2,gentetrabajadora,173,183,10,promo2026🎓💕,175,178,3,funnymeme,118,120,2,endgunviolence,111,117,6,pedri,173,178,5,cookingathome,113,119,6,flowerbouquets,42,43,1,0105,41,49,8,dancestolearn,9,10,1,влог,8,7,-1,michelada,83,85,2,frozendessert,77,82,5,historical,60,64,4,kingofpop,15,13,-2,,,,,fitnessmotivaton,30,28,-2,landonorris,62,67,5,maternidade,39,44,5,personalfinance,7,7,0,primebites,149,152,3,fruits,51,53,2,mediterraneanfood,91,88,-3,techreview,97,98,1,unstablesmp,104,107,3,backpacking,28,30,2,protectivestyles,36,34,-2,remedioscaseros,39,38,-1,remedioscaseros,39,38,-1,historicalphotos,36,38,2,rentalproperty,52,52,0,rentalproperty,52,52,0,pokemontiktok,6,5,-1,refleccionesdelavida,116,122,6,disneytravelplanner,71,68,-3,parenting,2,2,0,breeding,57,56,-1,twinflames,102,100,-2,thesopranos,182,183,1,indie,67,75,8,weddingday,186,186,0,bodylotion,41,42,1,tattooaftercare,46,43,-3,kidsbike,147,149,2,solocamping,43,44,1,polo,158,162,4,poletrickoftheday,84,86,2,simi_praystoo,79,92,13,cattok,23,22,-1,catmom,27,28,1,photographyideas,107,115,8,収納ケース,197,196,-1,marryme,64,68,4,voielactee,168,179,11,asmrcleaning,23,19,-4,fryboy,61,61,0,playgroundai,158,165,7,,,,,nflfootbal,127,142,15,basketball,2,2,0,possessed,69,69,0,amd,197,199,2,pokemontiktok,6,5,-1,backpacking,28,30,2,emoto,54,62,8,imposter,140,143,3,cockatoo,166,170,4
ootn,153,156,3,sightwords,33,37,4,manhwa,37,35,-2,рисование,29,27,-2,newcar,39,47,8,babyboy,1,4,3,babyboy,1,4,3,clusterlashes,27,27,0,bodycare,40,35,-5,vbeautypure,73,70,-3,moneytips,8,8,0,pipeliner,184,194,10,topperguild,122,124,2,pipeliner,184,194,10,class2026,20,22,2,retailproblems,130,132,2,secretservice,126,132,6,pool,22,26,4,sausage,123,129,6,beginnercrochet,86,87,1,南鯤鯓代天府,46,54,8,2persondance,14,15,1,friendshipbreakup,9,8,-1,homebar,149,151,2,davidngo,100,105,5,geographyfacts,66,70,4,kimkardashian,35,33,-2,,,,,forearms,93,91,-2,justingaethje,119,124,5,babyshowergames,95,100,5,moneytips,8,8,0,bettergoods,150,153,3,crunchy,77,79,2,peruvianfood,135,132,-3,jlab,114,115,1,tweening,116,119,3,getaway,36,38,2,волосы,40,38,-2,healthawareness,55,54,-1,healthawareness,55,54,-1,weirdborders,50,52,2,hometour,57,57,0,hometour,57,57,0,miniature,21,20,-1,keytosuccess,121,127,6,fairseason,75,72,-3,photodump,3,3,0,racehorse,64,63,-1,timelineshift,189,187,-2,movie,1,1,0,bpd,82,90,8,music,5,4,-1,scent,43,44,1,tattoomeaning,70,67,-3,boatlife,3,4,1,rivermonsters,50,51,1,urbanchic,159,163,4,laciebie,110,112,2,вильнюс👈,84,97,13,birds,28,27,-1,adoption,63,64,1,travelcamera,117,125,8,usefullifetips,13,11,-2,lovemygf,98,102,4,古生物,170,181,11,immersive,25,21,-4,larpersoftiktok,69,69,0,clearwave,168,175,7,,,,,donovanmitchell,43,57,14,futbol,17,17,0,interdimensional,149,149,0,tiktokshopdealsforyoudays,3,4,1,miniature,21,20,-1,getaway,36,38,2,motorsport,62,70,8,movement,147,150,3,bear,8,11,3
polo,163,166,3,essayhack,44,48,4,sasuke,40,38,-2,darkart,41,39,-2,motocross,41,49,8,toddlers,18,21,3,toddlers,18,21,3,lash,56,56,0,eyebrows,54,49,-5,uñas💅,74,71,-3,retirement,11,11,0,civilengineering,92,101,9,adultgamenight,159,161,2,civilengineering,92,101,9,seniorwalk,21,23,2,батек,139,141,2,marcorubio,141,147,6,pumas,58,62,4,familymeals,137,143,6,diypen,170,171,1,singaporeliondance,71,79,8,easydance,16,17,1,chemotherapy,17,16,-1,coffeebucket,164,166,2,scoopnscootery,155,160,5,motivacionpersonal,84,88,4,bts_official_bighit,41,39,-2,,,,,mrolympia,126,124,-2,khabibnurmagomedov,129,134,5,nephews,104,109,5,retirement,11,11,0,bentobox,9,11,2,coffeetime,79,81,2,orlandofood,163,160,-3,headphone,129,130,1,horrorgame,118,121,3,prague,57,59,2,summerhair,60,58,-2,healthyaging,112,111,-1,healthyaging,112,111,-1,oldworld,55,57,2,bedroommakeover,65,65,0,bedroommakeover,65,65,0,mrsbench,25,24,-1,motivaciondeldia,123,129,6,boxingmachine,123,120,-3,craft,4,4,0,regenerativeagriculture,74,73,-1,gemini♊️,22,19,-3,theboys,2,2,0,ao3,83,91,8,wlw,7,6,-1,glutathione,45,46,1,backpiecetattoo,79,76,-3,jetski,5,6,1,fishinglure,68,69,1,tiktokshopfind,164,168,4,спектакль,188,190,2,mriljapiye😉,155,168,13,cuteanimals,29,28,-1,kucing,80,81,1,pictureinspo,152,160,8,tienich,60,58,-2,emotionalconnection,108,112,4,млечныйпуть,57,67,10,restockasmr,27,23,-4,cardmagic,95,95,0,websites,39,45,6,,,,,bluejays,60,74,14,okc,31,31,0,alienencounter,186,186,0,desksetup,15,16,1,mrsbench,25,24,-1,prague,57,59,2,yozma,92,100,8,gachalife,47,49,2,deepsea,20,23,3
urbanchic,164,167,3,matematicabasica,51,55,4,minions,44,42,-2,watercolorpainting,42,40,-2,carsales,42,50,8,babynames,22,25,3,babynames,22,25,3,diylashes,63,63,0,hairextensions,55,50,-5,nudenails,110,107,-3,dollargeneral,12,12,0,oilandgas,108,117,9,beachgames,173,175,2,oilandgas,108,117,9,graduationday,25,27,2,millennialhumor,152,154,2,benjaminnetanyahu,174,180,6,horsegirl,96,100,4,chickensalad,168,174,6,globospersonalizados,184,185,1,獅人派隊,75,83,8,hiphopdance,33,34,1,rockhound,41,40,-1,ad21,191,193,2,zaxbys,38,42,4,weirdtok,119,123,4,plaqueboymax,52,50,-2,,,,,smallwaist,134,132,-2,racecars,168,173,5,birthtrauma,108,113,5,dollargeneral,12,12,0,catering,14,16,2,pizzalover,127,129,2,houstonfoodspots,178,175,-3,headset,135,136,1,texting,124,127,3,oceanview,70,72,2,fulanibraids,100,98,-2,foothealth,123,122,-1,foothealth,123,122,-1,defensalegal,65,67,2,backyardgarden,95,95,0,backyardgarden,95,95,0,fidgettoy,31,30,-1,life_lessons,186,192,6,disneyparks,6,2,-4,homehacks,8,8,0,ganaderia,26,24,-2,lovespell,26,23,-3,youngsheldon,3,3,0,electricguitar,111,119,8,theboys,8,7,-1,carolinaherrera,55,56,1,blackinktattoo,115,112,-3,ebikes,12,13,1,spearfishing,70,71,1,toryburch,169,173,4,huapangos,7,8,1,สาวพิโลก,181,194,13,funnydogs,30,29,-1,ferret,98,99,1,pixprofz55,162,170,8,tipsparaelhogar,76,74,-2,seduccion,144,148,4,funwithscience,95,105,10,cleaningasmr,34,30,-4,froppy,117,117,0,widgets,40,46,6,,,,,sportstok,73,87,14,fish,32,32,0,creepy,4,3,-1,earbuds,23,24,1,fidgettoy,31,30,-1,oceanview,70,72,2,cateye,94,102,8,gamingsetup,51,53,2,animalfacts,22,25,3
tiktokshopfind,169,172,3,upsa,53,57,4,mangaedit,65,63,-2,originalart,51,49,-2,motos,61,69,8,firstborn,23,26,3,firstborn,23,26,3,hyaluronicacid,80,80,0,knotlessbraids,57,52,-5,shortnailinspo,122,119,-3,stockmarket,13,13,0,bagger,110,119,9,hiddenmoney,176,178,2,bagger,110,119,9,alumni,30,32,2,yuntietia,169,171,2,sayhername,186,192,6,fútbol,176,180,4,buldak,26,31,5,craft,1,1,0,大安西遊記,77,85,8,forro,34,35,1,tourettesyndrome,65,64,-1,icedcoffee,5,6,1,iceeating,93,97,4,abogados,122,126,4,lngshot,70,68,-2,,,,,coreworkout,17,14,-3,bjj,48,52,4,mockingbirdstroller,132,137,5,stockmarket,13,13,0,traderjoesfoodreviews,15,17,2,friedchicken,128,130,2,birriatacos,23,19,-4,rgblights,173,174,1,imposter,146,149,3,flights,88,90,2,rizos,118,116,-2,musclerecovery,125,124,-1,musclerecovery,125,124,-1,custodia,77,79,2,rental,109,109,0,rental,109,109,0,supermariologan,33,32,-1,智慧人生,95,100,5,themepark,8,4,-4,diycrafts,38,38,0,horselovers,68,66,-2,proteccion,37,34,-3,film,4,4,0,editaudios,112,120,8,animation,9,8,-1,africannetsponge,72,73,1,حناء,162,159,-3,aircraft,14,15,1,fishingtok,71,72,1,summeroutfitinspo,195,199,4,viraldance,8,9,1,terryfundz,40,52,12,adorable,53,52,-1,cutepuppy,101,102,1,beginnercamera,192,200,8,floorbrush,40,37,-3,5050,157,161,4,تبسيط_علوم,139,149,10,visualasmr,44,40,-4,jestercosplay,170,170,0,aiforbusiness,45,51,6,,,,,lsufootball,99,113,14,fight,36,36,0,misterio,15,14,-1,smarthome,32,33,1,supermariologan,33,32,-1,flights,88,90,2,enduro,118,126,8,120fps,78,80,2,opossum,82,85,3
toryburch,174,177,3,atiteas7,55,59,4,tweening,118,116,-2,whimsicalart,57,55,-2,yozma,81,89,8,natsuki,37,40,3,natsuki,37,40,3,clusters,102,102,0,diylashes,181,176,-5,easynailart,136,133,-3,savings,16,16,0,paving,130,139,9,youwin,193,195,2,paving,130,139,9,classof2028,31,33,2,hilarious,12,13,1,bodycamera,188,194,6,8ballpool,195,199,4,dumpling,34,39,5,crafts,2,2,0,普濟殿,102,110,8,wcs,48,49,1,hoodvlog,93,92,-1,coconutwater,7,8,1,fruittok,99,103,4,classof2023,136,140,4,lisa,73,71,-2,,,,,arms,29,26,-3,undertaker,51,55,4,pregnancypillow,139,144,5,savings,16,16,0,snacktok,16,18,2,traderjoeshaul,148,150,2,sushilover,32,28,-4,iphone,1,1,0,movement,153,156,3,travelguide,100,102,2,flipoverquickweave,158,156,-2,vidasana,137,136,-1,vidasana,137,136,-1,losangeleshistory,79,81,2,apartmentforrent,169,169,0,apartmentforrent,169,169,0,watergun,50,49,-1,karmicjustice,98,103,5,waltdisneyworld,10,6,-4,dailyroutine,39,39,0,geeseoftiktok,80,78,-2,flowartist,117,114,-3,euphoria,5,5,0,letrasdecanciones,164,172,8,lyrics,11,10,-1,luxuryfragrance,88,89,1,bodymods,33,29,-4,boats,20,21,1,pondfishing,92,93,1,summerlooks,38,41,3,poletok,10,11,1,comedianne,73,85,12,horsegirl,70,69,-1,bullybreeds,128,129,1,gimbal,36,43,7,solucoes,43,40,-3,happilymarried,160,164,4,eksperimenseru,164,174,10,asmrskincare,54,50,-4,dokidokicosplay,195,195,0,homescreen,53,59,6,,,,,ryanwilliams,145,159,14,gymgirl,39,39,0,horrorstories,23,22,-1,googlechrome,35,36,1,watergun,50,49,-1,travelguide,100,102,2,racecar,137,145,8,роблокс,82,84,2,moth,128,131,3
summerlooks,42,44,2,tyt,65,69,4,alightmotion,31,28,-3,paintedbanner,74,72,-2,cateye,83,91,8,mibebe,58,61,3,mibebe,58,61,3,nyxcosmeticspartner,103,103,0,perfumes,53,47,-6,beachnails,150,147,-3,credit,17,17,0,electricalwork,132,141,9,rockpaperscissors,2,3,1,electricalwork,132,141,9,8thgradegraduation,36,38,2,marriagehumor,13,14,1,disaster,50,55,5,casemiro,26,29,3,cookout,60,65,5,journaling,3,3,0,樸仔媽,120,128,8,dancevibes,57,58,1,stomabag,116,115,-1,dutchbros,8,9,1,japanesesnacks,105,109,4,nclextips,164,168,4,milk,90,88,-2,,,,,sleeperbuild,45,42,-3,wrestler,66,70,4,breastmilk,23,27,4,credit,17,17,0,traderjoesmusthaves,17,19,2,traderjoesfinds,163,165,2,kingcrab,56,52,-4,techtok,4,4,0,?gachallife💜même,159,162,3,romanticgetaway,104,106,2,wavyhairroutine,200,198,-2,pcos,9,7,-2,pcos,9,7,-2,historian,80,82,2,affordablehomedecor,191,191,0,affordablehomedecor,191,191,0,disneypins,53,52,-1,motivationalwords,99,104,5,epcot,12,8,-4,reunited,73,73,0,silkie,123,121,-2,sanación,138,135,-3,netflix,6,6,0,cnalife,184,192,8,film,14,13,-1,bodyglow,133,134,1,piercer,35,31,-4,ebikelife,21,22,1,campingtent,96,97,1,summerdress,63,66,3,pole,12,13,1,لولو🌸,103,114,11,bullybreeds,191,190,-1,dogsofinstagram,145,146,1,retrocamera,40,47,7,smarttips,46,43,-3,avoidantattachment,29,32,3,doğukanözkan,175,185,10,fastandaggressiveasmr,56,52,-4,masktok,5,4,-1,newapp,69,75,6,,,,,footballnews,161,175,14,dirtbike,59,59,0,ghosts,24,23,-1,bugzapper,47,48,1,disneypins,53,52,-1,romanticgetaway,104,106,2,bikersoftiktok,161,169,8,codm,91,93,2,mantaray,133,136,3
summerdress,67,69,2,digitalsathacks,67,71,4,adventuretime,34,31,-3,illustrationart,88,86,-2,enduro,106,114,8,дочка,137,140,3,дочка,137,140,3,koreanmakeup,104,104,0,diynails,62,56,-6,browardnailtech,177,174,-3,creditscore,30,30,0,insulation,189,198,9,tiktokgame,15,16,1,insulation,189,198,9,classmates,50,52,2,customerservice,18,19,1,prolife,78,83,5,cr7,41,44,3,рецепты,100,105,5,bouquet,4,4,0,典寶保英堂,184,192,8,contemporarydance,58,59,1,cozynight,125,124,-1,coffeeorder,33,34,1,viralsnacks,124,128,4,graduationtransition,179,183,4,freyaskye,92,90,-2,,,,,trainhard,96,93,-3,shuffleskating,102,106,4,pumping,53,57,4,creditscore,30,30,0,grocery,22,24,2,catering,193,195,2,ayce,78,74,-4,phone,5,5,0,gachalife,47,49,2,birthdaytrip,110,112,2,shorthair,26,23,-3,wellnessjourney,10,8,-2,wellnessjourney,10,8,-2,realhistory,127,129,2,homefinds,22,21,-1,homefinds,22,21,-1,prismaticevolutions,89,88,-1,yourblessingiscoming,151,156,5,fair,13,9,-4,36weekspregnant,137,137,0,cowcalf,135,133,-2,witchyvibes,33,29,-4,tvshow,7,7,0,dontoliver,36,43,7,memecut,15,14,-1,perfumesparamujer,158,159,1,tattoosession,83,79,-4,privatejet,30,31,1,deerseason,140,141,1,menswear,76,79,3,kpopdance,14,15,1,instagramzotavasilica,125,136,11,kitten,11,9,-2,fosterdog,156,157,1,photostrip,45,52,7,productosdelimpieza,47,44,-3,marriedcouple,33,36,3,химияегэ2026,66,75,9,hairplay,57,53,-4,junkoenoshima,20,19,-1,gammaai,94,100,6,,,,,fantasyfootball,70,83,13,fishinglife,66,66,0,scarytok,25,24,-1,techgadgets,54,55,1,prismaticevolutions,89,88,-1,birthdaytrip,110,112,2,carshow,174,182,8,caseoh,99,101,2,estespark,175,178,3
menswear,80,82,2,bac2026,74,78,4,sonic,39,36,-3,diamondpaintingtiktok,110,108,-2,carshow,157,165,8,แม่สุ,185,188,3,แม่สุ,185,188,3,koreanlashlift,132,132,0,darkspots,79,73,-6,nailsartvideos,13,9,-4,dollargeneraldeals,61,61,0,heavymachinery,55,63,8,boardgame,16,17,1,heavymachinery,55,63,8,lastweekofschool,53,55,2,couplescomedy,20,21,1,realcrime,129,134,5,river,65,68,3,garlic,132,137,5,crafty,12,12,0,有亮點,44,51,7,newtiktokdance,103,104,1,visualdiary,174,173,-1,whiskey,40,41,1,fufuandegusi,138,142,4,последнийзвонок,8,11,3,alexdougherty,96,94,-2,,,,,weights,104,101,-3,самокат,103,107,4,parentinghacks,14,17,3,dollargeneraldeals,61,61,0,fridgerestock,29,31,2,coffee,3,4,1,newyorkfood,85,81,-4,samsung,6,6,0,gamingsetup,51,53,2,beachresort,115,117,2,hairgrowthtips,28,25,-3,magnesium,12,10,-2,magnesium,12,10,-2,seguridadsocial,168,170,2,outdoorliving,26,25,-1,outdoorliving,26,25,-1,rubberducky,119,118,-1,nickvujicic,16,20,4,cedarpoint,25,21,-4,sobrietyjourney,167,167,0,wildhorse,164,162,-2,signos,43,39,-4,drama,12,12,0,fakebody,41,48,7,starwars,32,31,-1,perfume,1,1,0,حنه,136,132,-4,macfox,47,48,1,stripedbassfishing,147,148,1,bridetobe,77,80,3,bellydance,17,18,1,clarapinky8,85,95,10,chihuahua,35,33,-2,funnypuppy,193,194,1,fotografo,53,60,7,cleanhometips,53,50,-3,destinationwedding,35,38,3,dailyfact,72,81,9,sleepasmr,58,54,-4,masked,25,24,-1,polloai,95,101,6,,,,,thunderup,116,129,13,rollercoaster,72,72,0,disclosure,27,26,-1,phonerepair,87,88,1,rubberducky,119,118,-1,beachresort,115,117,2,ridstar,184,192,8,tweening,113,115,2,catchthesea,178,181,3
bridetobe,81,83,2,nclexhelp,96,100,4,deku,46,43,-3,flowerart,137,135,-2,ridstar,166,174,8,บีกิน,186,189,3,บีกิน,186,189,3,lashmap,140,140,0,beginnernailtech,89,83,-6,nailtutorial,15,11,-4,laundromat,62,62,0,drywallfinisher,59,67,8,partygame,22,23,1,drywallfinisher,59,67,8,endofschool,61,63,2,scareprank,32,33,1,truecrimestories,68,72,4,stl,71,74,3,viralstories,154,159,5,origami,18,18,0,0728,58,65,7,sonidero,114,115,1,payitforward,19,17,-2,hennessy,45,46,1,candyhaul,166,170,4,historyfacts,22,25,3,summyah,102,100,-2,,,,,dreambody,133,130,-3,skatepark,106,110,4,firstborn,16,19,3,laundromat,62,62,0,candiedgrapes,35,37,2,foodtok,4,5,1,atlantarestaurants,139,135,-4,iphonecase,7,7,0,120fps,79,81,2,vacationrental,130,132,2,hairtips,33,30,-3,gummies,17,15,-2,gummies,17,15,-2,knowyourhistory,186,188,2,homeessentials,27,26,-1,homeessentials,27,26,-1,megaevolution,140,139,-1,motivasihidup,59,63,4,disneyvacation,28,24,-4,babyregistrymusthaves,176,176,0,caballos,4,1,-3,tarotespiritual,71,67,-4,jtvjember,18,18,0,lildurk,51,58,7,ilovemybf,41,40,-1,fragrance,2,2,0,handtattoos,140,136,-4,yachtlife,63,64,1,anglerlife,149,150,1,runway,115,118,3,turns,34,35,1,musicmindreader,94,104,10,germanshepherd,36,34,-2,cat,1,1,0,fujifilmx100vi,55,62,7,repelentenatural,67,64,-3,smalltownromance,50,53,3,conjuncion,86,95,9,satysfying,83,79,-4,dinomask,33,32,-1,freeaitools,116,122,6,,,,,nyknicks,25,37,12,formula1,75,75,0,hauntedplaces,45,44,-1,smartring,105,106,1,megaevolution,140,139,-1,vacationrental,130,132,2,sportbike,190,198,8,horrorgame,115,117,2,animalworld,42,44,2
summersandals,145,147,2,pythagoreantheorem,102,106,4,haikyuu,60,57,-3,artworkout,17,14,-3,sportbike,172,180,8,บีกัน,187,190,3,บีกัน,187,190,3,dralthea,152,152,0,trim,44,37,-7,acrylicnails,16,12,-4,greed,65,65,0,windowcleaner,69,77,8,funnygames,24,25,1,windowcleaner,69,77,8,graudation,62,64,2,jumpscare,38,39,1,copoftiktok,120,124,4,gospursgo,98,101,3,vegan,37,41,4,clayart,19,19,0,康元帥,74,81,7,dance,1,1,0,birthdayweekend,72,70,-2,icedcoffeeathome,50,51,1,candyreview,34,37,3,mathematics,24,27,3,billieeilishedits,123,121,-2,,,,,glutegrowth,28,24,-4,daleearnhardt,111,115,4,pumpwithme,18,21,3,greed,65,65,0,sproutsfarmersmarket,40,42,2,foodtiktok,5,6,1,austinfoodie,199,195,-4,headphones,9,9,0,роблокс,83,85,2,travelreels,132,134,2,fade,39,36,-3,glp1,23,21,-2,glp1,23,21,-2,napoleonicwars,30,31,1,cozyhome,32,31,-1,cozyhome,32,31,-1,plushies,24,22,-2,inspiraciondiaria,78,82,4,epicuniverseorlando,30,26,-4,kodakpixprofz55,195,195,0,cows,5,2,-3,witchtips,75,71,-4,horrormovie,21,21,0,juicewrld,64,71,7,dacademyindosiar,49,48,-1,perfumetiktok,3,3,0,piercingtips,188,184,-4,aviones,79,80,1,fishing,1,1,0,summersandals,140,143,3,polefitness,39,40,1,riyantitrisya,82,91,9,caballos,43,41,-2,dogsoftiktok,2,2,0,gradphotoshoot,68,75,7,claning,139,136,-3,futurehusband,85,88,3,تحت_المجهر,89,98,9,headmassager,136,132,-4,mikucosplay,35,34,-1,trucodewhatsapp,136,142,6,,,,,johnnymanziel,38,50,12,campinglife,83,83,0,kanepixels,46,45,-1,techreview,111,112,1,plushies,24,22,-2,travelreels,132,134,2,mercedes,26,33,7,texting,120,122,2,wasp,52,54,2
sheinhaul,197,199,2,becasdelgobierno,133,137,4,otaku,61,58,-3,художник,27,24,-3,mercedes,24,31,7,newmom,5,7,2,newmom,5,7,2,skintok,18,17,-1,lipgloss,45,38,-7,manicure,19,15,-4,starbuckscoffee,121,121,0,hardscape,90,98,8,tictactoe,27,28,1,hardscape,90,98,8,ksu,71,73,2,parodia,58,59,1,crimedocumentary,144,148,4,barrelracer,108,111,3,healthyeating,49,53,4,handmadecraft,23,23,0,沙淘太子,122,129,7,dancechallenge,2,2,0,nyclifestyle,73,71,-2,bourbon,62,63,1,trufrupartner,40,43,3,abogadadeinmigracion,57,60,3,iconicmoments,162,160,-2,,,,,pushupboard,65,61,-4,steez,191,195,4,bigfamily,22,25,3,starbuckscoffee,121,121,0,grazingtable,82,84,2,baking,7,8,1,chickentenders,28,23,-5,iphone17promax,11,11,0,mortalkombat1,99,101,2,scenicviews,174,176,2,halfwig,55,52,-3,biohacking,26,24,-2,biohacking,26,24,-2,warhistory,43,44,1,yardwork,38,37,-1,yardwork,38,37,-1,packing,27,25,-2,sucessmindset,88,92,4,islandsofadventure,44,40,-4,girldad,6,5,-1,duck,6,3,-3,quantumleap,85,81,-4,jacobelordi,40,40,0,اغاني,73,80,7,ilovemygf,63,62,-1,tanning,4,4,0,tattooart,16,11,-5,ninebot,81,82,1,outdoors,2,2,0,sheinhaul,192,195,3,danca,56,57,1,kawaykaway,148,157,9,squirrel,48,46,-2,catsoftiktok,3,3,0,productphotographer,75,82,7,goodthingsathome,193,190,-3,divorcelawyer,101,104,3,physicsstudent,119,128,9,rugwashing,153,149,-4,yunogasai,44,43,-1,aitool,24,29,5,,,,,oklahomacitythunder,56,68,12,stephoncastle,90,90,0,ovnis,49,48,-1,fitnesstracker,181,182,1,packing,27,25,-2,scenicviews,174,176,2,trucking,36,43,7,rockstargames,125,127,2,seacreatures,53,55,2
summeroutfits,21,22,1,огэматематика,6,9,3,simpsons,62,59,-3,mural,40,37,-3,trucking,32,39,7,mamaprimeriza,9,11,2,mamaprimeriza,9,11,2,glowyskin,29,28,-1,pedicure,46,39,-7,gelnails,25,21,-4,segurodevida,166,166,0,classroomsetup,124,132,8,fungame,31,32,1,classroomsetup,124,132,8,ptschool,83,85,2,lustig,87,88,1,uscis,38,41,3,barrelracing,142,145,3,cinnamonroll,63,67,4,diygift,25,25,0,朴子配天宮,38,44,6,dancetrend,3,3,0,late20s,86,84,-2,proteincoffee,76,77,1,jamesbola,42,45,3,classof27,69,72,3,throughtheyears,196,194,-2,,,,,dicipline,86,82,-4,motorsport,22,25,3,bumpdate,49,52,3,segurodevida,166,166,0,almonddaughter,95,97,2,easyrecipes,14,15,1,hotpot,40,35,-5,robot,12,12,0,rockstargames,130,132,2,girlstrip,10,11,1,batanaoil,65,62,-3,healthandwellness,29,27,-2,healthandwellness,29,27,-2,hiddeninplainsight,57,58,1,forrent,50,49,-1,forrent,50,49,-1,stuffedanimal,60,58,-2,meir9ether,91,95,4,knotts,45,41,-4,pregnancyjourney,10,9,-1,horsegirl,7,4,-3,lightworker,134,130,-4,aestheticedits,50,50,0,talkingstage,122,129,7,digitalart,68,67,-1,cologne,5,5,0,hennaart,24,19,-5,specialized,97,98,1,fish,3,3,0,glasses,23,25,2,chachacha,58,59,1,batngongotngao,66,74,8,duck,56,54,-2,animals,4,4,0,cameragear,30,36,6,staintreater,45,41,-4,agegapromance,159,162,3,fizyka,146,155,9,spongesqueezing,32,27,-5,genshincosplay,45,44,-1,bemyeyes,34,39,5,,,,,nflhistory,72,84,12,memphis,100,100,0,urbanlegends,54,53,-1,applewallpaper,182,183,1,stuffedanimal,60,58,-2,girlstrip,10,11,1,newcar,44,51,7,pro,160,162,2,hedgehog,124,126,2
glasses,26,27,1,phonics,7,10,3,hunterxhunter,63,60,-3,weirdart,61,58,-3,emoto,49,56,7,babymusthaves,12,14,2,babymusthaves,12,14,2,drugstoremakeup,45,44,-1,hairloss,48,41,-7,frenchtipnails,26,22,-4,racks,191,191,0,cosecha,171,179,8,braingame,37,38,1,cosecha,171,179,8,incomingfreshman,93,95,2,funnyjoke,120,121,1,blackamericans,137,140,3,drunktok,185,188,3,comidacasera,112,116,4,easydiy,26,26,0,斗六新興宮,81,87,6,dances,4,4,0,mecfs,87,85,-2,coffeetalk,137,138,1,pregnancycraving,44,47,3,planeta,70,73,3,cortis,17,14,-3,,,,,pullday,148,144,-4,backflip,53,56,3,3rdtrimester,62,65,3,racks,191,191,0,welchsfruitsnacks,96,98,2,comida,15,16,1,chicharron,68,63,-5,powerbank,15,15,0,кс2,179,181,2,viajes,16,17,1,karseell,123,120,-3,ghkcu,34,32,-2,ghkcu,34,32,-2,ancienttechnology,97,98,1,mowing,61,60,-1,mowing,61,60,-1,babytoys,61,59,-2,persistencia,51,54,3,silverdollarcity,59,55,-4,fatherdaughter,12,11,-1,stallion,24,21,-3,водолей,170,166,-4,supernatural,57,57,0,hugopelaez,134,141,7,asmrsounds,72,71,-1,fragrancetiktok,6,6,0,tatto,25,20,-5,tractorlife,116,117,1,camping,4,4,0,heels,28,30,2,danceinspo,72,73,1,급찐자의고백,115,123,8,gatos,64,62,-2,cats,5,5,0,canonsx740hs,34,40,6,smarthacks,63,59,-4,highschoolsweethearts,13,15,2,físicadivertida,156,165,9,asmrtingles,33,28,-5,therianmask,54,53,-1,aitutorial,36,41,5,,,,,widereciever,149,161,12,jamorant,113,113,0,paranormalinvestigation,73,72,-1,capcutpioneer,1,1,0,babytoys,61,59,-2,viajes,16,17,1,motocross,46,53,7,gamingnews,166,168,2,animalcomedy,163,165,2
summerfashion,33,34,1,matematica,9,12,3,ddlc,70,67,-3,رسم,72,69,-3,tuttio,60,67,7,babyessentials,14,16,2,babyessentials,14,16,2,summermakeup,49,48,-1,curlyhairroutine,49,42,-7,маникюр,27,23,-4,ecommerce,10,9,-1,mining,44,51,7,partycups,45,46,1,mining,44,51,7,shs,111,113,2,imdead,167,168,1,inmigracionusa,155,158,3,pepguardiola,187,190,3,cake,3,6,3,scrapbookingideas,33,33,0,北港媽祖,114,120,6,ballet,5,5,0,diaryentry,195,193,-2,matchalatterecipe,169,170,1,foodcombo,119,122,3,scienceexperiment,109,112,3,alabamabarker,20,17,-3,,,,,turkesterone,178,174,-4,charlesleclerc,72,75,3,pregnantmom,92,95,3,ecommerce,10,9,-1,farmersmarkethaul,198,200,2,yummy,16,17,1,fresasconcrema,82,77,-5,keyboard,18,18,0,forzahorizon6,8,9,1,travelbucketlist,17,18,1,dryhair,141,138,-3,fertility,37,35,-2,fertility,37,35,-2,bpc,121,122,1,bathroomdecor,67,66,-1,bathroomdecor,67,66,-1,albumpanini,74,72,-2,laughhard__,56,59,3,supernintendoworld,60,56,-4,bouquet,15,14,-1,caballo,29,26,-3,susie,171,167,-4,smallville,69,69,0,treatyoakrevival,136,143,7,horrortok,78,77,-1,bodycare,7,7,0,blackworktattoo,41,36,-5,conversionkit,126,127,1,fishtok,5,5,0,summerfashion,29,31,2,forronotiktok,92,93,1,haohaoin,123,131,8,maltipoo,132,130,-2,pet,6,6,0,portraits,58,64,6,repelentedemosquitos,91,87,-4,weddinginspo,18,20,2,planètes,158,167,9,removal,39,34,-5,cosplaylife,56,55,-1,digitalprivacy,38,43,5,,,,,nfledit,78,89,11,horsegirl,163,163,0,povhorror,80,79,-1,iphone,2,2,0,albumpanini,74,72,-2,travelbucketlist,17,18,1,motos,68,75,7,кс2,172,174,2,bird,3,4,1
temufinds,34,35,1,геометрия,20,23,3,mhaedit,137,134,-3,popart,85,82,-3,ram,68,75,7,bebestiktoks,25,27,2,bebestiktoks,25,27,2,brightening,89,88,-1,haircolor,50,43,-7,pinknails,34,30,-4,fascia,35,34,-1,forklift,46,53,7,quizz,57,58,1,forklift,46,53,7,1школа,160,162,2,taycapone,172,173,1,davionflanagan,11,13,2,nbaplayoffs,7,9,2,bbq,9,12,3,crochetpattern,39,39,0,全台開基永華宮,129,135,6,dancetok,8,8,0,longdistancefriendship,12,9,-3,coffee,1,1,0,jerseymikes,21,23,2,matematicas,143,146,3,jungkook,21,18,-3,,,,,functional,183,179,-4,gokart,123,126,3,stepdad,10,12,2,fascia,35,34,-1,aldi,7,8,1,cookies,20,21,1,cafedumonde,149,144,-5,summerturnup,20,20,0,jjs,23,24,1,resort,25,26,1,freeforms,45,41,-4,supplement,53,51,-2,supplement,53,51,-2,funfactstoknow,148,149,1,vanitymirror,104,103,-1,vanitymirror,104,103,-1,nicecube,99,97,-2,dailypositivity,67,70,3,sixflagsovertexas,92,88,-4,spendthedaywithme,16,15,-1,gallinas,36,33,-3,scorpion,27,22,-5,jensenackles,102,102,0,letras,145,152,7,realitytv,81,80,-1,hairremoval,8,8,0,татуировка,50,45,-5,aircraftmechanic,143,144,1,bassfishing,6,6,0,temufinds,30,32,2,misxvaños,125,126,1,hallo🦋🦋,165,173,8,frenchie,33,30,-3,goldenretriever,7,7,0,michiganphotographer,66,72,6,dodungnhatam,95,91,-4,lahmike,32,34,2,sistemsuria,167,176,9,personalattention,41,36,-5,grannyseiko,81,80,-1,dataprivacy,48,53,5,,,,,atlantadream,101,112,11,gospursgo,167,167,0,assustador,111,110,-1,techtok,5,5,0,nicecube,99,97,-2,resort,25,26,1,ram,75,82,7,limbuscompany,192,194,2,squirrel,11,12,1
sewing,52,53,1,профиль,28,31,3,3danimation,20,16,-4,ceramica,117,114,-3,trucklife,69,76,7,babyproducts,27,29,2,babyproducts,27,29,2,clinique,93,92,-1,makeuproutine,69,62,-7,almondnails,35,31,-4,investingforbeginners,36,35,-1,workwithme,48,55,7,boardgametok,62,63,1,workwithme,48,55,7,graduationcelebration,193,195,2,francoescamilla,181,182,1,whitehouse,15,17,2,okc,20,22,2,steak,12,15,3,flowerbouquet,44,44,0,路關頭,150,156,6,huapangos,11,11,0,quietlife,14,11,-3,matcha,2,2,0,eatingasmr,26,28,2,speedoflight,168,171,3,kaicenat,24,21,-3,,,,,crossfit,36,31,-5,freediving,138,141,3,childloss,11,13,2,investingforbeginners,36,35,-1,traderjoesfinds,11,12,1,drinks,22,23,1,chicagofood,31,25,-6,solarlights,30,30,0,twitchstreamer,40,41,1,beachvacation,41,42,1,hairtransition,50,46,-4,brackets,62,60,-2,brackets,62,60,-2,forbiddenknowledge,160,161,1,renterfriendly,118,117,-1,renterfriendly,118,117,-1,barbiedoll,110,108,-2,henryposton,73,76,3,wdwtiktok,196,192,-4,photobooth,17,16,-1,horseshow,41,38,-3,exback,35,30,-5,theoffice,107,107,0,paradedicar,66,72,6,blonde,92,91,-1,perfumes,9,9,0,lasertattooremoval,69,64,-5,boatsgonewild,158,159,1,fishinglife,7,7,0,sewing,48,50,2,dance,1,1,0,elayne,43,50,7,frenchbulldog,38,35,-3,pets,10,10,0,fujifilmxm5,98,104,6,ovenclean,28,23,-5,loveofmylife💍,47,49,2,fisicaquantistica,177,186,9,notalkingasmr,43,38,-5,bombdevil,188,187,-1,github,62,67,5,,,,,jalenhurts,133,144,11,pitcher,173,173,0,misteriosreales,140,139,-1,capcutforus,6,6,0,barbiedoll,110,108,-2,beachvacation,41,42,1,carhacks,91,98,7,fannymoment,194,196,2,jumpingspider,47,48,1
memorialdaysale,60,61,1,atiteas,29,32,3,animationmeme,23,19,-4,coloringtok,123,120,-3,carhacks,80,87,7,msrachel,29,31,2,msrachel,29,31,2,hourglass,130,129,-1,bohobraids,78,71,-7,frenchtip,42,38,-4,amazonfbaseller,38,37,-1,стройка,79,86,7,chessstrategy,171,172,1,стройка,79,86,7,последнийзвонок,8,9,1,meme,1,1,0,accident,18,20,2,sadiomane,28,30,2,homemade,13,16,3,moneylei,46,46,0,leduthan,16,21,5,viraldance,12,12,0,ditlofamom,28,25,-3,drinks,3,3,0,asmrmukbang,30,32,2,humanbody,50,52,2,survivor,28,25,-3,,,,,waist,46,41,-5,surftok,165,168,3,embarazada,13,15,2,amazonfbaseller,38,37,-1,potluck,27,28,1,kitchenhacks,32,33,1,disneyfood,36,30,-6,phoneaccessories,33,33,0,robloxgames,41,42,1,staycation,42,43,1,bobhaircut,114,110,-4,magnesiumbenefits,63,61,-2,magnesiumbenefits,63,61,-2,wills,166,167,1,dresser,164,163,-1,dresser,164,163,-1,viraltoys,131,129,-2,wisewords,14,16,2,wdw,15,10,-5,ttc,18,17,-1,minihighlandcow,67,64,-3,witches,38,33,-5,starwarsedit,118,118,0,suno,86,92,6,demonslayer,93,92,-1,waxing,10,10,0,pierce,101,96,-5,airboat,163,164,1,campinglife,8,8,0,memorialdaysale,56,58,2,dancechallenge,2,2,0,🐆♥️,50,57,7,snake,42,39,-3,dogmom,11,11,0,canonphotography,102,108,6,redhut,51,46,-5,weddingdecor,48,50,2,humanbiology,19,27,8,vacuumasmr,50,45,-5,convention,15,13,-2,facebooktips,114,119,5,,,,,michaelbeasley,35,45,10,bananaball,198,198,0,terrifying,33,31,-2,phone,7,7,0,viraltoys,131,129,-2,staycation,42,43,1,cardealership,104,111,7,evelone,195,197,2,beetles,127,128,1
accessories,69,70,1,matemáticas,35,38,3,attackontitan,25,21,-4,writingvideos,131,128,-3,cardealership,93,100,7,auntielife,44,46,2,auntielife,44,46,2,browtint,135,134,-1,lipliner,95,88,-7,nailsdesign,48,44,-4,businessgrowth,49,48,-1,irrigation,117,124,7,gamenight,1,1,0,irrigation,117,124,7,endofschoolyear,16,17,1,memecut,2,2,0,inmigrantes,19,21,2,sga,32,34,2,cocina,19,22,3,pipecleaners,54,54,0,0308,21,26,5,tiktokdances,13,13,0,sobrietyjourney,31,28,-3,coffeetiktok,4,4,0,muckbang,32,34,2,lastyear,128,130,2,adinross,38,35,-3,,,,,merach,51,46,-5,jiujitsugrappling,172,175,3,grieftok,20,22,2,businessgrowth,49,48,-1,candysalad,33,34,1,dutchbros,35,36,1,thingstodoinchicago,42,36,-6,flashlight,36,36,0,bmf,42,43,1,traveldeals,59,60,1,barba,129,125,-4,dentures,86,84,-2,dentures,86,84,-2,historytok,1,1,0,apartment,20,18,-2,apartment,20,18,-2,rcplane,143,141,-2,stoicmindset,30,32,2,playground,34,29,-5,digicam,21,20,-1,raisingchickens,75,72,-3,spellwork,54,49,-5,modernfamily,127,127,0,vocals,94,100,6,kaicenat,137,136,-1,smellgood,11,11,0,customtattoo,121,116,-5,ebike,1,1,0,outdoor,9,9,0,accessories,65,67,2,dancetrend,3,3,0,kayganda,74,81,7,cows,52,49,-3,kitty,12,12,0,iphoneaesthetic,163,169,6,dishcloth,52,47,-5,sportsromance,52,54,2,scince,52,60,8,notalking,76,71,-5,maskedman,17,15,-2,winkapp,154,159,5,,,,,nfledits,51,61,10,fitness,8,7,-1,mysteries,53,51,-2,samsung,8,8,0,rcplane,143,141,-2,traveldeals,59,60,1,polo,107,114,7,forzahorizon6,8,9,1,otters,144,145,1
tanktop,73,74,1,algebra2,36,39,3,chud,50,46,-4,oldart,164,161,-3,polo,96,103,7,6months,71,73,2,6months,71,73,2,amazonbeauty,179,178,-1,ponytail,97,90,-7,healthynails,57,53,-4,retirementplanning,51,50,-1,jobmarket,31,37,6,guessinggame,5,5,0,jobmarket,31,37,6,valedictorian,19,20,1,skit,3,3,0,policia,47,49,2,worldcup2026,35,37,2,kitchengadgets,23,26,3,floristoftiktok,89,89,0,遶境大典,45,50,5,trailride,20,20,0,sololiving,48,45,-3,drinktok,20,20,0,crunchyasmr,33,35,2,ksu,130,132,2,illit,39,36,-3,,,,,ejercicioencasa,53,48,-5,parasailing,189,192,3,newmomtips,26,28,2,retirementplanning,51,50,-1,fridgeorganization,34,35,1,kitchengadgets,49,50,1,nycthingstodo,61,55,-6,honor,55,55,0,server,50,51,1,weekendgetaway,61,62,1,frenchcurlbraids,130,126,-4,pcosawareness,94,92,-2,pcosawareness,94,92,-2,blackhistory,2,2,0,cleaningtiktok,21,19,-2,cleaningtiktok,21,19,-2,hotwheelscollections,153,151,-2,gentlereminders,117,119,2,disneycaliforniaadventure,35,30,-5,scrapbooking,22,21,-1,americarunsondunkin,84,81,-3,kendama,66,61,-5,gilmoregirls,135,135,0,partynextdoor,100,106,6,netflix,19,17,-2,colognetiktok,12,12,0,tinytattoos,129,124,-5,boat,2,2,0,bushcraft,10,10,0,tanktop,69,71,2,ballet,4,4,0,medangrils🏴‍☠️🏴‍☠️,91,98,7,labrador,67,64,-3,cattok,20,20,0,фотостудия,165,171,6,cleaningcloth,54,49,-5,groom,56,58,2,anatomiaplena,109,117,8,asmrscratching,82,77,-5,cardistry,29,27,-2,nocode,73,77,4,,,,,joeburrow,68,78,10,ufc,14,13,-1,haunteddoll,63,61,-2,iphonecase,9,9,0,hotwheelscollections,153,151,-2,weekendgetaway,61,62,1,dealershiplife,131,138,7,jjs,23,24,1,coati,186,187,1
summeroutfit,76,77,1,flashcards,37,40,3,alienstage,54,50,-4,bannerpainting,15,11,-4,racecar,122,129,7,babyregistrymusthaves,80,82,2,babyregistrymusthaves,80,82,2,vtcosmetics,189,188,-1,волосы,114,107,-7,trendynails,65,61,-4,blockchain,137,136,-1,housekeeping,34,40,6,imposter,7,7,0,housekeeping,34,40,6,graduationseason,34,35,1,memes,4,4,0,childsupport,61,63,2,swimming,44,46,2,healthyrecipes,25,28,3,diygifts,95,95,0,三鎮廣澤尊王,141,146,5,dancetrends,28,28,0,mycancerjourney,70,67,-3,starbucksathome,48,48,0,foodchallege,46,48,2,napoleonicwars,146,148,2,puka,40,37,-3,,,,,reformerpilates,77,72,-5,maxverstappen,21,23,2,reunited,34,36,2,blockchain,137,136,-1,mexicancandy,38,39,1,noodles,87,88,1,eatlocal,77,71,-6,iphone16,58,58,0,1v1,125,126,1,hotelreview,79,80,1,microlocs,132,128,-4,medical,8,5,-3,medical,8,5,-3,historyfacts,3,3,0,decoration,31,29,-2,decoration,31,29,-2,toddlerplay,172,170,-2,smileandwave,174,176,2,disneytrip,42,37,-5,nycweather,25,24,-1,aviculture,108,105,-3,cartas,74,69,-5,georgieandmandy,15,14,-1,numetal,102,108,6,horror,20,18,-2,deodorant,13,13,0,tattoideas,150,145,-5,boating,7,7,0,pesca,14,14,0,summeroutfit,72,74,2,moonwalk,5,5,0,xuhuongtrieuviewcaonhattiktok,100,107,7,perro,87,84,-3,dachshund,21,21,0,jcpenneyphotoshoot,51,56,5,greasecleaner,65,60,-5,infidelity,77,79,2,ميكروسكوب,121,129,8,whispers,168,163,-5,cosplaydance,39,37,-2,aiwritingtools,79,83,4,,,,,aaronjudge,80,90,10,messi,35,34,-1,vidaenusa🇺🇸,77,75,-2,iphone17promax,13,13,0,toddlerplay,172,170,-2,hotelreview,79,80,1,carbuyingtips,160,167,7,twitchstreamer,40,41,1,junglelife,189,190,1
flipflops,88,89,1,матеша,38,41,3,lightyagami,58,54,-4,traditionalart,22,18,-4,carbuyingtips,144,151,7,girlnames,85,87,2,girlnames,85,87,2,eyebrows,16,14,-2,drugstoremakeup,137,130,-7,vacationnails,83,79,-4,web3,142,141,-1,homerepair,36,42,6,familygames,8,8,0,homerepair,36,42,6,graduationspeech,78,79,1,мем,5,5,0,landslide,87,89,2,coberturacazétv,51,53,2,mealideas,30,33,3,diycrafts,9,8,-1,0503,37,41,4,dancepartner,38,38,0,thingsilove,96,93,-3,cerveza,71,71,0,sistersisterz,64,66,2,warhistory,188,190,2,2xrakai,44,41,-3,,,,,dips,119,114,-5,surfing,55,57,2,estrangedparents,61,63,2,web3,142,141,-1,vintagecake,43,44,1,drinktok,91,92,1,caribbeanfood,102,96,-6,vivo,63,63,0,fleethefacilityroblox,152,153,1,adventuretravel,84,85,1,keratintreatment,134,130,-4,perimenopause,16,13,-3,perimenopause,16,13,-3,darkhistory,4,4,0,backyard,35,33,-2,backyard,35,33,-2,magicthegathering,30,27,-3,lifequote,21,22,1,disneyrides,43,38,-5,parentloss,30,29,-1,guineafowl,110,107,-3,remoteviewing,100,95,-5,sheldon,17,16,-1,acapella,107,113,6,tvshow,21,19,-2,showertok,14,14,0,paramedicaltattoo,192,187,-5,excavator,8,8,0,campinggear,15,15,0,flipflops,84,86,2,dancetok,6,6,0,认识一下吗,102,109,7,bulldog,98,95,-3,rescue,22,22,0,photographygear,73,78,5,quitagrasa,78,73,-5,attachmenttheory,107,109,2,experimentoscientíficos,140,148,8,slowrising,170,165,-5,playingcards,41,39,-2,chatgpttutorial,108,112,4,,,,,prizepicks,124,134,10,sadiomane,43,42,-1,extraterrestre,90,88,-2,robot,14,14,0,magicthegathering,30,27,-3,adventuretravel,84,85,1,electricscooter,180,187,7,robloxgames,41,42,1,animals,1,1,0
activewear,104,105,1,ipn,95,98,3,amv,78,74,-4,lettering,23,19,-4,bikersoftiktok,145,152,7,similac,97,99,2,similac,97,99,2,makeuproutine,21,19,-2,halfwig,141,134,-7,nailartvideos,103,99,-4,diaryofaceoclips,144,143,-1,metalwork,91,97,6,brainteaser,10,10,0,metalwork,91,97,6,mcatprep,85,86,1,jokes,6,6,0,socialsecuritydisability,113,115,2,memphis,61,63,2,birthdaycake,52,55,3,moneybouquet,22,21,-1,招軍請火回駕遶境大典,66,70,4,choreo,47,47,0,wyezy,126,123,-3,donjulio,81,81,0,foodiefam,71,73,2,classof2027,15,16,1,jackson,129,126,-3,,,,,summerworkouts,173,168,-5,f1tiktok,70,72,2,preeclampsia,90,92,2,diaryofaceoclips,144,143,-1,viralcandy,44,45,1,recipesoftiktok,102,103,1,hotchicken,106,100,-6,phonerepair,78,78,0,pro,167,168,1,shanghai,91,92,1,karseellcollagen,140,136,-4,chiropractor,20,17,-3,chiropractor,20,17,-3,ancienthistory,5,5,0,vanity,44,42,-2,vanity,44,42,-2,collectibles,38,35,-3,motivationalquote,23,24,1,coastertok,47,42,-5,quietlife,81,80,-1,chickenrun,125,122,-3,babywitch,144,139,-5,movietok,20,19,-1,marchingband,110,116,6,nbaplayoffs,23,21,-2,parfum,22,22,0,fineline,20,14,-6,escooter,10,10,0,bigfish,20,20,0,activewear,100,102,2,dancepartner,23,23,0,愛在一瞬間,192,199,7,cutedogs,105,102,-3,cutecat,23,23,0,kodakfz55,76,81,5,kithchengadgets,103,98,-5,relationshippsychology,116,118,2,karadelik,152,160,8,satisfyingcleaning,31,25,-6,genshinimpactcosplay,48,46,-2,mr3proeffect,117,121,4,,,,,mufc,135,145,10,hoops,64,63,-1,paranormaltok,105,103,-2,powerbank,17,17,0,collectibles,38,35,-3,shanghai,91,92,1,gtr,186,193,7,bmf,42,43,1,wildlife,2,2,0
y2kaesthetic,112,113,1,terminale,167,170,3,bakudeku,91,87,-4,artreveal,30,26,-4,gtr,168,175,7,growthspurt,144,146,2,growthspurt,144,146,2,lipstain,35,33,-2,bodycareroutine,143,136,-7,softgelnails,189,185,-4,howtogetrich,193,192,-1,scag,140,146,6,puzzlegame,11,11,0,scag,140,146,6,graduationtransition,90,91,1,joke,7,7,0,thecrash,1,2,1,caballos,62,64,2,easymeals,53,56,3,summercrafts,50,49,-1,大樹慈后宮,130,134,4,dancestolearn2people,51,51,0,morningmotivation,24,20,-4,twistedtea,117,117,0,candyasmr,83,85,2,blackhistory,20,21,1,michaeljacksonedit,30,26,-4,,,,,workouts,40,34,-6,sxs,87,89,2,thewildwoods,116,118,2,howtogetrich,193,192,-1,desserttable,45,46,1,bacon,147,148,1,taqueria,107,101,-6,s26ultra,95,95,0,gamingnews,173,174,1,travel,1,1,0,althairstylist,176,172,-4,menopause,21,18,-3,menopause,21,18,-3,ancient,6,6,0,cozyathome,48,46,-2,cozyathome,48,46,-2,puppet,47,44,-3,nowornever,24,25,1,buschgardens,48,43,-5,fujifilm,82,81,-1,highlandcow,9,5,-4,intuitive,147,142,-5,theboysedit,23,22,-1,metalcore,115,121,6,contenido,24,22,-2,bikinitrimmer,32,32,0,matchingtattoos,22,16,-6,electricbike,16,16,0,campinghacks,24,24,0,y2kaesthetic,108,110,2,streetdance,25,25,0,layde👠marta,49,55,6,ferret,147,144,-3,cuteanimals,24,24,0,cameraaccessories,80,85,5,besthomegadgets,104,99,-5,collegeromance,120,122,2,coposnabeirada,183,191,8,squishymaker,37,31,-6,cardtrick,34,31,-3,windows11,25,28,3,,,,,clevelandcavaliers,30,39,9,caballos,103,102,-1,нло,116,114,-2,keyboard,20,20,0,puppet,47,44,-3,travel,1,1,0,boat,13,19,6,server,50,51,1,monkey,5,5,0
runway,120,121,1,codingforkids,182,185,3,bnha,107,103,-4,abstractart,33,29,-4,dodge,27,33,6,newborn,2,3,1,newborn,2,3,1,ghkcu,52,50,-2,ghkcu,159,152,-7,nailsart,18,13,-5,savingschallenge,56,54,-2,nothingbutheavyduty,157,163,6,partygames,13,13,0,nothingbutheavyduty,157,163,6,freshmenyear,100,101,1,laugh,8,8,0,dashcam,8,9,1,jamorant,68,70,2,burrito,57,60,3,pipecleanerart,52,51,-1,雲林哪聖會,160,164,4,turns,54,54,0,75soft,53,49,-4,drink,6,5,-1,candiedfruits,113,115,2,graduationday,43,44,1,jimin,34,30,-4,,,,,academia,44,38,-6,skatingrink,98,100,2,showingupmatters,122,124,2,savingschallenge,56,54,-2,freshfruit,47,48,1,groceries,179,180,1,seattlefoodie,115,109,-6,ipadpro,122,122,0,mods,194,195,1,traveltiktok,2,2,0,blackgirltok,188,184,-4,glp1community,25,22,-3,glp1community,25,22,-3,americanhistory,7,7,0,bedroomdecor,49,47,-2,bedroomdecor,49,47,-2,pokemoncollector,49,46,-3,lifewisdom,70,71,1,rollercoasterenthusiast,55,50,-5,diygift,106,105,-1,pigeon,13,9,-4,santisimamuerte,151,146,-5,thedeep,29,28,-1,piercetheveil,153,159,6,bsf,34,32,-2,lotion,36,36,0,tattooinspo,23,17,-6,bicycle,17,17,0,kayakfishing,27,27,0,coolgirl,123,125,2,poledancing,26,26,0,therealbettychris,58,64,6,straycat,171,168,-3,funnydogs,25,25,0,fujifilmcamera,88,93,5,fruitflytrap,59,53,-6,healthylove,130,132,2,teslacoil,16,23,7,asmrfacial,47,41,-6,魔术教学,38,35,-3,edittutorial,27,30,3,,,,,nflnews,42,51,9,bushcraft,106,105,-1,triangulodelasbermudas,160,158,-2,summerturnup,22,22,0,pokemoncollector,49,46,-3,traveltiktok,2,2,0,carcare,38,44,6,mortalkombat1,98,99,1,birds,6,6,0
ropa,199,200,1,mcatprep,17,19,2,character,110,106,-4,artsupplies,34,30,-4,jdm,29,35,6,babiesoftiktok,4,5,1,babiesoftiktok,4,5,1,glowymakeup,73,71,-2,batanaoil,169,162,-7,buildergel,24,19,-5,banking,66,64,-2,concretework,29,34,5,tiktokfilter,14,14,0,concretework,29,34,5,graduation2023,158,159,1,юмор,9,9,0,audit,9,10,1,النصر,144,146,2,macandcheese,59,62,3,macrame,67,66,-1,福建游神,12,15,3,polefitness,62,62,0,rejectiontherapy,64,60,-4,bartender,11,10,-1,tastysounds,188,190,2,graduates,47,48,1,jerseyshore,46,42,-4,,,,,gymequipment,56,50,-6,boxeomexicano,125,127,2,blendedwiththewoods,125,127,2,banking,66,64,-2,burattinopizza,88,89,1,coffeelover,185,186,1,restaurantreview,47,40,-7,17promax,138,138,0,gaming,1,1,0,vacation,3,3,0,frodiohair,193,189,-4,badbreath,43,40,-3,badbreath,43,40,-3,abogadadeinmigracion,8,8,0,minimalist,75,73,-2,minimalist,75,73,-2,sensorytoys,76,73,-3,ukmotivation,113,114,1,balloonmuseum,63,58,-5,easydiy,107,106,-1,ducksoftiktok,17,13,-4,energyreading,155,150,-5,horrormovies,43,42,-1,anuelaa,156,162,6,animeedit,39,37,-2,colognetok,48,48,0,newtattoo,27,21,-6,electricscooter,18,18,0,kayak,32,32,0,ropa,194,196,2,dancecover,27,27,0,bettychrisbackup,59,65,6,monkey,27,23,-4,kittensoftiktok,34,34,0,selfiesticktripod,89,94,5,tilecleaner,179,173,-6,blackcatenergy,132,134,2,spacexstarship,18,25,7,iceasmr,52,46,-6,mlpcosplay,43,40,-3,canvatipsandtricks,46,49,3,,,,,nbaonespn,49,58,9,motocross,118,117,-1,ceritahoror,197,195,-2,gadgets,26,26,0,sensorytoys,76,73,-3,vacation,3,3,0,squattedtrucks🤢,39,45,6,unstablesmp,103,104,1,cuteanimals,7,7,0
tiktokshop,1,1,0,nclextips,18,20,2,robin,143,139,-4,sketching,36,32,-4,carcare,34,40,6,bebe,7,8,1,bebe,7,8,1,tint,83,81,-2,naturalmakeup,192,185,-7,frenchnails,33,28,-5,propfirm,119,117,-2,apprentice,30,35,5,couplegame,18,18,0,apprentice,30,35,5,graduation,1,1,0,lmao,10,10,0,dominicrusso,13,14,1,brazil,3,4,1,granola,111,114,3,crochetlove,81,80,-1,1124,14,17,3,bailesorpresa,65,65,0,lasvegaspromoter,113,109,-4,coffeetok,12,11,-1,eatwithrae,20,21,1,alumni,49,50,1,taehyung,67,63,-4,,,,,bodyrecomposition,58,52,-6,beckylynch,186,188,2,pregancyannouncement,144,146,2,propfirm,119,117,-2,120pepperoni,90,91,1,tequila,186,187,1,placestoeat,79,72,-7,tech,3,2,-1,pokemon,2,2,0,hiking,4,4,0,slickback,44,39,-5,wellnesstok,47,44,-3,wellnesstok,47,44,-3,historical,9,9,0,roommakeover,84,82,-2,roommakeover,84,82,-2,toycollector,83,80,-3,pathtosuccess,143,144,1,thrill,65,60,-5,digitaldiary,111,110,-1,foal,32,28,-4,acuario,41,35,-6,belmontcameli,47,46,-1,speedsongs,157,163,6,cosplay,40,38,-2,summerfragrance,65,65,0,bodyjewelry,45,39,-6,ridstar,19,19,0,catfishing,35,35,0,summeroutfits,19,20,1,polesport,33,33,0,lilchi,63,69,6,adoptdontshop,40,36,-4,petlovers,36,36,0,raindinhquayphim,138,143,5,清潔小技巧,198,192,-6,brokenup,195,197,2,hotballsversuseverything,30,37,7,personalattentionasmr,128,122,-6,larper,52,49,-3,aiavatar,96,99,3,,,,,ufcwhitehouse,138,147,9,golfswing,123,122,-1,foundfootage,22,19,-3,solarlights,34,34,0,toycollector,83,80,-3,hiking,4,4,0,drift,40,46,6,fleethefacilityroblox,146,147,1,raccoon,19,19,0
tiktokshopmemorialday,2,2,0,academicwriting,25,27,2,tmnt,182,178,-4,bannerartist,37,33,-4,squattedtrucks🤢,35,41,6,cutebaby,8,9,1,cutebaby,8,9,1,cejasperfectas,143,141,-2,nightroutine,52,44,-8,toenails,39,34,-5,investments,124,122,-2,harvest,42,47,5,babyshowergames,33,33,0,harvest,42,47,5,graduate,2,2,0,scared,11,11,0,crimetok,17,18,1,soccer,4,5,1,vegetables,133,136,3,leimaking,123,122,-1,代天府,104,107,3,chachacha,87,87,0,postsurgery,122,118,-4,drinking,13,12,-1,mukbangasmr,24,25,1,motivationalspeech,56,57,1,bangtan,78,74,-4,,,,,musclebuilding,72,66,-6,paddypimblett,187,189,2,pregnantlife,3,4,1,investments,124,122,-2,traderjoesnewitems,105,106,1,foodie,1,1,0,sactiktok,113,106,-7,charger,17,16,-1,game,3,3,0,traveltok,5,5,0,miracleknots,52,47,-5,posture,48,45,-3,posture,48,45,-3,geographyfacts,10,10,0,reno,117,115,-2,reno,117,115,-2,stickerbook,86,83,-3,blacktherapy,196,197,1,sixflagsgreatamerica,67,62,-5,pipecleanerflowers,119,118,-1,dairy,39,35,-4,predicciones,47,41,-6,usa??,48,47,-1,pop,39,44,5,lipsync,47,45,-2,waxer,70,70,0,floraltattoo,48,42,-6,aviationlovers,23,23,0,duckhunting,37,37,0,looks,22,23,1,bailesorpresa,42,42,0,11t4keshi,97,103,6,zoo,41,37,-4,gatos,47,47,0,selfieposes,175,180,5,лайфхакдлядома,73,66,-7,loml,6,7,1,bacterialcontamination,64,71,7,tracing,151,145,-6,cosplaywig,62,59,-3,callitechy,143,146,3,,,,,nbahighlights,36,44,8,nascar,23,21,-2,aliensarereal,57,54,-3,phoneaccessories,37,37,0,stickerbook,86,83,-3,traveltok,5,5,0,auction,41,47,6,mobile,153,154,1,elephant,21,21,0
dealsforyoudays,3,3,0,becas,40,42,2,dbz,49,44,-5,cursive,38,34,-4,drift,36,42,6,funnykids,11,12,1,funnykids,11,12,1,peptideserum,149,147,-2,waxing,59,51,-8,diynailsathome,44,39,-5,moneymotivated,132,130,-2,flightattendantlife,52,57,5,bottleflip,43,43,0,flightattendantlife,52,57,5,classof2026,3,3,0,risa,15,15,0,missing,21,22,1,neymarjr,5,6,1,dessert,5,7,2,leatherjournal,130,129,-1,閎衍會所,109,112,3,cupidshuffle,106,106,0,beachvlog,134,130,-4,energydrinks,14,13,-1,foodcritic,25,26,1,txlchris,65,66,1,actors,81,77,-4,,,,,rosiegrahamworkout,92,86,-6,bloodline,192,194,2,coparenting,9,10,1,moneymotivated,132,130,-2,spicysnacks,118,119,1,mukbang,2,2,0,restuarant,123,116,-7,vacuum,24,23,-1,clips,4,4,0,roadtrip,6,6,0,lacefrontwig,95,90,-5,shoulderpain,80,77,-3,shoulderpain,80,77,-3,legaltips,17,17,0,poolmaintenance,132,130,-2,poolmaintenance,132,130,-2,puzzletok,92,89,-3,overachiever,27,27,0,kingdaka,98,93,-5,3rdtrimester,135,134,-1,лошади,40,36,-4,estadosunidos🇺🇲,76,70,-6,homelanderedit,68,67,-1,bunnab,44,49,5,naruto,66,64,-2,jpg,74,74,0,navelpiercing,53,47,-6,hondaboat,41,41,0,troutfishing,49,49,0,necklace,33,34,1,kpoprandomdance,61,61,0,minhamulheréaquela,110,116,6,petlovers,47,43,-4,labrador,49,49,0,studiophotography,38,42,4,greencleaning,64,56,-8,proposal,10,11,1,biotecnología,75,82,7,naturaldirt,196,190,-6,mikantsumiki,65,62,-3,emergent,148,151,3,,,,,bills,61,69,8,kylebusch,25,23,-2,hauntedtiktok,58,55,-3,googleio,38,38,0,puzzletok,92,89,-3,roadtrip,6,6,0,chevrolet,50,56,6,mods,187,188,1,panda,32,32,0
tattoo,4,4,0,satreading,49,51,2,tom,86,81,-5,dryerase,39,35,-4,auction,37,43,6,babylove,16,17,1,babylove,16,17,1,lipgloss,14,11,-3,spf,76,68,-8,nailtips,59,54,-5,creditcardpoints,167,165,-2,worker,60,65,5,alejoigoa,67,67,0,worker,60,65,5,grad,4,4,0,humour,16,16,0,flood,23,24,1,santos,6,7,1,easyrecipes,6,8,2,crochetcommunity,133,132,-1,屏東鄭家中壇元帥轎班會,168,171,3,mexicandance,168,168,0,mariolord14,200,196,-4,lemonade,22,21,-1,buldakramen,28,29,1,огэматематика,79,80,1,sturniolotriplets,95,91,-4,,,,,blackgirlfitness,172,166,-6,wavepool,198,200,2,babyregistry,15,16,1,creditcardpoints,167,165,-2,groceryoutlet,159,160,1,mexicanfood,18,18,0,rooftopbar,140,133,-7,ios,26,25,-1,gta,7,7,0,hotel,7,7,0,crochethair,97,92,-5,lowiron,109,106,-3,lowiron,109,106,-3,ajustedeestatus,19,19,0,moveinready,137,135,-2,moveinready,137,135,-2,shopkins,37,33,-4,tiktokmotivation,34,34,0,magicmountain,138,133,-5,digitalcamera,9,7,-2,rancher,54,50,-4,zgjedhje2025,79,73,-6,theoutsiders,98,97,-1,juniorh,45,50,5,crime,70,68,-2,dossierperfumes,91,91,0,piercingjewelry,56,50,-6,boatingseason,61,61,0,saltlife,54,54,0,hollister,50,51,1,джампстайл,95,95,0,blackrose04🖤🌹,159,165,6,dogtraining,51,47,-4,petlover,53,53,0,affordablecamera,50,54,4,dailyhack,71,63,-8,longdistance,11,12,1,backyardscience,111,118,7,blackheads,42,35,-7,dmmd,107,104,-3,chatgpthack,155,158,3,,,,,nflplayoffs,65,73,8,wnba,37,35,-2,mysterytok,60,57,-3,magsafe,39,39,0,shopkins,37,33,-4,hotel,7,7,0,mk1,51,57,6,gaming,1,1,0,whale,34,34,0
shopping,5,5,0,nclexstudying,50,52,2,yumeshipping,105,100,-5,diamondartaddict,66,62,-4,srt,38,44,6,babyfever,21,22,1,babyfever,21,22,1,nightroutine,15,12,-3,colognetiktok,92,84,-8,fungalnails,67,62,-5,escapethematrix,176,174,-2,machinery,94,99,5,thisorthatchallenge,80,80,0,machinery,94,99,5,senioryear,5,5,0,broma,23,23,0,murder,34,35,1,messi,23,24,1,comida,7,9,2,weddingsignage,199,198,-1,義川淮陽堂,179,182,3,dancelover,184,184,0,lifestylevlog,27,22,-5,matchalover,27,26,-1,eatingsounds,29,30,1,homeroomteacher,138,139,1,90dayfiancé,99,95,-4,,,,,midsizefitness,191,185,-6,adrienbroner,10,11,1,embarazofeliz,48,49,1,escapethematrix,176,174,-2,lindt,160,161,1,snacks,19,19,0,quesabirria,148,141,-7,homesecurity,27,26,-1,ps5,22,22,0,vacations,8,8,0,jetblack,108,103,-5,sciaticarelief,117,114,-3,sciaticarelief,117,114,-3,anthropology,26,26,0,secretdoor,138,136,-2,secretdoor,138,136,-2,figure,46,42,-4,presentmoment,39,39,0,universalstudioshollywood,18,12,-6,journaling,14,12,-2,chickencoopbuilds,61,57,-4,facereading,115,109,-6,moviestowatch,145,144,-1,spamaccount,56,61,5,kdrama,108,106,-2,secretdeopartner,121,121,0,tattoosartist,60,54,-6,jonboat,69,69,0,fisher,76,76,0,swimwear,53,54,1,kpopinpublic,63,62,-1,szpilki👠👠,48,53,5,yorkie,55,51,-4,собака,57,57,0,mobilephotography,54,58,4,kitchencleaner,75,67,-8,relationshipadvice,12,13,1,microscopemagic,117,124,7,hairasmr,64,57,-7,simonriley,37,33,-4,howtogolive,180,183,3,,,,,newyorkknicks,13,20,7,cristianoronaldo,42,40,-2,fantasma,65,62,-3,flashlight,40,40,0,figure,46,42,-4,vacations,8,8,0,tuttio,67,73,6,pokemon,2,2,0,ferret,38,38,0
shoes,6,6,0,teas7,71,73,2,chiikawa,130,125,-5,drawingtips,91,87,-4,chevrolet,45,51,6,babywearing,62,63,1,babywearing,62,63,1,hydration,19,16,-3,hairtransition,132,124,-8,nailsupply,68,63,-5,optionstrader,198,196,-2,pavers,109,114,5,putafingerdownchallenge,89,89,0,pavers,109,114,5,lastdayofschool,6,6,0,vine,25,25,0,investigation,49,50,1,wnba,24,25,1,yummy,8,10,2,velasartesanales,72,70,-2,1222,6,8,2,damnilovemiami,189,189,0,rutinas,94,89,-5,espresso,30,29,-1,shavedice,57,58,1,viralmotivation,149,150,1,redcarpet,147,143,-4,,,,,fullbodyworkout,25,18,-7,formula1,13,14,1,grandson,57,58,1,optionstrader,198,196,-2,dippindots,170,171,1,tacos,24,24,0,thingstodoinhouston,41,33,-8,smarthome,29,28,-1,pokemontiktok,27,27,0,solotravel,9,9,0,hairaccessories,124,119,-5,herbaltea,183,180,-3,herbaltea,183,180,-3,worldwar2,35,35,0,landscaping,25,22,-3,landscaping,25,22,-3,fidgettoysplus,52,48,-4,dailyvibe,44,44,0,attraction,40,34,-6,crafttok,24,22,-2,cowtok,62,58,-4,divineguidance,125,119,-6,onetreehill,153,152,-1,fakebodyy⚠️,58,63,5,jungkook,111,109,-2,fragrancefinds,147,147,0,tattooartistlife,77,71,-6,aircraftmaintenance,192,192,0,smallmouthbass,129,129,0,earrings,55,56,1,westcoastswing,100,99,-1,rizardo,55,60,5,petlover,74,70,-4,perro,62,62,0,sandiegophotographer,59,63,4,trucoshogar,86,78,-8,avoidant,17,18,1,aceleradordepartículas,120,127,7,unintentionalasmr,65,58,-7,ghostcod,49,45,-4,editarfotos,188,191,3,,,,,nbatiktok,53,60,7,sga,50,48,-2,wendigo,67,64,-3,screenprotector,41,41,0,fidgettoysplus,52,48,-4,solotravel,9,9,0,motorcycles,71,77,6,game,3,3,0,seaworld,41,41,0
streetwear,7,7,0,phonicsfun,73,75,2,bojackhorseman,178,173,-5,oilpaint,92,88,-4,mk1,46,52,6,babyfashion,103,104,1,babyfashion,103,104,1,makeuptransition,23,20,-3,bodyoil,164,156,-8,podiatry,71,66,-5,forex,26,23,-3,poolmaintenance,40,44,4,diegokawama,90,90,0,poolmaintenance,40,44,4,graduated,7,7,0,mem,43,43,0,zohranmamdani,58,59,1,cristianoronaldo,27,28,1,cookies,11,13,2,eternalflowers,87,85,-2,1214,8,10,2,trendingdance,7,6,-1,dougswinterparty2025,154,149,-5,coffeerecipe,31,30,-1,mexicancandy,60,61,1,motivationalviralspeech,162,163,1,travisbarker,152,148,-4,,,,,strongman,42,35,-7,indy500,16,17,1,fatherdaughterlove,63,64,1,forex,26,23,-3,hinesvillegeorgia,190,191,1,eatwithme,26,26,0,restaurante,45,37,-8,magsafe,35,34,-1,stream,32,32,0,japantravel,12,12,0,healthyhair,22,16,-6,mouthwash,32,28,-4,mouthwash,32,28,-4,notarypublic,59,59,0,organization,30,27,-3,organization,30,27,-3,toddlertoys,58,54,-4,powerfulquotes,46,46,0,thingstodowithkids,50,44,-6,familylove,27,25,-2,equinelife,134,130,-4,sagitario♐️,146,140,-6,tiktokmovies,158,157,-1,romancebooks,63,68,5,laugh,112,110,-2,bodyglitter,167,167,0,sandiegotattooartist,110,104,-6,airplane,4,3,-1,fishinggear,23,22,-1,bracelet,61,62,1,浅跳一下,140,139,-1,viralll_video,68,73,5,dogwalking,85,81,-4,maltipoo,90,90,0,photographyteaching,112,116,4,lifehelper,108,100,-8,nocontact,21,22,1,khoahọc,145,152,7,softspoken,68,61,-7,redhoodcosplay,197,193,-4,newfeature,14,16,2,,,,,nbadraft,64,71,7,universalstudios,52,50,-2,spookystories,96,93,-3,bluetoothspeaker,56,56,0,toddlertoys,58,54,-4,japantravel,12,12,0,trucklife,77,83,6,clips,4,4,0,moose,65,65,0
vintage,8,8,0,grade9,93,95,2,animationart,47,41,-6,alcoholmarkers,96,92,-4,garage,62,68,6,firststeps,128,129,1,firststeps,128,129,1,makeuptok,24,21,-3,blondehair,43,34,-9,hardgel,81,76,-5,fintok,29,26,-3,excavator,13,16,3,acertijos,107,107,0,excavator,13,16,3,classof26,10,10,0,drewtalbert,74,74,0,accidente,60,61,1,highlights,34,35,1,dumplings,15,17,2,quiltingtiktok,92,90,-2,1118,10,12,2,poletok,17,16,-1,livinginnyc,184,179,-5,summerdrinks,43,42,-1,iceasmr,61,62,1,graduation,1,1,0,tokiohotel,48,43,-5,,,,,rosiegraham30daychallenge,50,43,-7,luchalibre,85,86,1,36weekspregnant,65,66,1,fintok,29,26,-3,pastelpersonalizado,197,198,1,dumplings,28,28,0,rooftop,49,41,-8,subwoofer,50,49,-1,playstation,44,44,0,tiktokgo,19,19,0,hairstylistsoftiktok,32,26,-6,massagetherapy,33,29,-4,massagetherapy,33,29,-4,residenciausa,76,76,0,roomtour,43,40,-3,roomtour,43,40,-3,sensorytoy,96,92,-4,selfimprovementjourney,60,60,0,galaxysedge,51,45,-6,dailylife,35,33,-2,корова,138,134,-4,mensajedeluniverso,63,56,-7,lordoftherings,160,159,-1,btsconcert,71,76,5,deathnote,114,112,-2,hygieneproducts,19,18,-1,tatt,123,117,-6,pilot,6,5,-1,fisherman,26,25,-1,hat,67,68,1,fypdance,149,148,-1,sunshineakins,78,83,5,elephant,90,86,-4,frenchies,119,119,0,cancuntrip,149,153,4,incredibleideas,156,148,-8,relationshiptok,22,23,1,coponabeirada,182,189,7,fabuloso,70,63,-7,starwarscosplay,27,22,-5,canvahacks,15,17,2,,,,,buffalobills,91,98,7,worldcup2026,55,53,-2,creepyman,169,166,-3,earphones,68,68,0,sensorytoy,96,92,-4,tiktokgo,19,19,0,custom,24,29,5,gta,7,7,0,seaworldorlando,66,66,0
wardrobe,9,9,0,visualmath,177,179,2,dragonballz,59,53,-6,markerart,102,98,-4,motorcycles,64,70,6,bebés,153,154,1,bebés,153,154,1,spf,25,22,-3,makeuptransition,72,63,-9,luxurynails,82,77,-5,yourewelcome,32,29,-3,oilfield,22,25,3,urduquiz,129,129,0,oilfield,22,25,3,graduating,11,11,0,floptok😍😍😭😌🤞💅💅,81,81,0,onpatrol,104,105,1,mundial2026,40,41,1,kitchenhacks,16,18,2,manualidadesfaciles,103,101,-2,0323,22,24,2,pole,19,18,-1,nycdiml,185,180,-5,coke,46,45,-1,chilistripledipper,66,67,1,graduate,2,2,0,rakaiclips,85,80,-5,,,,,bicep,52,45,-7,climb,94,95,1,dadanddaughterdreamteam,70,71,1,yourewelcome,32,29,-3,fruit,1,1,0,drink,30,30,0,antojitos,65,57,-8,techfinds,70,69,-1,highlight,46,46,0,familytravel,22,22,0,bald,37,31,-6,adjustment,68,64,-4,adjustment,68,64,-4,sciencehistory,86,86,0,plantsoftiktok,46,43,-3,plantsoftiktok,46,43,-3,pretendplay,108,104,-4,newhope,84,84,0,disneylandresort,58,52,-6,papercraft,44,42,-2,buckinghorses,181,177,-4,escorpio,92,85,-7,theboysseason5,25,23,-2,playlist,76,81,5,animationmeme,131,129,-2,perfumecollection,21,20,-1,tattoocare,29,22,-7,yacht,13,12,-1,baitcaster,40,39,-1,matchingset,75,76,1,pointeshoes,31,29,-2,sexyvibe,21,25,4,redred,121,117,-4,xlbully,169,169,0,ndfilter,180,184,4,キッチン,172,164,-8,lovequotes,23,24,1,scicomm,20,26,6,asmrhairplay,80,73,-7,simonrileyghost,68,63,-5,vibecoding,16,18,2,,,,,chiefs,46,52,6,bassfishing,62,60,-2,мистическиеистории,172,169,-3,vivo,71,71,0,pretendplay,108,104,-4,familytravel,22,22,0,dodge,30,35,5,ps5,22,22,0,spiders,68,68,0
summervibes☀️,16,16,0,matematicas,16,17,1,sonicthehedgehog,68,62,-6,paintpens,149,145,-4,autodetailing,77,83,6,mybaby,6,6,0,mybaby,6,6,0,darkspots,26,23,-3,shorthair,74,65,-9,manicure💅,97,92,-5,dollargeneralcouponing,70,67,-3,carpentry,25,28,3,эрудиция,144,144,0,carpentry,25,28,3,classof2027,12,12,0,drumar,95,95,0,realcops,105,106,1,stephoncastle,56,57,1,pasta,17,19,2,birthdaydecoration,136,134,-2,0510,28,30,2,kpopdance,26,25,-1,dumpsterdiving,11,5,-6,aguafresca,51,50,-1,gasstationfood,148,149,1,classof2026,3,3,0,taylorgirlz,101,96,-5,,,,,beastmode,54,47,-7,dirtbikelife,131,132,1,emotionalregulation,72,73,1,dollargeneralcouponing,70,67,-3,snacks,2,2,0,chipotle,31,31,0,thingstodoindallas,75,67,-8,razr,74,73,-1,vtuber,54,54,0,luxurytravel,23,23,0,afro,56,50,-6,turmeric,87,83,-4,turmeric,87,83,-4,peticionfamiliar,93,93,0,planttok,47,44,-3,planttok,47,44,-3,squishmallows,135,131,-4,stillwaters,101,101,0,ferriswheel,79,73,-6,siblingloss,52,50,-2,ranchlife,11,6,-5,tarotcommunity,93,86,-7,series,32,30,-2,taken,141,146,5,romance,140,138,-2,menscologne,27,26,-1,hustlebutter,31,24,-7,helicopter,15,14,-1,bait,46,45,-1,diamond,93,94,1,groupdance,41,39,-2,mujeresmadurashermosas💖,30,34,4,kittensoftiktok,45,40,-5,kitten,9,8,-1,идеядляфото,186,190,4,parroti,105,96,-9,ldr,24,25,1,amazingfact,39,45,6,rugtok,85,78,-7,amechancosplay,108,103,-5,instagramtips,17,19,2,,,,,paulskenes,71,77,6,footballedit,78,76,-2,real💯,183,180,-3,wirelessearbuds,103,103,0,squishmallows,135,131,-4,luxurytravel,23,23,0,airplane,31,36,5,pokemontiktok,27,27,0,fawn,87,87,0
swimsuit,17,17,0,essaywriting,23,24,1,hxh,74,68,-6,signature,20,15,-5,custom,22,27,5,funnybaby,10,10,0,funnybaby,10,10,0,neutrogena,79,76,-3,makeuptok,75,66,-9,nailvesta,102,97,-5,kevinoleary,71,68,-3,hvactechnician,27,30,3,adultgame,155,155,0,hvactechnician,27,30,3,classof2030,18,18,0,serverproblems,97,97,0,domesticviolenceawareness,121,122,1,golfswing,74,75,1,homecooking,18,20,2,custombottle,142,140,-2,廟會文化,29,31,2,easydances,30,29,-1,prisonstory,33,27,-6,loadedtea,53,52,-1,driedfruit,185,186,1,grad,4,4,0,madisonbeer,119,114,-5,,,,,workoutequipment,74,67,-7,thecrash,1,1,0,embarazosaludable,111,112,1,kevinoleary,71,68,-3,traderjoeshaul,10,10,0,pasta,37,37,0,speakeasy,84,76,-8,microphone,76,75,-1,reddit_tiktok,56,56,0,summervacation,24,24,0,humanhair,57,51,-6,menopausesupport,185,181,-4,menopausesupport,185,181,-4,alternatehistory,147,147,0,sofa,53,50,-3,sofa,53,50,-3,hottoys,154,150,-4,millionairementality,150,150,0,statefair,81,75,-6,crochettiktok,53,51,-2,sheep,12,7,-5,psychicreading,39,31,-8,thebigbangtheory,36,34,-2,guitartok,38,42,4,relaxing,143,141,-2,dove,46,45,-1,facepainting,37,30,-7,kugoo,28,27,-1,carp,47,46,-1,loungewear,110,111,1,bailarina,47,45,-2,peack,54,58,4,birdsoftiktok,49,44,-5,chihuahua,30,29,-1,destinationweddingphotographer,28,31,3,水电工,147,138,-9,datingapps,30,31,1,anatomía,44,50,6,randomrestock,92,85,-7,spidermanmask,135,130,-5,aiagents,32,34,2,,,,,mlbhighlights,131,137,6,nbaedits,79,77,-2,fantasmas,43,39,-4,s26ultra,108,108,0,hottoys,154,150,-4,summervacation,24,24,0,jdm,33,38,5,stream,32,32,0,trailcam,93,93,0
plussize,18,18,0,learntoread,24,25,1,tokyoghoul,79,73,-6,chainsawcarving,75,70,-5,repair,31,36,5,breastfeeding,13,13,0,breastfeeding,13,13,0,jeffreestar,82,79,-3,mensgrooming,85,76,-9,naildrill,115,110,-5,investor,82,79,-3,chainsaw,28,31,3,whisperchallenge,162,162,0,chainsaw,28,31,3,classof2025,26,26,0,dadhumor,100,100,0,parkergetajob,164,165,1,final,84,85,1,cakedecorating,21,23,2,birthdaydiy,143,141,-2,岡山城隍殿,57,59,2,bellydance,31,30,-1,eveningroutine,35,29,-6,coffeesyrups,55,54,-1,mukbang,1,1,0,senioryear,5,5,0,hamzahthefantastic,183,178,-5,,,,,workoutplan,90,83,-7,ufc,2,2,0,ripdad,140,141,1,investor,82,79,-3,chocolatelover,13,13,0,hiddengems,57,57,0,losangelesfood,110,102,-8,smartring,93,92,-1,forzahorizon,59,59,0,placestovisit,47,47,0,hairoil,59,53,-6,supplementsforwomen,194,190,-4,supplementsforwomen,194,190,-4,disastroushistory,156,156,0,livingroomdecor,66,63,-3,livingroomdecor,66,63,-3,siliconebaby,161,157,-4,succesmindset,185,185,0,halloweenhorrornightsorlando,97,91,-6,graduationlei,64,62,-2,pigsoftiktok,23,18,-5,signoszodiacales,40,32,-8,filmclips,39,37,-2,liveperformance,48,52,4,narutoshippuden,180,178,-2,facialtreatment,51,50,-1,houstontattooartist,42,35,-7,sailing,33,32,-1,carpfishing,65,64,-1,giftforhim,112,113,1,poleclass,132,130,-2,tounsiya,62,66,4,wild,61,56,-5,germanshepherd,31,30,-1,productphotography,32,35,3,какотмыть,191,182,-9,weddingvenue,34,35,1,eclipsetotal,50,56,6,soothingsounds,125,118,-7,magictricks,31,25,-6,androidtips,33,35,2,,,,,goofynfl,132,138,6,sixflags,94,92,-2,historiaoscura,108,104,-4,kindlegirlie,137,137,0,siliconebaby,161,157,-4,placestovisit,47,47,0,srt,43,48,5,playstation,44,44,0,cutemonkey,94,94,0
tattooartist,19,19,0,admission,27,28,1,geto,89,83,-6,artstudio,84,79,-5,silverado,40,45,5,babytiktok,15,15,0,babytiktok,15,15,0,uvprotection,128,125,-3,naturalglow,100,91,-9,diymanicure,125,120,-5,immunesupport,87,84,-3,dewalt,33,36,3,filtergame,3,2,-1,dewalt,33,36,3,justgraduated,56,56,0,relatablehumor,105,105,0,mackenzieshirilla,3,3,0,cristiano,104,105,1,comfortfood,22,24,2,doorhanger,188,186,-2,左營元帝廟,76,78,2,twerking,43,42,-1,bookshopping,37,31,-6,drinkreview,60,59,-1,eating,2,2,0,lastdayofschool,6,6,0,yera,22,16,-6,,,,,gymmeme,146,139,-7,boxing,3,3,0,pregnant,1,1,0,immunesupport,87,84,-3,trufru,20,20,0,mealideas,68,68,0,nycbars,151,143,-8,cordless,169,168,-1,indiegames,68,68,0,miamihotels,94,94,0,stitchbraids,61,55,-6,digestivehealth,24,19,-5,digestivehealth,24,19,-5,jfkassassination,165,165,0,airbnbfinds,79,76,-3,airbnbfinds,79,76,-3,squishytoys,42,37,-5,insperationalquotes,191,191,0,fairs,132,126,-6,siblinglove,65,63,-2,pigeons,28,23,-5,тарорасклады,59,51,-8,thriller,46,44,-2,90sthrowback,50,54,4,ghost,192,190,-2,trulybeauty,69,68,-1,tinytattoo,65,58,-7,northsea,45,44,-1,tarpon,66,65,-1,shopnow,119,120,1,ballettiktok,156,154,-2,riotemplate,64,68,4,goldendoodle,62,57,-5,frenchbulldog,32,31,-1,boudoirphotographer,41,44,3,washingmachinecleaning,61,51,-10,anxiousattachment,40,41,1,misteriosdeluniverso,51,57,6,asmrlighttriggers,142,135,-7,plaguedoctor,74,68,-6,fishaudio,55,57,2,,,,,giannis,118,123,5,gymbro,101,99,-2,siniestro,151,147,-4,iphone17case,146,146,0,squishytoys,42,37,-5,miamihotels,94,94,0,kawasaki,59,64,5,highlight,46,46,0,animal,4,3,-1
sunglasses,20,20,0,testprep,32,33,1,despicableme,95,89,-6,animalart,95,90,-5,kawasaki,53,58,5,larobenz,20,20,0,larobenz,20,20,0,glowskin,193,190,-3,miracleknots,134,125,-9,btartboxnails,126,121,-5,medicare,89,86,-3,hvaclife,77,80,3,funnygame,20,19,-1,hvaclife,77,80,3,gradwalk,97,97,0,dadjokes,42,41,-1,jtvjember,4,4,0,golflife,117,118,1,bakery,27,29,2,customtumblers,191,189,-2,北港迓媽祖,119,121,2,dancecover,45,44,-1,roommatefromhell,57,51,-6,refreshing,67,66,-1,buldak,11,11,0,graduated,7,7,0,alofoke,33,27,-6,,,,,thickfit,167,160,-7,mma,4,4,0,parenting,2,2,0,medicare,89,86,-3,newsnacks,23,23,0,dumpling,78,78,0,atlantafoodie,156,148,-8,appleiphone,171,170,-1,kickstreaming,78,78,0,viajar,95,95,0,peinados,62,56,-6,gurunanda,30,25,-5,gurunanda,30,25,-5,asilo,13,12,-1,nurserydecor,108,105,-3,nurserydecor,108,105,-3,buildingblocks,73,68,-5,mentalidad,2,1,-1,cosmicrewind,154,148,-6,capcutfamília,66,64,-2,vidaenelcampo,49,44,-5,santamuertedevotee,60,52,-8,tbbt,56,54,-2,singersongwriter,61,65,4,youngsheldon,12,9,-3,burberryher,73,72,-1,mrlee,82,75,-7,ржд,51,50,-1,catchandcook,67,66,-1,polkadot,125,126,1,hiphopdancer,70,67,-3,redacejasss,67,71,4,turtle,66,61,-5,adoptdontshop,33,32,-1,ccdcamera,70,73,3,sinkorganizer,82,72,-10,weddingplanner,44,45,1,anatomiahumana,60,66,6,vactok,156,148,-8,creepypastacosplay,98,92,-6,uxdesign,61,63,2,,,,,kansascitychiefs,119,124,5,final,135,133,-2,backroomslevel,156,152,-4,cordless,189,189,0,buildingblocks,73,68,-5,viajar,95,95,0,garage,69,74,5,vtuber,54,54,0,zoo,9,8,-1
looks,25,25,0,nclexquestions,61,62,1,vinlandsaga,101,95,-6,handlettering,98,93,-5,scooter,56,61,5,aibaby,28,28,0,aibaby,28,28,0,lipliner,33,29,-4,stitchbraids,152,143,-9,nails💅,22,16,-6,doge,98,95,-3,dewalttough,97,100,3,impossiblechallenge,23,22,-1,dewalttough,97,100,3,guru,105,105,0,chiste,45,44,-1,crime,5,5,0,billiards,132,133,1,sandwich,33,35,2,bouquets,38,35,-3,新塭嘉應廟,124,126,2,polesport,53,52,-1,trendinggadgets,60,54,-6,whitemonster,90,89,-1,bigbites,51,51,0,physics,10,10,0,aespa,75,69,-6,,,,,morningworkout,176,169,-7,nascar,5,5,0,pregnancyjourney,5,5,0,doge,98,95,-3,snackbox,25,25,0,macandcheese,119,119,0,nycrestaurant,175,167,-8,bend,10,8,-2,rockpaperscissors,106,106,0,glaciernationalpark,155,155,0,hairmask,63,57,-6,neckpain,31,26,-5,neckpain,31,26,-5,legaladvice,14,13,-1,living,114,111,-3,living,114,111,-3,mtgcommunity,80,75,-5,mindsetmotivation,3,2,-1,minionland,166,160,-6,ilovemymom,74,72,-2,horselover,52,47,-5,sanacion,62,54,-8,scene,58,56,-2,rockmusic,65,69,4,kpop,18,15,-3,духи,94,93,-1,floridatattooartist,113,106,-7,railway,64,63,-1,crabbing,99,98,-1,sparkleandshine,139,140,1,beginnerdance,173,170,-3,ジャスティナ,106,110,4,minidachshund,72,67,-5,dogtraining,38,37,-1,spk,103,106,3,bathroomgoodies,93,83,-10,highvaluewoman,59,60,1,galaxie,62,68,6,woodcutting,48,39,-9,bnhacosplay,106,100,-6,tiktokediting,141,143,2,,,,,chargers,122,127,5,fishingtiktoks,145,143,-2,elgapterror,167,163,-4,appleiphone,190,190,0,mtgcommunity,80,75,-5,glaciernationalpark,155,155,0,autodetailing,88,93,5,reddit_tiktok,56,56,0,snake,10,9,-1
heels,32,32,0,السادس_الابتدائي,76,77,1,bkdk,116,110,-6,brownpaperbanner,99,94,-5,liftedtrucks,57,62,5,babys,43,43,0,babys,43,43,0,naturalglow,34,30,-4,hydration,64,54,-10,gelpolish,38,32,-6,cryptonews,99,96,-3,maquinariapesada,107,110,3,juegosdivertidos,25,24,-1,maquinariapesada,107,110,3,dualenrollment,127,127,0,ringdoorbell,46,45,-1,policeofficer,6,6,0,clasico,135,136,1,easydinner,35,37,2,graduationbouquet,40,37,-3,巷仔媽,131,133,2,dancesfor1person,71,70,-1,wellnessgirl,75,69,-6,7brewsecretmenu,115,114,-1,waxcandy,52,52,0,classof26,13,13,0,khloekardashian,89,83,-6,,,,,дисциплина,35,27,-8,kylebusch,6,6,0,ttc,8,8,0,cryptonews,99,96,-3,asiansnacks,26,26,0,raisingcanes,126,126,0,foodvlogger,176,168,-8,coolgadgets,48,46,-2,mobile,160,160,0,southoffrance,167,167,0,lorealparishaircare,66,60,-6,hormonehealth,35,30,-5,hormonehealth,35,30,-5,wwii,16,15,-1,cleanup,122,119,-3,cleanup,122,119,-3,screenfreeplay,98,93,-5,selfawareness,4,3,-1,disneylandcalifornia,23,16,-7,photographersoftiktok,101,99,-2,arabianhorse,72,67,-5,brujo,80,72,-8,movienight,72,70,-2,anuel,79,83,4,homelander,30,27,-3,dossier,95,94,-1,eyetattoo,167,160,-7,велик,94,93,-1,pescadores,125,124,-1,summershoes,144,145,1,freestyledance,57,53,-4,ミックスツインズ,196,200,4,собака,79,74,-5,yorkie,41,40,-1,canonr50,109,112,3,swedishdishcloth,96,86,-10,engagementphotoshoot,74,75,1,تحت_الميكروسكوب,98,104,6,claycracking,73,64,-9,persona5cosplay,127,121,-6,digitalscrapbook,184,186,2,,,,,manunited,134,139,5,spurs,12,9,-3,ghoststory,70,65,-5,realme,195,195,0,screenfreeplay,98,93,-5,southoffrance,167,167,0,питбайк,120,125,5,forzahorizon,59,59,0,wild,14,13,-1
necklace,37,37,0,подготовкакогэ,80,81,1,ibispaintx,117,111,-6,paintingtips,115,110,-5,ride,58,63,5,micah,60,60,0,micah,60,60,0,cosrx,50,46,-4,nailsartvideos,67,57,-10,russianmanicure,41,35,-6,solana,106,103,-3,hiringnow,152,155,3,braingames,36,35,-1,hiringnow,152,155,3,classof2022,128,128,0,bistrohuddy,49,48,-1,truecrimetok,7,7,0,soccerplayer,139,140,1,summerrecipes,36,38,2,papercrafts,43,40,-3,福鎮轎班會,151,153,2,danca,86,85,-1,vlogger,20,13,-7,чай,125,124,-1,bayareafoodie,89,89,0,mindsetmotivation,17,17,0,smosh,135,129,-6,,,,,handstand,37,29,-8,fight,7,7,0,capcutfamília,29,29,0,solana,106,103,-3,customcakes,32,32,0,homecooking,39,38,-1,sandiegofood,67,58,-9,portablecharger,66,64,-2,streamer,6,5,-1,travelhacks,15,14,-1,taper,70,64,-6,nervoussystemhealing,38,33,-5,nervoussystemhealing,38,33,-5,derecho,23,22,-1,plantlover,134,131,-3,plantlover,134,131,-3,toyphotography,107,102,-5,mentalidadpositiva,32,31,-1,rollercoasters,38,31,-7,creativeitems,117,115,-2,cowhorse,76,71,-5,starseed,88,80,-8,marveltok,77,75,-2,🏳️‍🌈,121,125,4,drama,37,34,-3,smilemakeover,100,99,-1,tattooedgirls,196,189,-7,electricscooters,199,198,-1,speckledtroutsurprise,135,134,-1,tiktokshop,1,1,0,latindance,68,64,-4,selfievibes,7,10,3,yorkiesoftiktok,129,124,-5,catlovers,43,42,-1,ポージング指導,155,158,3,hackoftheday,128,118,-10,attachmentstyle,82,83,1,earthflat,131,137,6,vacuumtherapy,74,65,-9,cosplaytutorial,142,136,-6,buildinpublic,8,9,1,,,,,sanfrancisco49ers,163,168,5,worldcup,22,19,-3,ufosighting,78,73,-5,tech,4,3,-1,toyphotography,107,102,-5,travelhacks,15,14,-1,tire,171,176,5,kickstreaming,77,77,0,turtle,15,14,-1
hollister,54,54,0,фипи,110,111,1,animegirl,158,152,-6,speeddrawing,143,138,-5,питбайк,108,113,5,babygear,67,67,0,babygear,67,67,0,lipoil,65,61,-4,hairgrowthtips,80,70,-10,uñasbonitas,43,37,-6,makingmoney,109,106,-3,hvac,8,10,2,beerpong,41,40,-1,hvac,8,10,2,usahighschool,132,132,0,funnyprankvideo,64,63,-1,crimestory,30,30,0,foot,151,152,1,noodles,40,42,2,pipecleaner,48,45,-3,0608,17,18,1,dancestodo,104,103,-1,digitaldiary,22,15,-7,smoothies,127,126,-1,candygrapes,90,90,0,selfawareness,23,23,0,jeonjungkook,176,170,-6,,,,,bulking,41,33,-8,racing,8,8,0,siblinglove,30,30,0,makingmoney,109,106,-3,charcuterieboard,36,36,0,cocina,43,42,-1,houstonfoodie,71,62,-9,wirelesscharger,68,66,-2,games,11,10,-1,tiktoktravel,46,45,-1,extensions,71,65,-6,metabolism,115,110,-5,metabolism,115,110,-5,weirdhistory,31,30,-1,venta,177,174,-3,venta,177,174,-3,beybladex,116,111,-5,discpline,36,35,-1,themeparks,46,39,-7,pumping,118,116,-2,pigeonsoftiktok,88,83,-5,ритуалы,137,129,-8,tsitp,106,104,-2,pitbullconcert,181,185,4,мем,56,53,-3,summerscents,120,119,-1,verticallabret,67,59,-8,tractor,11,9,-2,carolinafishing,145,144,-1,tiktokshopmemorialday,2,2,0,jellyous,109,105,-4,snejanaonopkareal,12,15,3,кошка,156,151,-5,goldendoodle,45,44,-1,modelpose,170,173,3,huongque,175,165,-10,christianmarriage,110,111,1,科学解説,174,180,6,slimeasmrvideo,91,82,-9,maidoutfit,160,154,-6,humanizer,12,13,1,,,,,cavs,9,13,4,outdoors,27,24,-3,wearenotalone,142,137,-5,headphones,11,10,-1,beybladex,116,111,-5,tiktoktravel,46,45,-1,pickup,189,194,5,1v1,121,121,0,seal,16,15,-1
swimwear,57,57,0,assignmenthelp,132,133,1,gojousatoru,56,49,-7,artvideo,171,166,-5,dealershiplife,118,123,5,momboy,77,77,0,momboy,77,77,0,oilyskin,123,119,-4,buzzcut,96,86,-10,frenchtips,49,43,-6,businessfunding,131,128,-3,johndeere,15,17,2,testyourknowledge,105,104,-1,johndeere,15,17,2,seniors,9,8,-1,coupleshumor,86,85,-1,corruption,62,62,0,nbatiktok,171,172,1,outdoorcooking,55,57,2,nanotape,51,48,-3,0719,32,33,1,poletrickoftheday,128,127,-1,chattyvlog,44,37,-7,nescafe,141,140,-1,candyfruit,117,117,0,valedictorian,29,29,0,survivor50,61,54,-7,,,,,sculpt,63,55,-8,deenthegreat,9,9,0,comebackhome,31,31,0,businessfunding,131,128,-3,eatorpass,51,51,0,cakedecorating,46,45,-1,dallasfood,74,65,-9,wirelessearbuds,91,89,-2,gacha,13,12,-1,eiffel,50,49,-1,shinyhair,82,76,-6,probiotic,120,115,-5,probiotic,120,115,-5,nychistory,52,51,-1,neutralhome,197,194,-3,neutralhome,197,194,-3,watertoys,121,116,-5,dailywisdom,37,36,-1,towerofterror,64,57,-7,dadanddaughterdreamteam,150,148,-2,chickentok,22,16,-6,mhonividente,165,157,-8,adamsandler,117,115,-2,alt,10,13,3,joke,61,58,-3,whiteteeth,17,15,-2,blackouttattoo,71,63,-8,trains,22,20,-2,stcroix,179,178,-1,dealsforyoudays,3,3,0,dancelover,121,117,-4,ftos,32,35,3,blackcats,158,153,-5,minidachshund,52,51,-1,digitalcameras,10,12,2,생활꿀팁,49,38,-11,luxurywedding,124,125,1,beirada,181,187,6,safetyessentials,104,95,-9,theboyscosplay,164,158,-6,chatgptprompts,13,14,1,,,,,espn,24,28,4,fifaworldcup,28,25,-3,casosreales,47,41,-6,bend,12,11,-1,watertoys,121,116,-5,eiffel,50,49,-1,motovlog,191,196,5,streamer,6,5,-1,oceanlife,17,16,-1
earrings,59,59,0,studytechniques,144,145,1,tomandjerry,82,75,-7,supportartists,48,42,-6,tire,154,159,5,timeisathief,119,119,0,timeisathief,119,119,0,lorealparis,148,144,-4,protectivestyles,102,92,-10,cateyenails,51,45,-6,digitalincome,148,145,-3,copper,18,20,2,italybelle,110,109,-1,copper,18,20,2,highschoolgraduation,14,13,-1,jajajaja,125,124,-1,polkcounty,91,91,0,nba,1,1,0,sweettreats,61,63,2,floreseternas,55,52,-3,舞獅比賽,34,35,1,forronotiktok,142,141,-1,dailyroutines,107,100,-7,barista,16,14,-2,eatwithme,4,3,-1,seniorwalk,37,37,0,cjsocool,63,56,-7,,,,,zyzz,79,71,-8,boxing🥊,12,12,0,ilovemymom,35,35,0,digitalincome,148,145,-3,candiedfruits,81,81,0,yum,50,49,-1,koreanbbq,87,78,-9,magsafecase,102,100,-2,stretchtok,18,17,-1,chinatravel,51,50,-1,dreadlocks,121,115,-6,lupusawareness,176,171,-5,lupusawareness,176,171,-5,i130,62,61,-1,roomdecor,19,15,-4,roomdecor,19,15,-4,legomoc,127,122,-5,mindsetquotes,38,37,-1,indoorplayground,66,59,-7,crafts,13,10,-3,highlandcows,37,31,-6,estaodsunidos🇺🇸,173,165,-8,russianstars,121,119,-2,cumbia,43,46,3,jtvjember,69,66,-3,electricrazor,59,57,-2,stencil,89,81,-8,велосипед,39,37,-2,fishingtiktoks,13,11,-2,shopping,4,4,0,parapara,136,132,-4,等待有緣的你,51,54,3,englishbulldog,54,48,-6,petloss,55,54,-1,humaninterest,17,19,2,cocinalimpia👌,119,108,-11,flourishwithlaurin,129,130,1,rumaheditor,186,192,6,blackheadextractor,105,96,-9,fryboydb,169,163,-6,webdesign,19,20,1,,,,,angelreese,45,49,4,playoffs,29,26,-3,extraterrestres,76,70,-6,charger,19,18,-1,legomoc,127,122,-5,chinatravel,51,50,-1,subaru,27,31,4,games,11,10,-1,animales,18,17,-1
bracelet,65,65,0,paper1,159,160,1,jinx,84,77,-7,drawingchallenge,59,53,-6,pickup,171,176,5,babygirl,3,2,-1,babygirl,3,2,-1,acnetips,153,149,-4,smellgood,66,55,-11,stilettonails,53,47,-6,aitrading,153,150,-3,pressurewashing,19,21,2,shuffleboard,111,110,-1,pressurewashing,19,21,2,freshmanyear,15,14,-1,humormexicano,134,133,-1,livepd,98,98,0,basketball,2,2,0,pizzalover,62,64,2,decoracionconglobos,61,58,-3,頂太子齊心會,51,52,1,maledancer,177,176,-1,dayvlog,108,101,-7,coffeeathome,17,15,-2,chipotle,5,4,-1,classof2028,51,51,0,popculturenews,110,103,-7,,,,,abdomenplano,145,137,-8,brandrisk,15,15,0,alzheimers,38,38,0,aitrading,153,150,-3,foodranking,109,109,0,whatieatinaday,55,54,-1,localfood,98,89,-9,anker,107,105,-2,gamingontiktok,21,20,-1,italytravel,71,70,-1,hairbrush,183,177,-6,healthanxiety,182,177,-5,healthanxiety,182,177,-5,queenvictoria,81,80,-1,wayfair,34,30,-4,wayfair,34,30,-4,educationaltoys,132,127,-5,quoteoftheday✏️,41,40,-1,universalorlandoresort,68,61,-7,canon,34,31,-3,cheval,102,96,-6,manifestlove,84,75,-9,chucky,180,178,-2,romeosantos,53,56,3,peak,86,83,-3,axilasmanchadas,62,60,-2,temporary,92,84,-8,havocboats,44,42,-2,fishingvideos,19,17,-2,shoes,5,5,0,bachatasensual,178,174,-4,россиянка,53,56,3,catlovers,59,53,-6,rabbit,56,55,-1,strangersession,44,46,2,goingzerowaste,120,109,-11,singletok,141,142,1,fenomenoastronomico,187,193,6,spongetok,113,104,-9,fingerdance,88,81,-7,tiktokfeature,20,21,1,,,,,grizzlies,146,150,4,ronaldo,30,27,-3,truehorror,82,76,-6,ios,29,28,-1,educationaltoys,132,127,-5,italytravel,71,70,-1,yamaha,28,32,4,gacha,13,12,-1,owl,44,43,-1
hat,71,71,0,mathpractice,166,167,1,miku,97,90,-7,procreateart,65,59,-6,motovlog,173,178,5,nephew,19,18,-1,nephew,19,18,-1,niacinamide,185,181,-4,hairmask,158,147,-11,nailtransformation,64,58,-6,xrpholders,178,175,-3,remotework,21,23,2,filterchallenge,6,4,-2,remotework,21,23,2,communitycollege,47,46,-1,toofunny,162,161,-1,bukele,146,146,0,futbol,11,11,0,smashburger,95,97,2,junkcases,110,107,-3,廟會文化傳承,54,55,1,kennilove03,195,194,-1,cozymorning,118,111,-7,coffeetime,18,16,-2,seafoodboil,6,5,-1,graduationseason,54,54,0,jennaortega,117,110,-7,,,,,bodyweight,199,191,-8,fighting,18,18,0,surrogate,55,55,0,xrpholders,178,175,-3,cookiebox,110,110,0,drinking,60,59,-1,miamifoodie,101,92,-9,vloggingcamera,111,109,-2,pcgaming,39,38,-1,chongqing,82,81,-1,syntheticwig,73,66,-7,ovulation,49,43,-6,ovulation,49,43,-6,derecholaboral,134,133,-1,dreamhome,36,32,-4,dreamhome,36,32,-4,kendama,167,162,-5,lifephilosophy,42,41,-1,hollywoodstudiosorlando,73,66,-7,влог,46,43,-3,broodyhen,107,101,-6,endulzamiento,87,78,-9,sheldoncooper,11,8,-3,2011,144,147,3,dragonball,174,171,-3,saltair,63,61,-2,facepainter,111,103,-8,blackhawk,101,99,-2,largemouthbass,30,28,-2,streetwear,6,6,0,passinhodojamal,55,50,-5,naobebo,90,93,3,petloss,77,71,-6,gsd,59,58,-1,photoshootinspo,47,49,2,glit,130,119,-11,relationships,1,1,0,exoplanete,194,200,6,triggers,66,56,-10,mandaloriancosplay,145,138,-7,claudeai,23,24,1,,,,,jalenbrunson,14,17,3,skills,57,54,-3,lifeofluxury,84,78,-6,homesecurity,30,29,-1,kendama,167,162,-5,chongqing,82,81,-1,repair,35,39,4,stretchtok,18,17,-1,babymonkey,54,53,-1
matchingset,79,79,0,dek70,171,172,1,manhwareccomendation,98,91,-7,blackart,67,61,-6,subaru,25,29,4,2under2,24,23,-1,2under2,24,23,-1,facemask,30,25,-5,lorealparishaircare,168,157,-11,nailclippers,90,84,-6,nordstrom,57,53,-4,handyman,24,26,2,tabletopgames,28,26,-2,handyman,24,26,2,sophomoreyear,49,48,-1,weddinghumor,189,188,-1,foodstamps,169,169,0,okcthunder,33,33,0,mccormickpartner,122,124,2,pipecleanerflower,116,113,-3,歡迎加入,91,92,1,brodeez,23,21,-2,movingstates,152,145,-7,cocktails,24,22,-2,mukbangeatingshow,7,6,-1,8thgradegraduation,58,58,0,titaylor,60,52,-8,,,,,larrywheels,32,23,-9,motocross,19,19,0,girldadtiktok,59,59,0,nordstrom,57,53,-4,restaurantdepot,122,122,0,bakery,62,61,-1,sffoodie,112,103,-9,kindlegirlie,119,117,-2,meta,53,52,-1,poconos,92,91,-1,bun,111,104,-7,supplementsthatwork,59,53,-6,supplementsthatwork,59,53,-6,محامي,137,136,-1,rent,40,36,-4,rent,40,36,-4,rccar,56,50,-6,motivaciónpersonal,62,61,-1,waterslides,88,81,-7,comebackhome,68,65,-3,babychick,179,173,-6,brujasdetiktok,97,88,-9,youngsheldonedit,13,10,-3,bsff,158,161,3,survivor,175,172,-3,hairremovalcream,86,84,-2,orlandotattooartist,122,114,-8,segway,115,113,-2,knot,33,31,-2,vintage,7,7,0,danceduo,80,75,-5,ilovefiyuu,134,137,3,rabbit,78,72,-6,dogwalking,61,60,-1,poseinspo,64,66,2,cleanipediasa,157,146,-11,ilovemybf,2,2,0,cymatics,25,30,5,cornstarchasmr,69,59,-10,showinfantil,72,64,-8,adobeacrobatpartner,31,32,1,,,,,giants,28,31,3,mundial,58,55,-3,anunnaki,91,85,-6,iphone18,33,32,-1,rccar,56,50,-6,poconos,92,91,-1,silverado,45,49,4,gamingontiktok,21,20,-1,cockatiel,70,69,-1
diamond,97,97,0,screenfreelearning,196,197,1,romanceanime,103,96,-7,inkdrawing,70,64,-6,yamaha,26,30,4,newdad,46,45,-1,newdad,46,45,-1,acnetreatment,31,26,-5,extensions,185,174,-11,nailtools,99,93,-6,onlineincome,76,72,-4,brick,64,66,2,charlieandauntie,44,42,-2,brick,64,66,2,preschoolgraduation,63,62,-1,serverlife,14,12,-2,truecrime,2,1,-1,skills,38,38,0,desserttiktok,164,166,2,diyflower,176,173,-3,聖尊轎班會,144,145,1,dancesforyoutolearn,25,23,-2,undiaconmigo,42,34,-8,cocacola,26,24,-2,chilis,8,7,-1,phonics,87,87,0,wonyoung,155,147,-8,,,,,musclerecovery,73,64,-9,knockout,27,27,0,babyregistrymusthaves,84,84,0,onlineincome,76,72,-4,balancedeating,143,143,0,nycfood,67,66,-1,hamburguesa,121,112,-9,fitnesstracker,163,161,-2,stableronaldo,63,62,-1,mexicotravel,109,108,-1,lowtaperfade,125,118,-7,sleepbetter,74,68,-6,sleepbetter,74,68,-6,psicoterapia,175,174,-1,architecture,42,38,-4,architecture,42,38,-4,pokemongiveaway,57,51,-6,selfinprovement,66,65,-1,thrillseekers,106,99,-7,crochetpattern,177,174,-3,vaca,21,14,-7,расклады,172,163,-9,primevideo,34,31,-3,songs,12,14,2,song,16,12,-4,scrub,99,97,-2,texastattooartist,127,119,-8,cubcadet,169,167,-2,campfire,38,36,-2,wardrobe,8,8,0,tanzen,82,77,-5,selfiedump,15,17,2,gsd,81,75,-6,catrescue,125,124,-1,posingideas,78,80,2,unikleenpembersihnoda,200,189,-11,ilovemygf,3,3,0,fecundacion,96,101,5,sugarsquishy,111,101,-10,namicosplay,105,97,-8,phonetips,68,69,1,,,,,dylanharper,33,36,3,homeworkout,73,70,-3,terrorreal,122,116,-6,techfinds,79,78,-1,pokemongiveaway,57,51,-6,mexicotravel,109,108,-1,scooter,63,67,4,pcgaming,39,38,-1,naturedocumentary,89,88,-1
loungewear,114,114,0,mathematics,1,1,0,illustration,111,104,-7,coloringtutorial,71,65,-6,carwash,28,32,4,bebé,53,52,-1,bebé,53,52,-1,glow,37,32,-5,syntheticwig,189,178,-11,glitternails,112,106,-6,estateplanning,103,99,-4,sparky,76,78,2,guessthedrink,56,54,-2,sparky,76,78,2,highschoolsenior,109,108,-1,mellstroy,29,27,-2,court,12,11,-1,mundial,39,39,0,potluck,192,194,2,handmadegift,64,60,-4,1028,1,1,0,dancetiktok,39,37,-2,crosscountrymove,46,38,-8,soda,29,27,-2,whatieatinaday,9,8,-1,tudorhistory,199,199,0,farandula,158,150,-8,,,,,backmuscles,82,73,-9,surf,40,40,0,momadvice,87,87,0,estateplanning,103,99,-4,traderjoes,4,3,-1,tiktokgo,71,70,-1,smashburgers,127,118,-9,realme,175,173,-2,chess,76,75,-1,stlucia,153,152,-1,thinninghair,128,121,-7,psychiatry,92,86,-6,psychiatry,92,86,-6,vietnamwar,18,16,-2,nycapartment,59,55,-4,nycapartment,59,55,-4,miniatures,59,53,-6,beleiveinyourself,106,105,-1,tokyodisneysea,111,104,-7,alzheimer,48,44,-4,pigs,27,20,-7,spell,46,36,-10,yellowstone,61,58,-3,spotify,13,15,2,truecrime,27,23,-4,soapmaking,115,113,-2,redtattoo,137,129,-8,vesselpowersports,43,40,-3,lure,44,42,-2,summervibes☀️,15,15,0,majorettedance,87,82,-5,bellaaa,16,18,2,highlandcow,83,77,-6,doodlesoftiktok,138,137,-1,auraphotography,150,152,2,diylifehacks,109,97,-12,relationshipgoals,4,4,0,saturnus,134,139,5,asmrart,138,128,-10,masktoker,109,101,-8,affinity,71,72,1,,,,,nfltiktok,39,42,3,disneyparks,74,71,-3,medusaboy,168,162,-6,razr,83,82,-1,miniatures,59,53,-6,stlucia,153,152,-1,liftedtrucks,64,68,4,meta,53,52,-1,wildliferehab,92,91,-1
giftforhim,116,116,0,математика,2,2,0,dragonballsuper,119,112,-7,beginnerartist,79,73,-6,beat,91,95,4,1monthold,72,71,-1,1monthold,72,71,-1,brows,39,34,-5,facemask,87,75,-12,3dflowersnails,141,135,-6,economía,115,111,-4,victoryoutdoorservices,80,82,2,geographyquiz,63,61,-2,victoryoutdoorservices,80,82,2,promo2026,117,116,-1,homeritachi,31,29,-2,truecrimecommunity,16,15,-1,hoops,42,42,0,foodtok,1,2,1,diyflowers,77,73,-4,0713,2,2,0,bailarina,74,72,-2,felonsoftiktok,51,43,-8,coffeelover,38,36,-2,foodchallenge,10,9,-1,historytok,9,8,-1,lahmike,177,169,-8,,,,,proteina,84,75,-9,rampagejackson,60,60,0,37weekspregnant🤰🏼,91,91,0,economía,115,111,-4,fruits,5,4,-1,innout,92,91,-1,bayareaeats,129,120,-9,amd,178,176,-2,mk1,87,86,-1,cruisevacation,170,169,-1,hairserum,144,137,-7,vitaminas,97,91,-6,vitaminas,97,91,-6,weirdtok,22,20,-2,apartmentdecor,60,56,-4,apartmentdecor,60,56,-4,mysterydumpling,63,57,-6,quotepage,111,110,-1,disneylandtiktok,159,152,-7,crafty,49,45,-4,quail,55,48,-7,geminis,50,40,-10,darthvader,62,59,-3,blonde,14,16,2,celebrity,51,47,-4,axepartner,124,122,-2,حنة,161,153,-8,speedboat,144,141,-3,topwater,45,43,-2,swimsuit,16,16,0,朴星垠,94,89,-5,mujeresmadurasybellas💝,20,22,2,raccoon,86,80,-6,frenchie,28,26,-2,marrisge,153,155,2,potbottomcleaner,138,126,-12,datingadvice,5,5,0,물리학,165,170,5,visualsatisfaction,163,153,-10,columbinacosplay,172,164,-8,uidesign,104,105,1,,,,,pepguardiola,67,70,3,gymnastics,77,74,-3,もあ様,188,182,-6,microphone,86,85,-1,mysterydumpling,63,57,-6,cruisevacation,170,169,-1,ride,65,69,4,stableronaldo,63,62,-1,animalvideos,111,110,-1
coolgirl,128,128,0,maths,3,3,0,wutheringwaves,155,148,-7,drawingideas,101,95,-6,autos,95,99,4,mamasgirl,95,94,-1,mamasgirl,95,94,-1,sensitiveskin,40,35,-5,freeforms,124,112,-12,nailremoval,186,180,-6,businesstok,128,124,-4,construction,1,2,1,couplequiz,70,68,-2,construction,1,2,1,bestteacher,167,166,-1,chistoso,55,53,-2,republican,24,23,-1,ligamx,47,47,0,foodtiktok,2,3,1,customphonecase,112,108,-4,廟會活動,3,3,0,kpoprandomdance,91,89,-2,lifeinyour20s,56,48,-8,cutwater,58,56,-2,eatingshow,13,12,-1,highschoolgraduation,19,18,-1,hybe,179,171,-8,,,,,losefat,185,176,-9,бокс,81,81,0,bestdad,93,93,0,businesstok,128,124,-4,takis,6,5,-1,sweettreats,124,123,-1,hawaiianfood,188,179,-9,usbcharger,184,182,-2,cyberpunk,105,104,-1,natureescape,194,193,-1,weddinghair,155,148,-7,medicalanimation,102,96,-6,medicalanimation,102,96,-6,tudorhistory,49,47,-2,tinyhouse,62,58,-4,tinyhouse,62,58,-4,littlestpetshop,68,62,-6,mindsetmatters,6,4,-2,ropedrop,194,187,-7,canong7x,56,52,-4,poultry,60,53,-7,estadounidos,118,108,-10,transformers,65,62,-3,offcampusseries,15,17,2,jokes,58,54,-4,kojicacidsoap,127,125,-2,tattoostyle,103,94,-9,super73,32,28,-4,girlswhofish,60,58,-2,plussize,17,17,0,learntodance,120,115,-5,maskerarab,47,49,2,dogfood,135,129,-6,rescuedog,35,33,-2,graduationshoot,166,168,2,kelovisong,155,143,-12,engaged,8,8,0,schoolscience,166,171,5,squeaky,165,155,-10,chunlicosplay,200,192,-8,facelesschannel,105,106,1,,,,,sga,10,12,2,pickleball,87,84,-3,cryptids,74,67,-7,anker,124,123,-1,littlestpetshop,68,62,-6,natureescape,194,193,-1,beat,102,106,4,indiegames,68,67,-1,bearsoftiktok,169,168,-1
sparkleandshine,144,144,0,егэ2026,4,4,0,cartoonnetwork,48,40,-8,texturedart,124,118,-6,мотоцикл,133,137,4,hearttransplant,179,178,-1,hearttransplant,179,178,-1,retinol,41,36,-5,peinados,154,142,-12,ногти,31,24,-7,retire,136,132,-4,tools,2,3,1,newphonewhodis,71,69,-2,tools,2,3,1,collegegraduation,17,15,-2,rosesarered,62,60,-2,democrat,27,26,-1,caitlinclark,54,54,0,baking,4,5,1,toploader,148,144,-4,非遗守护人,9,9,0,kpopinpublic,94,92,-2,5amclub,71,63,-8,7breworder,77,75,-2,crunchy,14,13,-1,endofschoolyear,25,24,-1,kimshantal,49,40,-9,,,,,fitnessequipment,193,184,-9,khamzatchimaev,109,109,0,proudparents,129,129,0,retire,136,132,-4,gummy,30,29,-1,happyhour,125,124,-1,coffeedate,64,54,-10,3in1charger,196,194,-2,mod,113,112,-1,scenery,78,76,-2,corte,156,149,-7,constipation,103,97,-6,constipation,103,97,-6,cortedeinmigracion,74,72,-2,roominspo,92,88,-4,roominspo,92,88,-4,animefigure,69,63,-6,motivationalspeech,7,5,-2,themeparkthrills,198,191,-7,firsttrimester,57,53,-4,duckies,97,90,-7,tarotlove,126,116,-10,shortdrama,71,68,-3,deandilaurentis,16,18,2,alt,65,61,-4,facialhairremoval,128,126,-2,forearmtattoo,132,123,-9,bicicleta,42,38,-4,fishingrod,88,86,-2,sunglasses,18,18,0,dancestudioowner,152,147,-5,naofumo,92,94,2,cutepuppy,155,149,-6,perros,37,35,-2,posingforwomen,189,191,2,limpiezaderopa,159,147,-12,wlwcouple,9,9,0,astrophysique,179,184,5,fluffyslime,172,162,-10,mermaidtail,50,41,-9,boxtv,171,172,1,,,,,sportsnews,23,25,2,brandrisk,88,85,-3,demonio,87,80,-7,onefish,175,174,-1,animefigure,69,63,-6,scenery,78,76,-2,autos,106,110,4,chess,75,74,-1,birdsoftiktok,12,10,-2
summershoes,149,149,0,огэ2026,5,5,0,vtuber,53,45,-8,sketchbookideas,133,127,-6,surron,5,8,3,babysister,26,24,-2,babysister,26,24,-2,dollartreehaul,46,41,-5,taper,184,172,-12,nailpolish,36,29,-7,mentorship,152,148,-4,firefighter,3,4,1,mialondon,108,106,-2,firefighter,3,4,1,signingout,27,25,-2,comedytiktok,67,65,-2,gaza,28,27,-1,pickleball,55,55,0,mexicanfood,10,11,1,artesanato,68,63,-5,武靈宮力士會,161,161,0,olddances,107,105,-2,birthdayvlog,90,82,-8,whisky,179,177,-2,asmrfood,15,14,-1,математика,32,31,-1,michaeljacksonfan,57,48,-9,,,,,c4partner,47,37,-10,watersports,144,144,0,earlypregnancy,154,154,0,mentorship,152,148,-4,customcake,31,30,-1,cocktail,200,199,-1,njeats,66,56,-10,usb,197,195,-2,cdl,142,141,-1,hotellife,117,115,-2,installation,185,178,-7,soursop,163,157,-6,soursop,163,157,-6,kathiaquiros,87,85,-2,luxuryliving,141,137,-4,luxuryliving,141,137,-4,minibrands,85,79,-6,txlchris,8,6,-2,rides,41,33,-8,resin,62,58,-4,pigtok,160,153,-7,tarottok,55,44,-11,novelas,80,77,-3,липсинг,35,37,2,playoffs,76,72,-4,hardwax,194,192,-2,disneytattoo,139,130,-9,ridstarq20,50,46,-4,chesapeakebay,113,111,-2,targetfinds,21,21,0,salsacaleña,166,161,-5,shasya,185,187,2,jumpingspider,186,180,-6,englishbulldog,40,38,-2,canong7x,6,7,1,lifeessential,161,149,-12,hockeyromance,16,16,0,fertilization,15,19,4,measuring,185,175,-10,maskedwoman,83,74,-9,capcutpioneer,1,1,0,,,,,anthonyjoshua,27,29,2,maxverstappen,137,134,-3,reptilian,126,119,-7,vacuum,27,25,-2,minibrands,85,79,-6,hotellife,117,115,-2,electricbike,138,142,4,mk1,86,85,-1,birdwatching,30,28,-2
handmade,11,10,-1,nclexprep,13,13,0,originalcharacter,77,69,-8,charcoaldrawing,146,140,-6,dirtbike,16,19,3,preemie,35,33,-2,preemie,35,33,-2,creativemakeup,47,42,-5,nailtutorial,77,64,-13,chromenails,40,33,-7,tiktokadsmanager,173,169,-4,woodworking,4,5,1,groupgames,130,128,-2,woodworking,4,5,1,degree,45,43,-2,lasperdidas,68,66,-2,foxnews,35,34,-1,giants,97,97,0,chef,20,21,1,diyparty,84,79,-5,民雄玄財會館,5,4,-1,dentontx,112,110,-2,birthdaysetup,91,83,-8,monsterenergydrink,181,179,-2,innout,16,15,-1,mindsetmatters,36,35,-1,tylil,84,75,-9,,,,,andreysmaev,64,54,-10,skatetok,166,166,0,dadlove,158,158,0,tiktokadsmanager,173,169,-4,cookiepie,50,49,-1,mukbangeatingshow,41,39,-2,chicagosuburbs,69,59,-10,portablefan,16,13,-3,brawlstars,10,8,-2,santorini,122,120,-2,taperfade,67,59,-8,pharmacist,46,39,-7,pharmacist,46,39,-7,moors,182,180,-2,outdoordecor,56,51,-5,outdoordecor,56,51,-5,dollhouse,88,82,-6,motivacionpersonal,9,7,-2,kingsisland,54,46,-8,origami,70,66,-4,homesteadlife,20,12,-8,manifestacion,58,47,-11,sheldonandamy,133,130,-3,lesbiansoftiktok,37,39,2,animetiktok,77,73,-4,pheromoneperfume,108,105,-3,hannyamask,170,161,-9,blueangels,57,53,-4,luxurycamping,165,163,-2,clothes,26,26,0,tiktokdance2025,86,80,-6,vampireフィルター,5,6,1,catrescue,188,182,-6,doghealth,54,52,-2,kodak,7,8,1,yolandavaquitayoli,184,172,-12,hinge,27,27,0,microscopio,29,33,4,waterasmr,78,67,-11,cosplayprop,157,148,-9,capcutforus,2,2,0,,,,,jakobilane,77,79,2,barrelracer,186,183,-3,shadowfigure,136,129,-7,subwoofer,55,53,-2,dollhouse,88,82,-6,santorini,122,120,-2,мотоцикл,149,153,4,mod,110,109,-1,birdtok,31,29,-2
bikini,12,11,-1,алгебра,15,15,0,ichigo,92,84,-8,creativehobbies,168,162,-6,detailing,17,20,3,babymilestones,36,34,-2,babymilestones,36,34,-2,bronzer,71,66,-5,acnetreatment,90,77,-13,nailfungus,47,40,-7,targetdeals,37,32,-5,landscaping,5,6,1,viralfilter,12,9,-3,landscaping,5,6,1,gradution,114,112,-2,chistes,89,87,-2,leftist,37,36,-1,seasonrecap,119,119,0,yum,24,25,1,diykits,105,100,-5,支持原创,23,22,-1,danceinspo,113,111,-2,elphabaoriondoherty,127,119,-8,beer,10,7,-3,pickles,17,16,-1,ucberkeley,62,61,-1,beautyqueen,111,102,-9,,,,,resistanceband,110,100,-10,topuria,180,180,0,girldad,4,3,-1,targetdeals,37,32,-5,pantryrestock,93,92,-1,comfortfood,48,46,-2,atlfoodie,92,82,-10,bluetooth,32,29,-3,gta5,15,13,-2,alaskacruise,126,124,-2,southernbelle,69,61,-8,collagenpeptides,81,74,-7,collagenpeptides,81,74,-7,abogados,24,21,-3,apartmentliving,58,53,-5,apartmentliving,58,53,-5,actionfigure,104,98,-6,motivationalviralspeech,15,13,-2,wavepool,72,64,-8,kodak,72,68,-4,chestnutmare,100,92,-8,tarotenespañol,70,59,-11,moviescenes,141,138,-3,fattmack,120,122,2,dancechallenge,82,78,-4,bodycontouring,134,131,-3,facetattoo,62,52,-10,ebiketiktok,83,79,-4,inshorefishing,194,192,-2,ring,35,35,0,mexicandance,113,107,-6,smoothvelocity,26,27,1,weinerdog,195,189,-6,animales,58,56,-2,fujifilm,9,10,1,drainbasket,68,55,-13,weddingphotographer,28,28,0,sciencepopulaire,37,41,4,waterslime,81,70,-11,ghostcosplay,82,72,-10,aitools,3,3,0,,,,,jaxonsmithnjigba,178,180,2,mma,19,15,-4,aliensighting,64,56,-8,applewatch,62,60,-2,actionfigure,104,98,-6,alaskacruise,126,124,-2,surron,6,9,3,cdl,136,135,-1,animalsworld,33,31,-2
y2k,13,12,-1,mathedit,30,30,0,voiceactor,106,98,-8,murals,194,188,-6,cardetailing,20,23,3,reciennacido,74,72,-2,reciennacido,74,72,-2,olaypartner,98,93,-5,hairtips,94,81,-13,rednails,58,51,-7,ecommercetips,60,55,-5,electrician,6,7,1,mahjong,30,27,-3,electrician,6,7,1,fordhamuniversity,133,131,-2,umor,108,106,-2,hurricane,40,39,-1,fineshi,131,131,0,glutenfree,29,30,1,travelersnotebook,117,112,-5,潮汕英歌,35,34,-1,rewindablemoments,135,133,-2,vlogging,23,14,-9,matchalatte,28,25,-3,asmreating,18,17,-1,gradszn,64,63,-1,santiagomatias,120,111,-9,,,,,youvsyou,138,128,-10,dirtbike,11,10,-1,fatherdaughter,7,6,-1,ecommercetips,60,55,-5,littledebbiesnacks,136,135,-1,wingstop,64,62,-2,mangostickyrice,109,99,-10,applewatch,57,54,-3,redditstories,20,18,-2,salemmassachusetts,179,177,-2,bundles,94,86,-8,nmn,119,112,-7,nmn,119,112,-7,arqueologia,112,109,-3,deepcleaning,64,59,-5,deepcleaning,64,59,-5,matchbox,151,145,-6,positivemotivation,31,29,-2,kingsdominion,102,94,-8,vlogging,112,108,-4,beefcattle,106,98,-8,signosdelzodiaco,122,111,-11,deanwinchester,151,148,-3,afrobeats,132,134,2,theboysedit,103,99,-4,threading,142,139,-3,americantraditionaltattoo,78,68,-10,tractors,87,83,-4,shelter,29,26,-3,bag,52,52,0,dancecontest,114,108,-6,wlwlesbian💋🌈,27,28,1,doghealth,75,68,-7,yorkiesoftiktok,87,85,-2,gradphotos,12,13,1,washingmachinehack,70,57,-13,ilovemygf❤️,72,72,0,hotspoon,38,42,4,guessthecolor,87,76,-11,criticalrolecosplay,121,111,-10,googlechrome,4,4,0,,,,,nbaplayoffs,1,2,1,okcthunder,51,47,-4,scarytruestories,71,63,-8,iphone17pro,67,65,-2,matchbox,151,145,-6,salemmassachusetts,179,177,-2,dirtbike,18,21,3,brawlstars,10,8,-2,sealife,37,35,-2
jewelry,14,13,-1,fraction,68,68,0,aianimation,113,105,-8,artgallery,73,66,-7,offroad,21,24,3,covidbabies,78,76,-2,covidbabies,78,76,-2,eyemakeup,101,96,-5,fade,108,95,-13,classynails,109,102,-7,resellingtips,96,91,-5,factory,7,8,1,familychallenge,39,36,-3,factory,7,8,1,co25,147,145,-2,husbandandwifecomedy,128,126,-2,1stamendment,41,40,-1,spurs,9,8,-1,еда,31,32,1,crochetproject,121,116,-5,二甲夫人媽,73,72,-1,dancecontest,172,170,-2,lanternfestival,32,23,-9,wine,34,31,-3,raisingcanes,19,18,-1,classmates,91,90,-1,seonghyeon,151,142,-9,,,,,veins,55,44,-11,conormcgregor,14,13,-1,familylove,12,11,-1,resellingtips,96,91,-5,fruitcuttingusa🇺🇸,166,165,-1,barista,74,72,-2,loadedfries,117,107,-10,iphone17pro,60,57,-3,genshin,35,33,-2,floridatravel,85,82,-3,gluelesswigs,96,88,-8,pharmacy,28,20,-8,pharmacy,28,20,-8,militaryhistory,15,11,-4,lawnmower,73,68,-5,lawnmower,73,68,-5,rctruck,159,153,-6,successhabits,35,33,-2,topthrill2,113,105,-8,dailynecessities,123,119,-4,boergoats,171,163,-8,spiritualtiktok🧿,123,112,-11,aestheticedit,161,158,-3,lirycs,177,179,2,юмор,117,113,-4,perfumeparahombre,165,162,-3,tattooedwomen,96,86,-10,aviacion,88,84,-4,fishinglures,62,59,-3,musthaves,59,59,0,maledancer,117,111,-6,fthulsokul,44,45,1,animales,80,73,-7,funnydogvideos,113,111,-2,canoncamera,13,14,1,goodthingsshare,81,68,-13,newlyweds,73,73,0,coronalmassejection,153,157,4,gymchalkasmr,144,133,-11,animecon,129,119,-10,adobepartner,5,5,0,,,,,knicks,2,3,1,highlights,53,49,-4,haunteddolls,79,71,-8,portablecharger,74,72,-2,rctruck,159,153,-6,floridatravel,85,82,-3,detailing,19,22,3,gta5,15,13,-2,crow,49,47,-2
luxury,15,14,-1,matura,84,84,0,myheroacadamia,115,107,-8,custombanner,82,75,-7,talaria,43,46,3,teething,81,79,-2,teething,81,79,-2,lip,111,106,-5,glow,110,97,-13,cleangirlnails,131,124,-7,stockstobuy,97,92,-5,building,10,11,1,juegosdemesa,40,37,-3,building,10,11,1,hocsinh,183,181,-2,seaworldorlando,149,147,-2,localnews,44,43,-1,fifaworldcup,17,16,-1,cookinghacks,58,59,1,foreverflowers,132,127,-5,朴子太子會,94,93,-1,learntodance,183,181,-2,surgeryrecovery,74,65,-9,cocktail,42,39,-3,trufru,37,36,-1,anthropology,134,133,-1,leeknow,83,73,-10,,,,,30daychallenge,62,51,-11,mtb,17,16,-1,alzheimer,21,20,-1,stockstobuy,97,92,-5,birthdaycake,8,6,-2,sandwich,75,73,-2,thingstodoinorlando,59,48,-11,fastcharging,71,68,-3,pokemoncommunity,36,34,-2,tiktokgostay,113,110,-3,extensionesdecabello,199,191,-8,backpainrelief,44,36,-8,backpainrelief,44,36,-8,victorianera,40,36,-4,affordablehousing,99,94,-5,affordablehousing,99,94,-5,squishys,45,38,-7,mindsetgrowth,45,43,-2,escaperoomtiktok,148,140,-8,estrangedparents,132,128,-4,horsetherapy,199,191,-8,amarredeamor,187,176,-11,theflash,196,193,-3,bsf,6,7,1,3danimation,125,121,-4,jeanpaulgaultier,25,21,-4,inkmaster,112,102,-10,helicopterride,105,101,-4,tentcamping,91,88,-3,casual,107,107,0,layyexe,126,120,-6,ziprset,45,46,1,frenchies,180,173,-7,weinerdog,130,128,-2,vloggingcamera,14,15,1,pickinglocks,83,70,-13,hockeyromancebooks,103,103,0,aarde,184,188,4,sudsy,63,51,-12,fnafpuppetcosplay,134,124,-10,creatortips,6,6,0,,,,,nbabasketball,5,6,1,fishtok,60,56,-4,ghosthunter,98,90,-8,aidetector,75,73,-2,squishys,45,38,-7,tiktokgostay,113,110,-3,cardetailing,22,25,3,redditstories,20,18,-2,axolotl,58,56,-2
sneakers,22,21,-1,tablasdemultiplicar,130,130,0,арт,152,144,-8,potterytok,111,104,-7,droppedtrucks,52,55,3,babylist,132,130,-2,babylist,132,130,-2,colourpop,122,117,-5,brows,115,102,-13,principiante,138,131,-7,commercialrealestate,145,140,-5,construccion,11,12,1,shadanddes,42,39,-3,construccion,11,12,1,mastersdegree,22,19,-3,africanparents,154,152,-2,inmigración,54,53,-1,playoffs,18,17,-1,bacon,75,76,1,diycenterpieces,151,146,-5,廟會紀錄,100,99,-1,streetdance,44,41,-3,relocating,77,68,-9,caffiene,171,168,-3,snackreview,50,49,-1,seniors,11,9,-2,embreighcourtlyn,109,99,-10,,,,,athletictraining,88,77,-11,boxeo,29,28,-1,siblingloss,24,23,-1,commercialrealestate,145,140,-5,candylovers,42,40,-2,vegan,84,82,-2,carnitas,72,61,-11,iphone13,75,72,-3,warzone,38,36,-2,itinerary,125,122,-3,curlyhairtutorial,49,40,-9,cuppingtherapy,71,63,-8,cuppingtherapy,71,63,-8,etymology,41,37,-4,memoryfoam,107,102,-5,memoryfoam,107,102,-5,porchgoose,54,47,-7,healingquotes,49,47,-2,knoebels,150,142,-8,vloggingcamera,146,142,-4,babygoatsoftiktok,51,42,-9,eggcleanse,168,156,-12,michaelmovie,37,33,-4,countrymusic,11,12,1,sga,136,132,-4,selftanner,35,31,-4,gauges,49,38,-11,cyclingtips,114,110,-4,fishman,108,105,-3,womenfashion,132,132,0,danceideas,165,159,-6,soudtrending,77,78,1,rescuedog,46,38,-8,petfriendly,162,160,-2,selfiestick,15,16,1,세탁꿀팁,190,177,-13,futurewife,153,153,0,3iatlasupdate,192,196,4,asmrrestock,67,55,-12,bluelockcosplay,144,134,-10,windows,7,7,0,,,,,nflfootball,7,8,1,sport,82,78,-4,tiktokhorror,131,123,-8,magsafecase,118,116,-2,porchgoose,54,47,-7,itinerary,125,122,-3,offroad,23,26,3,genshin,35,33,-2,walrus,60,58,-2
targetfinds,24,23,-1,gcsesciencerevision,151,151,0,pusheen,184,176,-8,caricatures,132,125,-7,harleydavidson,74,77,3,материнство,56,53,-3,материнство,56,53,-3,skincaretok,159,154,-5,selftan,123,110,-13,detroitnailtech,194,187,-7,creditcard,39,33,-6,agriculture,12,13,1,viralgame,48,45,-3,agriculture,12,13,1,commencement,40,37,-3,momhumor,21,18,-3,cubanosentiktok,70,69,-1,ronaldo,19,18,-1,easydessert,78,79,1,creativejournaling,182,177,-5,梓官共仁堂,123,122,-1,poledancing,46,43,-3,plasmadonation,117,108,-9,dunkindonuts,21,17,-4,buldakcarbonara,56,55,-1,mentalidad,14,12,-2,jhope,115,105,-10,,,,,cambiofisico,68,56,-12,seanstrickland,34,33,-1,firsttrimester,25,24,-1,creditcard,39,33,-6,cakeinspo,74,72,-2,asmrfood,89,87,-2,aguachile,90,79,-11,lenovo,109,106,-3,leagueoflegends,52,50,-2,hikes,164,161,-3,salonlife,54,45,-9,waterflosser,84,76,-8,waterflosser,84,76,-8,coolfacts,44,40,-4,bathroomorganization,139,134,-5,bathroomorganization,139,134,-5,btsmerch,174,167,-7,motivationalpage,83,81,-2,thrillride,76,67,-9,preeclampsia,193,189,-4,drafthorse,112,103,-9,collectivereading,51,38,-13,viraledit,52,48,-4,undergroundmusic,19,20,1,fanart,158,154,-4,laserhairremoval,68,64,-4,stretchedears,64,53,-11,bikeaccessories,137,133,-4,tacklebox,118,115,-3,casualstyle,151,151,0,katseye_debut,168,162,-6,glazeme,1,1,0,perros,50,42,-8,australianshepherd,76,73,-3,g7x,16,17,1,얼룩제거,192,179,-13,weddingday,7,6,-1,raumstation,195,199,4,fruitcutting,84,72,-12,realisticfursuit,97,86,-11,apps,10,10,0,,,,,stephoncastle,20,21,1,caitlinclark,86,82,-4,duendes,138,130,-8,iphone15promaxcase,159,157,-2,btsmerch,174,167,-7,hikes,164,161,-3,droppedtrucks,58,61,3,pokemoncommunity,36,34,-2,funnybirds,80,78,-2
clothes,29,28,-1,studytipsforstudents,153,153,0,saikik,194,186,-8,fashionillustration,144,137,-7,carculture,90,93,3,teethingbaby,83,80,-3,teethingbaby,83,80,-3,affordablemakeup,43,37,-6,hairoil,150,137,-13,phillynailtech,144,136,-8,fetchrewards,77,71,-6,diytools,17,18,1,quiztok,74,71,-3,diytools,17,18,1,decisionday,57,54,-3,darkhumor,40,37,-3,thunderstorm,79,78,-1,gymnastics,49,48,-1,tomato,130,131,1,ribbonroses,83,77,-6,0601,13,11,-2,groupdance,64,61,-3,colorwalk,123,114,-9,summerdrink,36,32,-4,tingz,78,77,-1,graduating,16,14,-2,amp,127,117,-10,,,,,womenwholift,69,57,-12,miketyson,38,37,-1,39weekspregnant,71,70,-1,fetchrewards,77,71,-6,airheads,104,102,-2,healthyeating,103,101,-2,gourmet,116,105,-11,flipphone,148,145,-3,apex,57,55,-2,islandlife,52,48,-4,burmesecurly,88,79,-9,debloating,146,138,-8,debloating,146,138,-8,derechoslaborales,67,63,-4,cleaningasmr,176,171,-5,cleaningasmr,176,171,-5,papersquishies,175,168,-7,changeyourthoughts,90,88,-2,disneynews,85,76,-9,scrapbook,59,54,-5,equinetherapy,169,160,-9,merjaherbs,68,55,-13,victorious,67,63,-4,sing,31,32,1,skit,46,41,-5,crestpartner,80,76,-4,tattooing,84,73,-11,crazycart,173,169,-4,snapper,142,139,-3,romper,157,157,0,disableddancer,169,163,-6,mirrorselfie,2,2,0,oceanlife,73,65,-8,redred,82,79,-3,couplephotoshoot,29,30,1,fregar,116,102,-14,datinglife,31,30,-1,fisica,7,10,3,granos,95,83,-12,deltarunecosplay,155,144,-11,videoediting,11,11,0,,,,,lsu,21,22,1,boxeo,165,161,-4,creepyvideo,162,154,-8,powerstrip,194,192,-2,papersquishies,175,168,-7,islandlife,52,48,-4,carculture,101,104,3,warzone,38,36,-2,conure,154,152,-2
ring,39,38,-1,unx,175,175,0,kimetsunoyaiba,85,76,-9,myartstyle,161,154,-7,mazda,105,108,3,miprincesa,84,81,-3,miprincesa,84,81,-3,eyeshadow,44,38,-6,minoxidil,200,187,-13,naildayvlog,164,156,-8,options,86,80,-6,firefighters,38,39,1,challengevideos,149,146,-3,firefighters,38,39,1,columbiauniversity,80,77,-3,lmfao,52,49,-3,coldcase,83,82,-1,footballedit,50,49,-1,sorbet,152,153,1,jabonesdeglicerina,127,121,-6,淨爐手,55,53,-2,trenddance,67,64,-3,pennyshoppingatdollargeneral,166,157,-9,matchatok,37,33,-4,freezerfrost,85,84,-1,freshmanyear,21,19,-2,coer,144,134,-10,,,,,gymcomedy,152,140,-12,enduro,50,49,-1,bestdadever,89,88,-1,options,86,80,-6,exoticsnacks,115,113,-2,pickles,106,104,-2,pizzeria,126,115,-11,powerstrip,174,171,-3,garenafreefire,65,63,-2,travelinspo,65,61,-4,edges,92,83,-9,sop,159,151,-8,sop,159,151,-8,criminallaw,72,68,-4,patio,54,48,-6,patio,54,48,-6,plush,44,36,-8,生活感悟,108,106,-2,canadaswonderland,93,84,-9,vlogger,105,100,-5,ranchtok,59,49,-10,geminis♊️,112,99,-13,team7bro,88,84,-4,remix,33,34,1,creepy,80,75,-5,chocomusk,87,83,-4,glittertattoo,100,89,-11,planespotting,29,24,-5,musky,156,153,-3,gradcap,186,186,0,acrodance,194,188,-6,photogenic,3,3,0,alligator,106,98,-8,dogfood,92,89,-3,kodakcharmera,96,97,1,lorin,154,140,-14,romancebooktok,38,37,-1,humananatomy,10,13,3,bottlebreaking,100,88,-12,nikke,78,66,-12,tutorialia,56,56,0,,,,,cowboys,22,23,1,wdw,166,162,-4,creepyfootage,199,191,-8,portablefan,18,15,-3,plush,44,36,-8,travelinspo,65,61,-4,mazda,117,120,3,leagueoflegends,52,50,-2,gatorboys,155,153,-2
bag,56,55,-1,anatomyquiz,8,7,-1,itachi,122,113,-9,contemporaryart,31,23,-8,bikelife,8,10,2,аринасавастру,92,89,-3,аринасавастру,92,89,-3,moisturizer,57,51,-6,acrylicnails,86,72,-14,melodysusie,50,41,-9,profit,91,85,-6,cleaningservice,87,88,1,highlandbros,19,15,-4,cleaningservice,87,88,1,anythingbutabackpack,142,139,-3,greenscreensticker,57,54,-3,flotilla,97,96,-1,alnassr,57,56,-1,butcher,14,14,0,cricuthacks,158,152,-6,光華陳家關聖帝君,92,90,-2,джампстайл,146,143,-3,cancerwarrior,45,35,-10,tequila,39,35,-4,wingstop,12,10,-2,classof2030,28,26,-2,southerncharm,156,146,-10,,,,,reformer,157,145,-12,sk8,77,76,-1,specialneedsparenting,99,98,-1,profit,91,85,-6,benandjerrys,41,38,-3,cocktails,108,106,-2,njfood,133,122,-11,coolingfan,23,19,-4,fivem,66,64,-2,snorkeling,73,69,-4,althair,98,89,-9,pharmacytiktok,171,163,-8,pharmacytiktok,171,163,-8,conocetusderechos,122,118,-4,homecleaning,83,77,-6,homecleaning,83,77,-6,plushie,48,40,-8,周文强,126,124,-2,waterparkfun,95,86,-9,fatherdaughterlove,134,129,-5,лошадь,65,55,-10,hekate,114,101,-13,romcom,159,155,-4,2000sthrowback,40,41,1,gojo,98,93,-5,beardcare,89,85,-4,rosetattoo,144,133,-11,электросамокат,34,29,-5,campingchairs,184,181,-3,handmade,10,9,-1,forró,99,92,-7,banglikes,4,4,0,panda,123,115,-8,weeniedog,121,118,-3,phonephotography,126,127,1,magicmop,168,154,-14,relationshiptalk,63,62,-1,speedoflight,11,14,3,chaoticasmr,131,119,-12,furryconvention,101,89,-12,приложение,92,92,0,,,,,kevindurant,26,27,1,cristiano,176,172,-4,uaptiktok,120,111,-9,coolgadgets,53,50,-3,plushie,48,40,-8,snorkeling,73,69,-4,bicycle,165,168,3,apex,57,55,-2,frog,23,20,-3
musthaves,63,62,-1,examprep,22,21,-1,animetok,123,114,-9,diamondpaintingaddict,46,38,-8,toyota,11,13,2,embedangyeu,108,105,-3,embedangyeu,108,105,-3,makeuplook,75,69,-6,manicure,99,85,-14,dndgelpolish,77,68,-9,financetok,94,88,-6,sheetrock,143,144,1,bookofken,51,47,-4,sheetrock,143,144,1,senoiryear,166,163,-3,comdey,61,58,-3,weather,10,8,-2,portugal,66,65,-1,homebaker,90,90,0,handmadedecor,167,161,-6,霓虹燈,121,119,-2,bendova,165,162,-3,ditlvlog,52,42,-10,martini,66,62,-4,crystalcandy,55,53,-2,class2026,34,32,-2,loveafterlockup,97,86,-11,,,,,pullup,43,30,-13,dagestan,114,113,-1,amordepadre,78,76,-2,financetok,94,88,-6,freshproduce,99,96,-3,burrito,117,115,-2,newmenu,138,127,-11,portable,41,37,-4,fc26,69,67,-2,travelphotography,131,127,-4,headspa,110,101,-9,omega3,175,167,-8,omega3,175,167,-8,queenelizabethi,132,128,-4,dollartreediy,87,81,-6,dollartreediy,87,81,-6,gundam,77,69,-8,quickreminder,132,130,-2,sanduskyohio,116,107,-9,lifeessentials,127,121,-6,ducklife,124,114,-10,pensilvania,116,103,-13,rickgrimes,172,168,-4,90smusic,101,102,1,deandilaurentis,110,105,-5,crestrealitycheckup,104,100,-4,utahtattooartist,177,166,-11,traintok,99,94,-5,bowhunting,52,48,-4,bikini,11,10,-1,spinpole,104,97,-7,fotitos❤📸,8,8,0,cattoys,142,134,-8,dogtips,173,170,-3,povphotography,143,144,1,cleanwithease,169,155,-14,lovelanguages,86,85,-1,brainfacts,12,15,3,asmrcrunch,154,142,-12,darknights,102,90,-12,adobecreativecloud,161,161,0,,,,,cubs,31,32,1,lebron,33,28,-5,panteon,129,120,-9,projector,72,69,-3,gundam,77,69,-8,travelphotography,131,127,-4,bikelife,9,11,2,garenafreefire,65,63,-2,babyanimals,27,24,-3
casual,111,110,-1,quadraticformula,88,86,-2,thorfinn,131,122,-9,художка,93,85,-8,biker,12,14,2,socutebaby,130,127,-3,socutebaby,130,127,-3,summerfridays,133,127,-6,nails💅,113,99,-14,bloominggel,124,115,-9,businessowners,107,101,-6,concrete,9,9,0,filterfun,52,48,-4,concrete,9,9,0,mascotreveal,44,40,-4,jaja,76,73,-3,justice,14,12,-2,dylanharper,114,113,-1,chocolatecoveredstrawberries,144,144,0,birthdaycard,57,50,-7,華壇陞座,39,36,-3,memphisjookin,191,188,-3,soberjourney,66,56,-10,mocktails,98,94,-4,lordswork,58,56,-2,maths,41,39,-2,kai,98,87,-11,,,,,garagegym,71,58,-13,dustinpoirier,124,123,-1,badinlaws,133,131,-2,businessowners,107,101,-6,caloriescount,162,159,-3,easydessert,154,152,-2,nyfood,165,154,-11,battery,44,40,-4,tocaboca,81,79,-2,vietnamtravel,145,141,-4,bohoknotlessbraids,131,122,-9,hijama,200,192,-8,hijama,200,192,-8,micronation,145,141,-4,remodelacion,116,110,-6,remodelacion,116,110,-6,cardcollector,82,74,-8,frasedeldia,11,8,-3,carsland,144,135,-9,girldadtiktok,129,123,-6,ganadería,180,170,-10,lectura,77,63,-14,conradfisher,179,175,-4,slayyyter,170,171,1,relationshipgoals,119,114,-5,chemicalpeel,145,141,-4,nosehoop,94,82,-12,eletricscooter,109,104,-5,waterfowl,77,73,-4,y2k,12,11,-1,dancinhas,116,109,-7,alexchinoedits,11,11,0,frog,97,88,-9,straycats,181,178,-3,สอนถ่ายภาพ,191,192,1,householdcleaning,77,62,-15,consejosdeamor,142,141,-1,physicsexperiment,13,16,3,asmrbrokenbottle,166,154,-12,clownoc,125,113,-12,aidetector,9,8,-1,,,,,indianafever,34,35,1,calisthenics,85,80,-5,thebayfamily,133,124,-9,automation,101,98,-3,cardcollector,82,74,-8,vietnamtravel,145,141,-4,toyota,12,14,2,fivem,66,64,-2,alligator,29,26,-3
shopnow,124,123,-1,sciencequiz,11,8,-3,thesummerhikarudied,168,159,-9,artideas,139,130,-9,driving,13,15,2,cutebabies,39,35,-4,cutebabies,39,35,-4,maccosmetics,134,128,-6,slickback,122,108,-14,nailstyle,155,146,-9,makingmoneyonline,157,151,-6,heavyequipment,14,14,0,gkquiz,125,121,-4,heavyequipment,14,14,0,seniorsunset,72,67,-5,sarcasm,104,101,-3,freepalestine,39,37,-2,mls,116,115,-1,haitianfood,175,175,0,diypartydecor,66,59,-7,caiqing,181,178,-3,layyexe,194,191,-3,slowmornings,82,72,-10,bubbletea,103,99,-4,olipoppartner,59,57,-2,militaryhistory,80,78,-2,podercerdito❤️,126,115,-11,,,,,rutinaencasa,125,112,-13,adrenalinerush,159,158,-1,mixedfamily,159,157,-2,makingmoneyonline,157,151,-6,thisinitialowesyou,178,175,-3,рецепты,194,192,-2,pizzahut,54,42,-12,projector,65,61,-4,ftf,135,133,-2,businessclass,154,150,-4,hairtrimmer,160,151,-9,plantarfasciitis,76,67,-9,plantarfasciitis,76,67,-9,tudors,29,24,-5,bedframe,119,113,-6,bedframe,119,113,-6,squishymaker,95,87,-8,motivationalspeaker,12,9,-3,universalstudiosflorida,87,77,-10,scrapbookingideas,144,138,-6,minifarm,90,79,-11,ritualesmagicos,131,117,-14,brandnewday,31,26,-5,music,1,1,0,series,148,143,-5,estrias,146,142,-4,scarcamouflage,149,137,-12,fixedgear,62,56,-6,fishingtiktok,82,78,-4,jewelry,13,12,-1,asisebaila,129,122,-7,facey,23,23,0,australianshepherd,113,104,-9,italiangreyhound,195,192,-3,digitalcamera,1,1,0,greaseremover,94,79,-15,billionaireromancereads,178,177,-1,titration,14,17,3,cornstarchsqueaks,189,177,-12,furrygirl,154,142,-12,widget,26,25,-1,,,,,newyorkyankees,94,95,1,alnassr,91,86,-5,reptilians,154,145,-9,humanizer,102,99,-3,squishymaker,95,87,-8,businessclass,154,150,-4,moto,21,23,2,tocaboca,80,78,-2,marinelife,36,33,-3
polkadot,130,129,-1,turnitin,14,11,-3,tshd,174,165,-9,artlovers,150,141,-9,dashcam,14,16,2,mixedbaby,52,48,-4,mixedbaby,52,48,-4,skinhealth,139,133,-6,affordablemakeup,128,114,-14,buildergelnails,56,46,-10,makemoneyfromyourphone,189,183,-6,remodeling,45,45,0,perfectpitchchallenge,151,147,-4,remodeling,45,45,0,graduateschool,101,96,-5,wifehumor,160,157,-3,crimestories,46,44,-2,worldcup,14,12,-2,airfryerrecipes,187,187,0,summercraft,74,67,-7,舞獅表演,11,7,-4,dubsmash,40,36,-4,polinanioly,141,131,-10,latte,23,18,-5,foodreaction,73,71,-2,summacumlaude,103,101,-2,mtv,133,122,-11,,,,,abroller,175,162,-13,miamigp,183,182,-1,parentloss,17,14,-3,makemoneyfromyourphone,189,183,-6,juicydroppop,56,52,-4,butcher,25,22,-3,bagels,57,45,-12,automation,89,85,-4,minecraftbedrock,193,191,-2,voyage,176,172,-4,middlepart,169,160,-9,autoimmune,96,87,-9,autoimmune,96,87,-9,residenciapermanente,34,29,-5,kitchendesign,145,139,-6,kitchendesign,145,139,-6,youtooz,103,95,-8,viralmotivation,13,10,-3,dorneypark,105,95,-10,weddingdiy,190,184,-6,silkies,96,85,-11,стрелец,198,184,-14,emotionalscene,84,79,-5,wlw,2,2,0,band,173,168,-5,underarmcare,188,184,-4,sanantoniotattooartist,156,144,-12,steamtrain,82,76,-6,redfish,83,79,-4,luxury,14,13,-1,triodance,74,66,-8,sharonosborne,31,31,0,puppytok,120,111,-9,poodle,67,63,-4,photobooth,2,2,0,tiplimpieza,142,127,-15,bodacivil,200,199,-1,diyscience,28,31,3,asmrmedical,115,102,-13,косплеер,161,149,-12,replit,67,66,-1,,,,,jaylenbrown,130,131,1,biceps,109,104,-5,videosdeterror,187,178,-9,lenovo,125,122,-3,youtooz,103,95,-8,voyage,176,172,-4,automotive,25,27,2,cyberpunk,104,102,-2,hummingbird,40,37,-3
casualstyle,156,155,-1,asvab,21,18,-3,shrek,76,66,-10,рисунки,87,77,-10,caraccessories,15,17,2,miraclebaby,88,84,-4,miraclebaby,88,84,-4,melasma,169,163,-6,afro,145,131,-14,squarenails,60,50,-10,buyersagent,192,186,-6,sonion,49,49,0,charlesandsylvia,34,29,-5,sonion,49,49,0,lsatprep,108,103,-5,familyhumor,170,167,-3,fraud,56,54,-2,lebron,21,19,-2,recetafacil,196,196,0,paperstars,75,68,-7,0517,27,23,-4,pointeshoes,50,46,-4,elhersdanlossyndrome,151,141,-10,tastesalud,63,58,-5,spicymayo,125,123,-2,graduación,108,106,-2,rhoa,118,106,-12,,,,,gymclothing,101,87,-14,anthonyjoshua,26,24,-2,pregnancytips,42,39,-3,buyersagent,192,186,-6,juicydropgummies,59,55,-4,chef,44,41,-3,dfwfoodie,80,68,-12,iphone15,90,86,-4,marvelrivals,9,6,-3,disneytravelplanner,185,181,-4,trimmer,47,37,-10,dementa,129,120,-9,dementa,129,120,-9,legaleducation,88,83,-5,wardrobeorganization,178,172,-6,wardrobeorganization,178,172,-6,animemerch,162,154,-8,goodmotivation,17,14,-3,shanghaidisneyland,156,146,-10,pregnantmom,197,191,-6,smallfarm,105,94,-11,гороскоп,73,58,-15,dramaticstory,91,86,-5,lyrics,3,3,0,filmclips,181,176,-5,brazilianwax,28,23,-5,darktattoo,175,163,-12,trainspotting,95,89,-6,glampingnotcamping,86,82,-4,sneakers,20,19,-1,fundance,122,114,-8,green💚,36,36,0,whale,134,125,-9,dogtreats,74,70,-4,digicam,3,3,0,đồgiadụng,171,156,-15,datingtips,19,17,-2,fermiparadox,35,38,3,asmrlive,130,117,-13,lightyagamicosplay,173,161,-12,ios26wallpaper,75,74,-1,,,,,shaigilgeousalexander,4,4,0,fighting,117,112,-5,horrorvibes,194,185,-9,vloggingcamera,130,127,-3,animemerch,162,154,-8,disneytravelplanner,185,181,-4,carwash,32,34,2,ftf,130,128,-2,birdlover,62,59,-3
romper,162,161,-1,grade6,52,49,-3,alnst,88,78,-10,mechanicalpencil,141,131,-10,moto,19,21,2,cutekid,112,108,-4,cutekid,112,108,-4,brownlashes,170,164,-6,humanhair,147,133,-14,559fresno,66,56,-10,credittips,46,39,-7,fiberoptics,105,105,0,wolfieandsylvia,35,30,-5,fiberoptics,105,105,0,stanforduniversity,143,138,-5,smlclips,179,176,-3,missingperson,59,57,-2,nbaedits,52,50,-2,shrimp,44,43,-1,diykit,79,72,-7,范府千歲,49,45,-4,newdances,72,68,-4,afterwork,43,32,-11,slushy,73,68,-5,sfinfluencer,136,134,-2,goodmotivation,166,164,-2,jin,128,116,-12,,,,,gymdad,150,136,-14,canelo,44,42,-2,dysfunctionalfamily,135,132,-3,credittips,46,39,-7,coldcandy,61,57,-4,bartender,47,44,-3,twincities,81,69,-12,mobilewallpaper,101,97,-4,peak,14,11,-3,summertravel,103,98,-5,houstonhairstylist,64,54,-10,multivitamin,140,131,-9,multivitamin,140,131,-9,laboral,95,90,-5,planting,198,192,-6,planting,198,192,-6,educationaltoy,190,182,-8,mrblakew,54,51,-3,rollarcoaster,183,173,-10,flowerbouquet,200,194,-6,horsebehavior,168,157,-11,amarres,83,68,-15,lawandorder,139,134,-5,song,4,4,0,memes,48,42,-6,electricshaver,44,39,-5,traditionaltattoos,182,170,-12,lufthansa,96,90,-6,fishon,89,85,-4,reseller,25,24,-1,dancetherapy,150,142,-8,bigkahuna,37,37,0,owl,163,154,-9,cattoys,97,93,-4,canon,4,4,0,tipstool,186,171,-15,moderndating,53,51,-2,планеты,36,39,3,slimemart,150,137,-13,hsrcosplay,122,109,-13,webdev,137,136,-1,,,,,okcthunder,11,11,0,james,130,125,-5,terrortiktok,117,107,-10,chargingstation,136,133,-3,educationaltoy,190,182,-8,summertravel,103,98,-5,talaria,48,50,2,tomodachi,165,163,-2,animallove,76,73,-3
gradcap,191,190,-1,percentage,91,88,-3,vocaloid,90,80,-10,cozycoloring,156,146,-10,automotive,23,25,2,babymusthave,113,109,-4,babymusthave,113,109,-4,lashtutorial,60,53,-7,showertok,111,96,-15,nailtrend,84,74,-10,wallstreet,50,43,-7,nowhiring,137,137,0,filtergames,58,53,-5,nowhiring,137,137,0,highschooladvice,154,149,-5,bab,180,177,-3,newstok,96,94,-2,sport,53,51,-2,meat,51,50,-1,epoxyart,82,75,-7,屏東萬丹天鳳會館,134,130,-4,neworleansbounce,73,69,-4,nycvlog,47,36,-11,fundrinks,74,69,-5,spicynoodlechallenge,141,139,-2,classof2025,45,42,-3,talkshow,198,186,-12,,,,,slimwaist,171,157,-14,bmx,49,47,-2,breakingthecycle,146,143,-3,wallstreet,50,43,-7,dipperzmoment,65,61,-4,ramen,58,55,-3,italianice,120,108,-12,skullcandy,108,104,-4,genshinimpact,17,14,-3,luxuryresort,119,114,-5,curlyhead,77,67,-10,holisticwellness,187,178,-9,holisticwellness,187,178,-9,narcisistas,117,112,-5,kitchenfinds,71,64,-7,kitchenfinds,71,64,-7,miniso,40,31,-9,motivationforwomen,69,66,-3,bouncehouse,62,51,-11,tripod,42,35,-7,funnychicken,196,185,-11,contortion,89,74,-15,billybutcher,33,27,-6,contenido,5,5,0,songs,88,82,-6,phlur,84,79,-5,tattoolife,38,25,-13,мтб,122,116,-6,riverfishing,95,91,-4,plussizefashion,37,36,-1,linedancetutorial,187,179,-8,bob43,38,38,0,dachshundsoftiktok,60,50,-10,miniaturedachshund,135,131,-4,tripod,5,5,0,기름때제거,195,180,-15,couplestok,54,52,-2,viralscience,56,59,3,asmrfacetouching,179,166,-13,streetmagic,165,152,-13,adblock,163,162,-1,,,,,pukanacuaformvp,18,18,0,seanstrickland,185,180,-5,criatura,153,143,-10,poolvacuum,166,163,-3,miniso,40,31,-9,luxuryresort,119,114,-5,charger,57,59,2,minecraftbedrock,186,184,-2,axolotlsoftiktok,102,99,-3
reseller,28,26,-2,phonicsforkids,39,35,-4,voiceacting,96,86,-10,bannerart,159,149,-10,charger,51,53,2,babywalker,129,125,-4,babywalker,129,125,-4,vitaminc,66,59,-7,retinol,121,106,-15,y2knails,105,95,-10,forextrader,80,73,-7,machine,16,15,-1,impostergame,60,55,-5,machine,16,15,-1,graduationvibes,157,152,-5,funnyprank,39,35,-4,abajoladictaduracubana,192,190,-2,zidane,75,73,-2,kitchenhack,69,68,-1,rosaseternas🌹,99,92,-7,天鳳會館電音三太子,135,131,-4,mrflawda,99,95,-4,tics,50,39,-11,drinkmix,163,158,-5,bethennymademetryit,143,141,-2,graduationspeech,144,141,-3,yungbludarmy,145,132,-13,,,,,pilatesbody,196,182,-14,islammakhachev,93,91,-2,thirdtrimesterbelike,60,56,-4,forextrader,80,73,-7,candyfruit,87,83,-4,healthyrecipes,59,56,-3,westvillage,141,129,-12,selfiestick,120,116,-4,videogames,19,16,-3,resortlife,140,135,-5,minoxidil,79,69,-10,invisibleillness,75,65,-10,invisibleillness,75,65,-10,georgiahistory,140,135,-5,decoracion,74,67,-7,decoracion,74,67,-7,squishtok,65,56,-9,loveiscoming,128,125,-3,altontowers,96,85,-11,alzheimers,84,77,-7,angus,46,34,-12,brujeriatiktok,130,115,-15,twilight,55,49,-6,lipsync,8,8,0,tarot,101,95,-6,nicheperfume,116,111,-5,tattoobalm,141,128,-13,trek,73,66,-7,bowfishing,98,94,-4,fashiontok,43,42,-1,danceenergy,105,96,-9,tiktokselfie,42,42,0,dogtreats,111,101,-10,doghumor,160,156,-4,photographersoftiktok,11,11,0,stroage,199,184,-15,mywife,57,55,-2,perseids,141,144,3,cornstarchaddiction,193,180,-13,catmaid,181,168,-13,ainews,29,27,-2,,,,,caitlinclark,19,19,0,mtb,99,93,-6,creepynight,182,172,-10,flipphone,167,164,-3,squishtok,65,56,-9,resortlife,140,135,-5,tractor,86,88,2,marvelrivals,9,6,-3,wildlifefacts,172,169,-3
plussizefashion,41,39,-2,grade8,48,44,-4,undertale,102,92,-10,satisfyingcoloring,178,168,-10,truckdriver,63,65,2,amordemama,145,141,-4,amordemama,145,141,-4,matureskin,72,65,-7,dollartreehaul,138,123,-15,prettynails,113,103,-10,couponingdealsthisweek,146,139,-7,tooltok,20,19,-1,outdoorgames,61,56,-5,tooltok,20,19,-1,classof2025🎓,163,158,-5,anagastelum,106,102,-4,republicans,67,64,-3,james,80,78,-2,cakes,76,75,-1,cardstock,100,93,-7,橋頭福安境聖母會,42,37,-5,x2sisters,132,128,-4,partyplace,63,52,-11,energydrinkaddicts,172,167,-5,bigbackactivities,53,50,-3,residenciapermanente,156,153,-3,oblivion,58,44,-14,,,,,leg,128,113,-15,joshuavan,121,119,-2,40weekspregnant,73,69,-4,couponingdealsthisweek,146,139,-7,wny,97,93,-4,glutenfree,66,63,-3,localcoffeeshop,86,73,-13,iphone15promaxcase,141,137,-4,subnautica,24,21,-3,grandtetons,142,137,-5,edgecontrol,81,71,-10,cellulite,67,56,-11,cellulite,67,56,-11,leis,20,14,-6,houseplants,76,69,-7,houseplants,76,69,-7,dollcollector,70,61,-9,godlyencouragement,168,165,-3,kidplay,180,169,-11,moneybouquet,89,82,-7,chickenmom,53,41,-12,привязка,143,128,-15,лучшиемоменты,162,156,-6,livemusic,23,23,0,offcampusseries,107,101,-6,parfumviral,117,112,-5,femaletattooartists,185,172,-13,heavydsparks,119,112,-7,angling,141,137,-4,whimsical,45,44,-1,powermoves,107,98,-9,wheredidthetimego?,113,113,0,birdtok,118,108,-10,dachshundsoftiktok,44,39,-5,graduationphotoshoot,18,18,0,kolya0081,87,71,-16,healthyrelationships,65,63,-2,宇宙科普,144,147,3,cuttingsend,61,47,-14,kemonofursuit,96,82,-14,节点搭建,64,62,-2,,,,,sophiecunningham,40,40,0,waltdisneyworld,124,118,-6,ufofiles,85,74,-11,coolingfan,25,21,-4,dollcollector,70,61,-9,grandtetons,142,137,-5,gmcsierra,126,128,2,peak,14,11,-3,entomology,176,173,-3
fashiontok,47,45,-2,essaytips,54,50,-4,tsundere,104,94,-10,ipaddrawing,120,109,-11,gmcsierra,114,116,2,desarrolloinfantil,176,172,-4,desarrolloinfantil,176,172,-4,viralmakeup,90,83,-7,creativemakeup,142,127,-15,pedi,123,113,-10,buyahouse,185,178,-7,contractor,23,22,-1,thegrigsbyfamily,92,87,-5,contractor,23,22,-1,schoolyearend,195,190,-5,funnycouples,133,129,-4,copsusa,77,74,-3,celebration,88,86,-2,lunchbox,87,86,-1,customtumbler,109,102,-7,誠伈轎伕,43,38,-5,nastysong,196,192,-4,minivlogs,102,91,-11,refresher,44,38,-6,conmuchoamor❤️❤️,62,59,-3,learntoread,197,193,-4,trishapaytas,72,58,-14,,,,,pumpcover,153,138,-15,rollerskates,179,177,-2,itsaboy,81,77,-4,buyahouse,185,178,-7,mangoes,107,103,-4,еда,70,67,-3,nycrecs,124,111,-13,poolvacuum,147,143,-4,rivals,48,45,-3,resorts,148,143,-5,koreanhaircare,116,106,-10,periodcare,161,150,-11,periodcare,161,150,-11,henryviii,54,48,-6,growyourownfood,78,71,-7,growyourownfood,78,71,-7,lalaloopsy,146,137,-9,actitudganadora,192,189,-3,legoland,61,49,-12,grandson,131,124,-7,cattleman,122,110,-12,candlemagic,186,171,-15,netflixseries,178,172,-6,lightskin,24,24,0,bleach,141,135,-6,perfumecombo,141,136,-5,bodymodifications,198,185,-13,towboat,161,154,-7,sturgeon,191,187,-4,twopieceset,46,45,-1,forrozeiro,127,118,-9,anglesmatter,6,5,-1,hummingbird,151,141,-10,puppytok,81,76,-5,kodakpixprofz55,20,20,0,hackyourlife,101,85,-16,loveofmylife,66,64,-2,esperimenti,169,172,3,sendsounds,62,48,-14,rinkagamine,120,106,-14,chatgptprompt,66,64,-2,,,,,playoffs,6,5,-1,outdoor,95,88,-7,mountshasta,106,95,-11,portable,46,42,-4,lalaloopsy,146,137,-9,resorts,148,143,-5,aircraft,132,134,2,genshinimpact,17,14,-3,otter,26,22,-4
whimsical,49,47,-2,manim,100,96,-4,reze,180,170,-10,paintingreveal,140,129,-11,carguy,123,125,2,secondchild,102,97,-5,secondchild,102,97,-5,newlaunch,138,131,-7,moisturizer,170,155,-15,nailsvideotutorial,139,129,-10,starbucksbarista,48,40,-8,junkremoval,39,38,-1,kanoodlechallenge,96,91,-5,junkremoval,39,38,-1,classof25,197,192,-5,countrykid,195,191,-4,poweroutage,84,81,-3,collegebaseball,111,109,-2,birria,89,88,-1,knittingtiktok,111,104,-7,神明的孩子,93,88,-5,freestyledance,85,80,-5,romanticizinglife,163,152,-11,mocktail,84,78,-6,mukbanger,68,65,-3,signingout,46,41,-5,armybts,166,152,-14,,,,,workoutgear,169,154,-15,ufcedit,23,20,-3,itsagirl,83,79,-4,starbucksbarista,48,40,-8,gummycandy,46,41,-5,easymeals,110,107,-3,portlandmaine,132,119,-13,сетап,194,190,-4,roleplay,61,58,-3,trips,163,158,-5,grayhair,149,139,-10,asthma,190,179,-11,asthma,190,179,-11,wwiihistory,123,117,-6,livingroom,96,89,-7,livingroom,96,89,-7,unboxingtoys,169,160,-9,disapline,71,67,-4,coasterenthusiast,77,65,-12,canoncamera,142,135,-7,performancehorses,184,172,-12,leos,200,185,-15,fullhouse,78,71,-7,noahkahan,25,25,0,datingadvice,172,166,-6,bathbombs,150,145,-5,americantraditional,55,41,-14,pulling,168,161,-7,monsterfish,57,52,-5,summermusthaves,98,97,-1,memphisjookin,128,119,-9,lizka,10,9,-1,seal,69,58,-11,blackcatsoftiktok,99,94,-5,photoideas,21,21,0,cableclip,137,121,-16,loml💍,68,66,-2,planeta,5,7,2,powderplay,112,98,-14,stagemagic,159,145,-14,canvaanimation,82,80,-2,,,,,wnba,8,7,-1,progress,108,101,-7,scareologist,112,101,-11,wirelesscharger,78,74,-4,unboxingtoys,169,160,-9,trips,163,158,-5,carmods,169,171,2,videogames,19,16,-3,wildanimals,43,39,-4
twopieceset,50,48,-2,matura2026,125,121,-4,spyxfamily,198,188,-10,linocutprint,158,147,-11,carmods,152,154,2,pamperspartner,38,32,-6,pamperspartner,38,32,-6,innisfree,160,153,-7,lipoil,188,173,-15,handmadepressonnails,165,155,-10,birks,102,94,-8,firstyearteacher,47,46,-1,couplesgames,98,93,-5,firstyearteacher,47,46,-1,collegegrad,35,29,-6,shanegillis,56,51,-5,crimescene,131,128,-3,wemby,16,13,-3,chocolatelover,92,91,-1,eternalbouquets,122,115,-7,北港不夜城,147,142,-5,moheadaintdead,174,169,-5,dumpster,36,24,-12,raspados,94,88,-6,viralcandy,72,69,-3,scienceexperiments,76,71,-5,snl,76,61,-15,,,,,looseskin,81,65,-16,iliatopuria,47,44,-3,familyphotos,85,81,-4,birks,102,94,-8,bazookacandybrands,63,58,-5,foodtruck,113,110,-3,houstonthingstodo,174,161,-13,smartphone,52,47,-5,retrogaming,86,83,-3,floridavacation,77,71,-6,diyhair,151,141,-10,cupping,83,71,-12,cupping,83,71,-12,visadeturismo,196,190,-6,mopping,106,99,-7,mopping,106,99,-7,tcgpokemon,170,161,-9,grindhard,79,75,-4,nintendoworld,112,100,-12,rosaseternas,147,140,-7,backyardflock,188,176,-12,cubing,106,90,-16,hulu,79,72,-7,band,29,29,0,court,191,185,-6,jawline,34,28,-6,memorialtattoo,157,143,-14,caseih,60,52,-8,whitetaildeer,94,89,-5,temuhaul,106,105,-1,merenguechallenge,154,145,-9,molion,14,13,-1,rabbitsoftiktok,127,116,-11,blacklab,111,106,-5,photoinspo,25,25,0,tipsrumah,97,80,-17,myboyfriend,71,69,-2,earthscience,9,11,2,obsessive,114,100,-14,pyramidhead,57,42,-15,appdevelopment,84,82,-2,,,,,sanantoniospurs,16,15,-1,portugal,110,103,-7,паранормальное,128,117,-11,iphone13,84,80,-4,tcgpokemon,170,161,-9,floridavacation,77,71,-6,motorcycle,5,6,1,subnautica,24,21,-3,birdfeeder,56,52,-4
summermusthaves,102,100,-2,scholarshiptok,142,138,-4,ocart,135,124,-11,grafftok,175,164,-11,motorcycle,4,5,1,tummytime,61,55,-6,tummytime,61,55,-6,makeuplover,196,189,-7,healthyhair,56,40,-16,pedicurekit,191,181,-10,drunkelephantpartner,150,142,-8,electrical,51,50,-1,moneyhunt,101,96,-5,electrical,51,50,-1,graduados,98,92,-6,baileylavender,119,114,-5,racism,29,25,-4,sanantoniospurs,48,45,-3,plantbased,107,106,-1,isabelsflores,125,118,-7,徐甲真人,101,95,-6,ttdance,179,174,-5,feedingtube,110,98,-12,watertok,56,49,-7,iceeatingasmr,104,101,-3,lastweekofschool,100,95,-5,meganfox,91,76,-15,,,,,coretraining,174,158,-16,fights,96,93,-3,37weekspregnant,94,90,-4,drunkelephantpartner,150,142,-8,dipperz,64,59,-5,outdoorcooking,114,111,-3,raspados,100,86,-14,aiglasses,72,67,-5,геншин,101,98,-3,bungalowskeylargo,124,118,-6,cabellosano,83,72,-11,fibromyalgia,172,160,-12,fibromyalgia,172,160,-12,britishempire,94,87,-7,limpiezadecasa,136,129,-7,limpiezadecasa,136,129,-7,beyblade,51,41,-10,认知思维,102,98,-4,seaworldsanantonio,135,123,-12,g7x,152,145,-7,showsheep,45,32,-13,risingsign,129,113,-16,thesummeriturnedpretty,131,124,-7,situationship,30,30,0,michaeljacksonedit,198,192,-6,dovepartner,53,47,-6,hannya,163,149,-14,mafiabikes,104,96,-8,swimbait,106,101,-5,goldjewelry,113,112,-1,polefitnessbeginner,135,125,-10,moli0n,17,16,-1,funnydogvideos,174,163,-11,cattoy,131,126,-5,cancunbeach,39,39,0,ovencleaninghack,145,128,-17,weddingplanningtips,137,135,-2,carlsagan,34,36,2,oddlysatisfyingasmr,140,126,-14,narutocosplay,86,71,-15,aiwritingtool,111,109,-2,,,,,pukanacua,17,16,-1,universalstudioshollywood,188,181,-7,twosentencehorror,161,150,-11,techaccessories,91,87,-4,beyblade,51,41,-10,bungalowskeylargo,124,118,-6,ford,7,8,1,rivals,48,45,-3,everglades,61,57,-4
temuhaul,110,108,-2,mathtutorial,143,139,-4,bleachanime,139,128,-11,handpaintedbanner,62,50,-12,ford,6,7,1,momandbaby,165,159,-6,momandbaby,165,159,-6,glittermakeup,53,45,-8,nailsart,98,82,-16,nailglueremover,198,188,-10,realtortips,162,154,-8,electricaltools,53,52,-1,colorguess,164,159,-5,electricaltools,53,52,-1,2025graduate,116,110,-6,peda,185,180,-5,justicia,33,29,-4,golfer,69,66,-3,meal,155,154,-1,scrapbookideas,171,164,-7,高雄徐福會,103,97,-6,fundance,185,180,-5,21birthday,175,162,-13,refreshers,86,79,-7,chewing,115,112,-3,graudation,116,111,-5,yeraofficial,143,128,-15,,,,,creatina,76,59,-17,mmafighter,146,143,-3,surrogacyjourney,103,99,-4,realtortips,162,154,-8,chipsalad,92,87,-5,matchalover,121,118,-3,comidaperuana,131,117,-14,iphonewallpaper,113,108,-5,gamingmemes,108,105,-3,floridasprings,127,121,-6,layers,102,91,-11,wart,173,161,-12,wart,173,161,-12,theus,107,100,-7,pooltok,133,125,-8,pooltok,133,125,-8,squishytok,152,142,-10,tdjakesmotivation,199,195,-4,аквапарк,193,181,-12,clayart,77,69,-8,scottishhighland,119,106,-13,alchemy,61,43,-18,chinesedrama,136,129,-7,boysoftommen,117,117,0,yera,109,102,-7,bodytrimmer,93,87,-6,femaletattooer,72,57,-15,oshkosh,146,138,-8,fishingadventure,122,117,-5,boho,171,170,-1,flyingpole,144,134,-10,яживотное,25,24,-1,weeniedog,183,172,-11,talkingdog,158,153,-5,selfportrait,23,22,-1,vitroceramica,167,150,-17,engagementphotos,175,173,-2,artandscience,46,48,2,selfdefensekeychain,200,186,-14,roguecosplay,146,131,-15,artlist,134,132,-2,,,,,danawhite,63,62,-1,wemby,26,18,-8,rosscoulthart,184,173,-11,wirelesscharging,93,89,-4,squishytok,152,142,-10,floridasprings,127,121,-6,honda,11,12,1,roleplay,61,58,-3,petbird,104,100,-4
goldjewelry,117,115,-2,dek69,136,131,-5,denji,146,135,-11,modernart,86,74,-12,honda,10,11,1,dancingbaby,50,42,-8,dancingbaby,50,42,-8,nighttimeroutine,68,60,-8,bald,103,87,-16,nailprep,111,100,-11,studentloans,40,31,-9,hardwoodflooring,116,115,-1,giiker,179,174,-5,hardwoodflooring,116,115,-1,gradspeech,125,119,-6,caida,90,84,-6,abortion,52,48,-4,manchesterunited,86,83,-3,cheflife,46,44,-2,tumblermaker,179,172,-7,枋寮德興宮天上聖母平安遶境,188,181,-7,naenae,188,183,-5,vloglife,58,44,-14,drinkrecipe,109,102,-7,spicybowls,23,19,-4,justgraduated,102,96,-6,вирт,189,174,-15,,,,,resistancebands,85,68,-17,ufcwhitehouse,151,148,-3,2ndtrimester,105,101,-4,studentloans,40,31,-9,candybouquet,113,108,-5,mukbangasmr,169,166,-3,koreanfriedchicken,187,173,-14,newphone,115,110,-5,tank,117,114,-3,exploregeorgia,162,156,-6,updo,105,94,-11,digestiveenzymes,60,47,-13,digestiveenzymes,60,47,-13,newyorklawyer,109,102,-7,gardeninghacks,151,143,-8,gardeninghacks,151,143,-8,pokemonhunting,188,178,-10,athelete,26,21,-5,monstersunchained,84,71,-13,embarazofeliz,102,94,-8,frison,137,124,-13,hecate,105,87,-18,werewolf,156,149,-7,readersoftiktok,188,188,0,thebigbangtheory,165,158,-7,axilas,101,95,-6,coloradotattooartist,191,176,-15,самокаты,189,181,-8,campground,123,118,-5,quietluxury,185,184,-1,usacontent,101,90,-11,moli0nedit,34,33,-1,cattoy,197,186,-11,rats,164,159,-5,filmphotography,24,23,-1,kenhabep,113,95,-18,marriageadvice,42,39,-3,cienciatododia,157,159,2,freezerfrost,77,62,-15,mago,91,75,-16,aitoolsyouneed,157,155,-2,,,,,guardians,109,108,-1,boxing🥊,69,61,-8,interdimensionalbeings,195,184,-11,iphone15,100,96,-4,pokemonhunting,188,178,-10,exploregeorgia,162,156,-6,biker,14,15,1,fc26,69,66,-3,turtles,45,40,-5
womenfashion,137,135,-2,aqabiology,186,180,-6,blmanhwa,151,140,-11,artclass,76,63,-13,bronco,79,80,1,pottytraininingmama,66,58,-8,pottytraininingmama,66,58,-8,eyepatches,106,98,-8,bodywash,116,100,-16,nailjourney,162,151,-11,colourpopcosmetics,53,44,-9,goldmining,119,118,-1,drinkinggames,55,49,-6,goldmining,119,118,-1,highschoolgrad,139,133,-6,comedytok,137,131,-6,rottenmango,115,111,-4,carvajal,152,149,-3,jerseymikes,82,80,-2,epoxypour,197,190,-7,0316,25,16,-9,passinhodojamal,82,76,-6,lifeinyour30s,186,172,-14,secretmenu,135,128,-7,cheesepull,31,27,-4,endofschool,115,109,-6,ekane,94,78,-16,,,,,gymmotivacion,109,92,-17,martialarts,25,21,-4,babylist,142,138,-4,colourpopcosmetics,53,44,-9,candyjar,53,47,-6,birthdaycake,109,105,-4,southbay,192,178,-14,galaxys26,116,111,-5,guessinggame,127,124,-3,coloradoadventures,188,182,-6,freeformdreads,106,95,-11,adhdawareness,79,66,-13,adhdawareness,79,66,-13,ayudalegal,138,131,-7,decorating,155,147,-8,decorating,155,147,-8,llavero,198,188,-10,dailymotivationalquotes,18,12,-6,parqueacuatico,115,102,-13,eternalroses,138,130,-8,dustbath,144,131,-13,eicc,110,92,-18,интернысериал,169,162,-7,secretaccount,7,6,-1,spurs,28,20,-8,perfumesmasculinos,107,101,-6,latattooartist,81,65,-16,superyacht,130,121,-9,eel,126,121,-5,quinceañera,24,22,-2,animedance,134,123,-11,이모지따라하기,60,59,-1,goldenretrieverlife,71,59,-12,goldenretrieverlife,51,45,-6,tripodstand,27,26,-1,desatascador,134,116,-18,bfgf,43,40,-3,fimdahumanidade,193,195,2,butterslime,102,87,-15,kemono,93,77,-16,mobileapp,162,160,-2,,,,,sportsedit,117,116,-1,themepark,97,89,-8,historiadeterror,121,109,-12,mobilewallpaper,115,111,-4,llavero,198,188,-10,coloradoadventures,188,182,-6,driving,15,16,1,retrogaming,85,82,-3,nest,75,70,-5
boho,176,174,-2,مرشحات_ثالث_متوسط,81,74,-7,pinkiepie,200,189,-11,sketchbookart,89,76,-13,kia,87,88,1,babytips,76,68,-8,babytips,76,68,-8,facialtreatment,115,107,-8,eyeshadow,135,119,-16,elegantnails,172,161,-11,memecoins,75,66,-9,slabs,128,127,-1,challengegame,66,60,-6,slabs,128,127,-1,classof,159,153,-6,смехдослез,140,134,-6,crimereality,122,118,-4,youthsports,190,187,-3,privatechef,94,92,-2,ribbonlei,63,55,-8,彰化共協堂,136,127,-9,dancinhas,178,172,-6,nycsnow,61,46,-15,bartok,146,139,-7,sffoodie,67,63,-4,victorianera,176,170,-6,rayasianboy,100,84,-16,,,,,onlinecoach,163,146,-17,charlesoliveira,73,69,-4,reencuentro,52,47,-5,memecoins,75,66,-9,juicydrops,60,54,-6,kitchenhack,138,134,-4,chicagofoodie,99,84,-15,chargingstation,118,113,-5,mw3,148,145,-3,nyctravel,171,164,-7,haircareproducts,138,127,-11,processedfood,138,125,-13,processedfood,138,125,-13,psicologiamasculina,161,154,-7,luxuryrealestate,168,160,-8,luxuryrealestate,168,160,-8,buildabear,75,64,-11,hardhittingquotes,63,57,-6,magickeyholder,151,138,-13,39weekspregnant,157,149,-8,backyardfarm,113,99,-14,afirmaciones,163,145,-18,amc,191,184,-7,pioneertemplate,22,21,-1,secretaccount,38,30,-8,burberrybeauty,110,104,-6,cattattoo,88,72,-16,miniexcavator,131,122,-9,fishcontent,151,146,-5,sandals,40,38,-2,пилон,148,137,-11,linachau,76,75,-1,ranchlife,91,79,-12,pittiesoftiktok,186,180,-6,canonpowershot,35,34,-1,đồdùngnhàbếp,140,122,-18,romancebookrecs,46,43,-3,ciencia,2,3,1,asmrrealperson,129,114,-15,theriangear,99,83,-16,openai,18,15,-3,,,,,spurs,3,1,-2,zidane,127,119,-8,evp,139,127,-12,newphone,133,129,-4,buildabear,75,64,-11,nyctravel,171,164,-7,dashcam,16,17,1,gamingmemes,106,103,-3,backyardbirds,100,95,-5
quietluxury,190,188,-2,tiktokmath,109,102,-7,webtoon,100,88,-12,bulletjournal,112,99,-13,carrepair,89,90,1,bamboobabyclothes,169,161,-8,bamboobabyclothes,169,161,-8,softglam,48,39,-9,cosrx,156,140,-16,nailgoals,135,123,-12,grubhub,78,69,-9,cobre,135,134,-1,cashdrop,79,73,-6,cobre,135,134,-1,senioritis,41,34,-7,alljokes,141,135,-6,lawandcrime,130,126,-4,shai,73,69,-4,novelmaster,102,100,-2,giftwrapping,90,82,-8,舞狮比赛,30,20,-10,2peopledance,97,90,-7,livinginmycar,81,66,-15,chug,151,144,-7,чтояемзадень,111,107,-4,etymology,180,174,-6,kevingates,108,92,-16,,,,,classpass,168,151,-17,fmx,100,96,-4,crianza,80,75,-5,grubhub,78,69,-9,neverknown,62,56,-6,cakes,151,147,-4,clevelandohio,105,90,-15,dynamicwallpaper,149,144,-5,tomodachi,172,169,-3,sunsetlover,181,174,-7,burstfade,146,135,-11,insomnio,148,135,-13,insomnio,148,135,-13,laboralista,128,120,-8,pillows,88,79,-9,pillows,88,79,-9,pintrading,120,109,-11,认知觉醒,124,118,-6,happiestplaceonearth,117,103,-14,amordepadre,169,161,-8,onthefarm,155,141,-14,قصائد,101,82,-19,jurassicpark,194,187,-7,musictok,27,26,-1,rakai,57,49,-8,darkunderarms,113,107,-6,ietattooartist,106,90,-16,tricicloeletrico,149,140,-9,deadliestcatch,154,149,-5,crocs,51,49,-2,bailadores,177,166,-11,neemah448,116,115,-1,sheep,94,82,-12,animallove,194,188,-6,cinematicphotography,49,48,-1,hopdungquanaogapgon,150,132,-18,intimacy,49,46,-3,sciencetok,3,4,1,триггеры,191,176,-15,larptok,112,96,-16,cursor,41,38,-3,,,,,tombrady,57,55,-2,sanantoniospurs,76,67,-9,rykerwebb,163,151,-12,bluetooth,36,31,-5,pintrading,120,109,-11,sunsetlover,181,174,-7,caraccessories,17,18,1,tank,114,111,-3,babybird,113,108,-5
quinceañera,27,24,-3,tipsdeestudio,114,107,-7,teentitans,150,138,-12,cuadrospersonalizados,135,122,-13,эндуро,97,98,1,toddlerlearningactivities,191,183,-8,toddlerlearningactivities,191,183,-8,pestañas,61,52,-9,lashtutorial,176,160,-16,frenchtiptoes,142,130,-12,venturecapital,196,187,-9,airconditioner,26,24,-2,wordpuzzle,91,85,-6,airconditioner,26,24,-2,تخرج,60,53,-7,poochina,143,137,-6,urgente,135,131,-4,ball,92,88,-4,treatmaker,115,113,-2,handicraft,94,86,-8,三鳳宮,162,151,-11,latindance,102,94,-8,beatcancer,178,163,-15,spritz,138,130,-8,costcofoodcourt,170,166,-4,collegegraduation,27,20,-7,salishmatter,125,109,-16,,,,,dfyneshorts,170,153,-17,f1drivers,139,135,-4,expecting,115,110,-5,venturecapital,196,187,-9,mrfancycandy,66,60,-6,matchatok,183,179,-4,seattlefood,162,147,-15,onefish,158,153,-5,bug,197,194,-3,marriott,190,183,-7,hairappointment,173,162,-11,publichealth,107,93,-14,publichealth,107,93,-14,factz,69,60,-9,couch,100,91,-9,couch,100,91,-9,collectors,125,114,-11,quotemotivation,173,167,-6,attractions,158,144,-14,bestdadever,191,183,-8,goslings,111,95,-16,angeles,103,84,-19,godzilla,73,65,-8,corridos,28,27,-1,sheldon,64,56,-8,phlurfragrance,143,137,-6,flatpiercing,173,157,-16,absolute,174,165,-9,nash,176,171,-5,maxidress,85,83,-2,抖音潮流舞蹈大赛,189,178,-11,noeosorio,9,7,-2,babyanimals,103,91,-12,gofundme,50,43,-7,позы,184,183,-1,boncaudidong,181,163,-18,hopelessromantic,81,78,-3,humanbody,4,5,1,asmrhaircut,122,106,-16,fursuitmaking,123,107,-16,aihumanizer,43,40,-3,,,,,montrealcanadiens,96,94,-2,physique,96,87,-9,horor,72,59,-13,battery,48,43,-5,collectors,125,114,-11,marriott,190,183,-7,truckdriver,70,71,1,mw3,142,139,-3,natureismetal,148,142,-6
sandals,44,41,-3,longdivision,117,110,-7,animatic,172,160,-12,portraitart,155,142,-13,exhaust,176,177,1,babyanddog,115,106,-9,babyanddog,115,106,-9,retinal,76,67,-9,sensitiveskin,120,103,-17,dndgel,174,162,-12,100envelopechallenge,92,82,-10,powertools,35,33,-2,guessthevoice,104,98,-6,powertools,35,33,-2,co2025,151,144,-7,hauntedpostcard,72,64,-8,uvaldetx,187,183,-4,dallaswings,130,126,-4,ninjacreami,119,117,-2,driedflowers,106,98,-8,liondancecompetition,18,5,-13,danceduo,121,113,-8,breastcancerwarrior💕,190,175,-15,champagne,150,142,-8,spicybowl,27,22,-5,sophomoreyear,88,81,-7,virt,173,157,-16,,,,,gympartner,122,104,-18,rafting,178,174,-4,milksupply,124,119,-5,100envelopechallenge,92,82,-10,thrivemarketpartner,83,77,-6,traderjoes,45,40,-5,lasvegaseats,179,164,-15,cliponfan,193,188,-5,gameplay,34,30,-4,couplestrip,196,189,-7,hairsalon,75,63,-12,lymedisease,135,121,-14,lymedisease,135,121,-14,romanhistory,108,99,-9,mobilehome,150,141,-9,mobilehome,150,141,-9,gunpla,139,128,-11,quotesthathitdifferent,22,15,-7,islandofadventure,164,150,-14,bumpdate,110,101,-9,funnyfarm,94,77,-17,protectionspell,183,164,-19,growtogether,82,74,-8,masc,46,45,-1,livemusic,155,147,-8,pmu,169,163,-6,losangelestattooartist,86,69,-17,golfcarts,188,179,-9,jigging,22,16,-6,set,94,92,-2,waveya,193,182,-11,softlesbiantiktok🏳️‍🌈✌😜,41,39,-2,animalsworld,124,112,-12,gsp,79,72,-7,mobilefilmmaking,187,186,-1,vesinhnhacua,131,112,-19,relationshipcoach,118,115,-3,scienceexperiment,8,9,1,tiktokasmr,123,107,-16,konigcod,130,114,-16,contenthack,51,48,-3,,,,,victorwembanyama,12,9,-3,manchesterunited,141,132,-9,creepytiktok,102,89,-13,creatortips,64,59,-5,gunpla,139,128,-11,couplestrip,196,189,-7,kia,98,99,1,bug,190,187,-3,ticks,25,18,-7
crocs,55,52,-3,profeluis,189,182,-7,thesimpsons,114,101,-13,ceramicartist,165,152,-13,acura,178,179,1,babylaugh,142,133,-9,babylaugh,142,133,-9,lashtok,100,91,-9,gurunanda,133,116,-17,ncnailtech,161,148,-13,alineainvest,93,83,-10,mechanical,43,41,-2,dailyquestion,183,177,-6,mechanical,43,41,-2,yearbook,32,24,-8,thebasementyard,85,77,-8,planecrash,171,166,-5,horseriding,155,151,-4,tortilla,179,177,-2,craftkit,119,111,-8,0518,26,13,-13,majorettedance,130,122,-8,rockhounding,49,33,-16,rootbeer,189,181,-8,freeway,43,38,-5,sciencequiz,92,85,-7,adrianalima,195,179,-16,,,,,kevinlevrone,161,143,-18,box,37,32,-5,bonusdad,185,180,-5,alineainvest,93,83,-10,candyhaul,138,132,-6,chilis,52,47,-5,مطاعم,153,137,-16,handheldfan,56,50,-6,undertale,96,92,-4,cheapflights,101,93,-8,barberia,80,68,-12,antidepressants,153,139,-14,antidepressants,153,139,-14,northcarolinahistory,181,172,-9,vegetablegarden,153,144,-9,vegetablegarden,153,144,-9,watergunfight,186,175,-11,danzelwashingtonspeech,25,17,-8,magickingdompark,178,164,-14,selfiestick,155,146,-9,canadageese,173,155,-18,amarre,81,60,-21,sadedit,148,140,-8,lanializa,106,105,-1,artistsoftiktok,146,137,-9,gourmandperfume,78,71,-7,phoenixtattoo,105,88,-17,skidsteer,36,26,-10,floridafishing,63,56,-7,depop,103,101,-2,sansimon,155,143,-12,videogen,22,19,-3,catvideo,130,118,-12,rabbitsoftiktok,85,78,-7,creativephotography,8,6,-2,laukinh,133,114,-19,romancerecs,168,165,-3,archivoxtraño,63,64,1,carpetwashing,180,164,-16,monokuma,87,70,-17,uiux,107,104,-3,,,,,traeyoung,79,76,-3,giants,162,153,-9,gettysburg,104,91,-13,windows,66,61,-5,watergunfight,186,175,-11,cheapflights,101,93,-8,carrepair,100,101,1,gameplay,34,30,-4,squirrelsoftiktok,57,50,-7
maxidress,89,86,-3,becaritacetina,99,91,-8,speedpaint,132,119,-13,dailychallenge,55,41,-14,car,1,1,0,1yearold,51,41,-10,1yearold,51,41,-10,elf,59,49,-10,taperfade,171,154,-17,catnails,170,157,-13,badcredit,100,90,-10,ruferos,72,70,-2,doordrink,102,95,-7,ruferos,72,70,-2,mezuniyet,194,186,-8,karinatorres,135,127,-8,truecrimestory,22,16,-6,neymar,15,10,-5,snacktime,50,47,-3,tejido,164,156,-8,朴子侯府天上聖母地母娘娘,97,84,-13,tanzen,126,117,-9,troubledteenindustry,145,129,-16,dunkinorder,192,184,-8,tteokbokki,80,75,-5,frasedeldia,112,105,-7,jafiavalencia,168,151,-17,,,,,wheyprotein,165,147,-18,adrenaline,39,34,-5,nonverbal,32,26,-6,badcredit,100,90,-10,lays,78,71,-7,coffeetok,53,48,-5,happytastesgood,154,138,-16,wirelesscharging,83,77,-6,callofdutywarzone,133,129,-4,boutiquehotel,137,129,-8,cuidadodelcabello,93,81,-12,lupus,64,49,-15,lupus,64,49,-15,americanindian,84,74,-10,homeupgrade,72,62,-10,homeupgrade,72,62,-10,puppets,117,105,-12,dailystoic,85,77,-8,rocknrollercoaster,78,63,-15,emotionalregulation,166,157,-9,racingpigeons,177,159,-18,palmistry,98,76,-22,starwarstiktok,140,131,-9,transgirl,196,195,-1,lmao,154,145,-9,summerperfume,85,78,-7,oldtattoo,133,115,-18,argobromoaanggrek,68,58,-10,campingtrip,64,57,-7,bridesmaids,116,114,-2,mjdance,161,149,-12,gegnosoanna,29,26,-3,gofundme,68,55,-13,bigdog,115,108,-7,sesiondefotos,26,24,-2,consejoslimpieza,149,129,-20,mygirlfriend,60,56,-4,funexperiment,77,78,1,lavandoamano,103,86,-17,angeloc,184,167,-17,designerinyourpocket,113,110,-3,,,,,insidethenba,120,114,-6,strengthtraining,179,170,-9,skinwalkers,115,102,-13,aiglasses,80,75,-5,puppets,117,105,-12,boutiquehotel,137,129,-8,эндуро,108,109,1,undertale,95,91,-4,possum,67,60,-7
set,98,95,-3,mathknowledge,111,103,-8,animeart,144,131,-13,penandink,119,105,-14,carsoftiktok,2,2,0,momboy💙,64,54,-10,momboy💙,64,54,-10,beautyhack,119,109,-10,deodorant,107,89,-18,dippowder,196,183,-13,buildwealth,139,129,-10,skillbuilder,73,71,-2,guessthecountry,78,70,-8,skillbuilder,73,71,-2,csuf,48,39,-9,husbandandwifehumor,182,174,-8,unsolved,72,66,-6,chelsea,94,89,-5,healthysnacks,72,69,-3,handmadecrafts,173,165,-8,千秋寶誕,113,100,-13,dancefor2people,154,145,-9,hearingvoices,162,146,-16,bartending,93,84,-9,spicychallenge,134,129,-5,collegegrad,55,47,-8,santosbravos,197,180,-17,,,,,hybridtraining,181,163,-18,boxingtraining,97,92,-5,familyreunion,54,48,-6,buildwealth,139,129,-10,balancedmeals,154,147,-7,easydinner,81,76,-5,njfoodie,108,91,-17,voicerecording,132,126,-6,marvelrivalsclips,75,70,-5,luxurystay,138,130,-8,hairhealth,164,152,-12,sidesleeper,113,98,-15,sidesleeper,113,98,-15,losthistory,104,94,-10,bedroominspo,124,114,-10,bedroominspo,124,114,-10,toycar,145,133,-12,happinessjourney,155,147,-8,splashpad,94,79,-15,itsaboy,173,164,-9,turkeysoftiktok,187,169,-18,приворот,113,91,-22,مسلسلات,195,186,-9,spam,21,19,-2,lightskin,157,148,-9,goatee,71,63,-8,tattoostudio,47,28,-19,zeroturn,139,129,-10,shimano,69,62,-7,backpack,121,119,-2,adultdanceclass,176,164,-12,boreno,151,148,-3,otter,101,87,-14,minidachshundpuppy,117,110,-7,dancephotography,52,50,-2,plastikziplock,180,160,-20,myforever,143,139,-4,physics,1,1,0,sleepsounds,121,103,-18,mikantsumikicosplay,189,172,-17,tiktoktutorials,150,147,-3,,,,,arsenalfc,48,38,-10,coreworkout,199,190,-9,paranormalpodcast,148,135,-13,fastcharging,82,77,-5,toycar,145,133,-12,luxurystay,138,130,-8,helicopter,136,137,1,геншин,100,96,-4,naturefacts,74,67,-7
depop,107,104,-3,уравнение,123,115,-8,jujutsu,192,179,-13,artoftheday,127,113,-14,cartok,3,3,0,adorablebaby,100,90,-10,adorablebaby,100,90,-10,larocheposayusa,172,162,-10,curlyhairtutorial,130,111,-19,nailsnailsnails,69,55,-14,gopuff,195,185,-10,logging,81,79,-2,bachelorettegames,134,126,-8,logging,81,79,-2,senior26,103,94,-9,memetok,107,98,-9,civilrights,103,97,-6,trickshot,100,95,-5,pastel,74,71,-3,gradlei,62,53,-9,jinannsg,178,165,-13,hiphopdancer,108,98,-10,dailyplanner,157,140,-17,healthydrink,119,110,-9,chamoypickle,142,137,-5,communitycollege,82,74,-8,moonwalker,141,123,-18,,,,,heatedworkout,97,78,-19,hillclimb,136,131,-5,expectingmom,56,50,-6,gopuff,195,185,-10,candybar,148,140,-8,summerrecipes,82,77,-5,tacosalpastor,130,113,-17,ceilingfan,134,128,-6,motonovel,102,97,-5,glampingnotcamping,173,165,-8,scalp,166,154,-12,hotflashes,85,69,-16,hotflashes,85,69,-16,tudortok,152,142,-10,organizer,130,120,-10,organizer,130,120,-10,pooltoys,181,169,-12,bestversionofmyself,195,187,-8,overtheedge,107,92,-15,bookshopping,187,178,-9,miniaturehorse,79,60,-19,tarotlovereading,159,137,-22,exposepoint,74,64,-10,limpbizkit,189,187,-2,aot,168,159,-9,rabanneparfums,195,187,-8,nosecuff,194,175,-19,lametro,167,157,-10,fishingaddict,74,67,-7,curvyfashion,131,129,-2,patosdeminasmg,115,102,-13,smalltownsmokeshow,24,20,-4,gsp,117,103,-14,pleasehelp,122,115,-7,cannong7x,148,146,-2,lifehacksforhome,90,69,-21,couplephotoshoot,176,171,-5,scienceexperiments,6,6,0,asmrsquishy,126,108,-18,maomaocosplay,103,85,-18,tutorialtiktok,59,54,-5,,,,,ajawilson,171,160,-11,neymar,24,14,-10,призрак,190,176,-14,galaxys26,131,126,-5,pooltoys,181,169,-12,glampingnotcamping,173,165,-8,carguy,139,140,1,callofdutywarzone,128,124,-4,birding,97,90,-7
essentials,154,151,-3,mathe,140,132,-8,mad,134,120,-14,artimprovement,183,169,-14,mechanic,9,9,0,rylen,125,115,-10,rylen,125,115,-10,wispylashes,175,165,-10,hygieneproducts,136,117,-19,dippowdernails,148,134,-14,finance101,67,56,-11,forestry,144,142,-2,gamefilter,50,41,-9,forestry,144,142,-2,collegeessay,115,106,-9,aiprank,117,108,-9,judge,26,19,-7,manchestercity,163,158,-5,cocinamexicana,184,181,-3,resinpour,85,76,-9,左楠轎伕,62,47,-15,박성은,140,130,-10,readingvlog,30,12,-18,bartenderlife,57,47,-10,muckbangeatingshow,108,102,-6,anatomyquiz,85,77,-8,gmmtv,190,172,-18,,,,,dfyneimpact,184,165,-19,trails,160,155,-5,coparentingstruggles,172,166,-6,finance101,67,56,-11,realisticcake,116,107,-9,cookinghacks,118,113,-5,dallasthingstodo,191,174,-17,dualcamera,198,192,-6,jumpscare,114,109,-5,hotelrecommendation,186,178,-8,hairtiktok,86,73,-13,lowerbackpain,134,118,-16,lowerbackpain,134,118,-16,worldwartwo,167,157,-10,nightstand,186,176,-10,nightstand,186,176,-10,giftforkids,84,71,-13,successprinciples,20,11,-9,darkuniverse,121,106,-15,momadvice,189,180,-9,pastureraised,161,142,-19,moonsign,120,96,-24,dramazone,97,87,-10,album,34,31,-3,corridos,170,161,-9,facialhair,76,67,-9,semicolontattoo,130,110,-20,caterpillarequipment,176,166,-10,pike,84,77,-7,essentials,149,147,-2,caporales,123,110,-13,fotossincronizadas,33,29,-4,sealife,145,131,-14,newpuppy,127,120,-7,مصور,177,175,-2,meovatgiadinh,98,77,-21,contemporaryromance,192,187,-5,earthfacts,21,21,0,scalpscratching,127,109,-18,skulldog,178,160,-18,webdevelopment,90,85,-5,,,,,ancelotti,55,43,-12,golfer,116,106,-10,jumpersjumppodcast,101,86,-15,selfiestick,140,135,-5,giftforkids,84,71,-13,hotelrecommendation,186,178,-8,exhaust,194,195,1,fleethefacility,135,131,-4,squirrels,50,42,-8
dior,168,165,-3,niñosaprendiendo,163,155,-8,procreate,133,118,-15,writech,185,170,-15,biketok,18,18,0,cosleeping,111,100,-11,cosleeping,111,100,-11,skintific,51,40,-11,salonlife,139,120,-19,fallnails,182,168,-14,navyfederal,104,93,-11,treeremoval,88,84,-4,guesstheword,84,75,-9,treeremoval,88,84,-4,graduation2025,79,69,-10,workbestie,122,113,-9,stephaniesoo,124,116,-8,match,168,163,-5,birriatacos,97,93,-4,louisecarmen,147,138,-9,0929,78,61,-17,朴星垠,145,135,-10,glitsxo,68,50,-18,nespressopartner,92,82,-10,picklekit,158,152,-6,turnitin,113,104,-9,stephencolbert,112,93,-19,,,,,ejercicios,186,167,-19,кхл,155,149,-6,mommytobe,143,136,-7,navyfederal,104,93,-11,groceryrestock,134,125,-9,soda,130,125,-5,thingstodoinboston,193,176,-17,vacuumcleaner,46,39,-7,fleethefacility,141,136,-5,lagoon,200,192,-8,hairflip,84,70,-14,neurosurgeon,198,182,-16,neurosurgeon,198,182,-16,lostcivilization,189,179,-10,amazonhome,91,80,-11,amazonhome,91,80,-11,miniconstruction,114,100,-14,everydaymotivation,89,80,-9,buschgardenstampabay,124,109,-15,flowerbouquets,194,185,-9,ducklingsoftiktok,129,109,-20,cupstacking,90,64,-26,descendants,108,98,-10,ellekennedy,62,59,-3,scared,178,169,-9,parfume,155,146,-9,houstontattooshop,99,78,-21,fixie,98,87,-11,rivermonster,103,96,-7,dior,163,161,-2,kpopcoverdance,163,150,-13,wiwii,80,76,-4,blackcatsoftiktok,149,135,-14,catmeme,152,145,-7,photoshootlocation,99,96,-3,lifehackindonesia,132,111,-21,betrayaltrauma,190,184,-6,funfactoftheday,32,32,0,poros,133,115,-18,cosplaywip,141,122,-19,notta,131,126,-5,,,,,diamondbacks,191,179,-12,ball,152,142,-10,uaps,99,83,-16,ceilingfan,152,147,-5,miniconstruction,114,100,-14,lagoon,200,192,-8,acura,196,197,1,marvelrivalsclips,74,69,-5,ferretsoftiktok,83,74,-9
bridesmaids,121,117,-4,alevelbio,185,177,-8,berserk,166,151,-15,canvas,25,9,-16,nissan,48,48,0,pediatricot,193,181,-12,pediatricot,193,181,-12,beautyproducts,95,84,-11,pestañas,178,159,-19,trendingnails,93,78,-15,alineaapp,123,112,-11,pintores,199,195,-4,penandpaper,158,149,-9,pintores,199,195,-4,collegetok,92,82,-10,oldestchild,147,138,-9,clima,182,174,-8,champions,112,106,-6,nachos,106,102,-4,bouquettutorial,156,147,-9,南洲陳公舘,154,137,-17,spinpole,158,148,-10,dumpsterdive,40,21,-19,liquor,118,108,-10,krispykremedonuts,192,185,-7,mastersdegree,38,28,-10,parishilton,146,127,-19,,,,,gymprogresss,80,60,-20,scubadiving,36,29,-7,epidural,88,80,-8,alineaapp,123,112,-11,usacandy,75,65,-10,lunchbox,166,161,-5,dallasrestaurants,122,104,-18,techaccessories,81,74,-7,subnautica2,31,25,-6,royalcaribbean,37,28,-9,wolfcut,137,123,-14,doctorexplains,154,137,-17,doctorexplains,154,137,-17,historicalevents,126,115,-11,homedepotdecor,101,90,-11,homedepotdecor,101,90,-11,kidsgifts,124,110,-14,highiq,28,18,-10,disneyorlando,182,167,-15,37weekspregnant🤰🏼,196,187,-9,hoofhorse,132,112,-20,speedcubing,180,153,-27,filmmaking,143,133,-10,gracieabrams,176,173,-3,alightmotion,183,174,-9,carroten,140,130,-10,splittongue,159,138,-21,pwc,187,176,-11,whitetail,121,114,-7,stickybra,199,197,-2,danceforyou,118,104,-14,自撮り,35,30,-5,wildanimals,157,143,-14,petsupplies,191,184,-7,storytellingphotography,157,154,-3,houseliving,188,166,-22,couplestherapy,36,29,-7,quimicaorganica,85,85,0,blackheadextraction,158,140,-18,codcosplayer,151,132,-19,programmer,28,22,-6,,,,,club520podcast,183,170,-13,shai,122,111,-11,viralhorror,100,84,-16,solarlight,158,153,-5,kidsgifts,124,110,-14,royalcaribbean,37,28,-9,car,1,1,0,jumpscare,111,106,-5,stingray,59,49,-10
backpack,126,122,-4,الحروف_العربية,82,72,-10,codegeass,199,184,-15,glitterart,152,136,-16,led,66,66,0,babyskincare,166,153,-13,babyskincare,166,153,-13,skincaretiktok,112,101,-11,parfum,155,135,-20,qiek,184,169,-15,friendshiptest,125,114,-11,ruferos💯,37,32,-5,babyshowergame,165,156,-9,ruferos💯,37,32,-5,pinningceremony,112,102,-10,salonhorrorstories,153,144,-9,climate,163,153,-10,indianafever,118,112,-6,orzo,173,169,-4,crochetvlog,160,151,-9,素還真,182,162,-20,tiktokdance2025,131,120,-11,mytruth,170,151,-19,titos,142,132,-10,mcdonaldsmukbang,102,94,-8,degree,77,67,-10,suga,150,131,-19,,,,,creatinegummies,130,110,-20,ufc_mma_sport,42,35,-7,brotherlylove,107,97,-10,friendshiptest,125,114,-11,driedfruit,155,145,-10,homebaker,172,167,-5,chicagothingstodo,157,139,-18,tablet,84,76,-8,mortalkombat,37,31,-6,maldives,38,29,-9,boxbraids,145,131,-14,ssri,131,113,-18,ssri,131,113,-18,oldworldtiktok,187,176,-11,walldecor,166,155,-11,walldecor,166,155,-11,rchobby,200,186,-14,mindsetiskey,100,90,-10,disneylandtips,103,87,-16,lifestylevlog,149,139,-10,kunekune,165,145,-20,speedstacks,149,120,-29,gossipgirl,147,137,-10,rave,32,28,-4,countrymusic,67,57,-10,lipblush,160,150,-10,dogtattoo,131,109,-22,nobrakes,191,180,-11,tent,42,34,-8,jewelrytok,167,164,-3,bailarin,142,128,-14,isharana1,18,12,-6,blacklab,172,158,-14,catvideo,88,80,-8,mirrorlesscamera,200,197,-3,bovesinh,185,162,-23,husbandgoals,113,106,-7,tormentasolar,125,125,0,weirdasmr,178,160,-18,maskedtok,192,173,-19,تطبيقات,99,93,-6,,,,,arsenalfans,129,115,-14,celebration,147,136,-11,hauntedhistory,141,125,-16,vacuumcleaner,50,44,-6,rchobby,200,186,-14,maldives,38,29,-9,carsoftiktok,2,2,0,subnautica2,31,25,-6,rattlesnake,86,75,-11
curvyfashion,136,132,-4,afqt,113,101,-12,till,149,133,-16,landscapepainting,118,101,-17,luxurycars,86,86,0,babycousin,195,182,-13,babycousin,195,182,-13,eyeshadowstick,184,173,-11,houstonhairstylist,162,141,-21,whitenails,86,69,-17,nikeairmax,155,144,-11,concretelife,86,81,-5,dicegame,75,65,-10,concretelife,86,81,-5,masteredit,94,83,-11,funnyjokes,168,159,-9,johnkiriakou,42,31,-11,premierleague,30,23,-7,recetasfáciles,183,179,-4,polymerclayart,175,166,-9,恆春親友,82,57,-25,danceoff,143,132,-11,vlogfamiliar,84,61,-23,winetasting,156,146,-10,picklelover,106,98,-8,preschoolgraduation,117,107,-10,survivorcbs,174,155,-19,,,,,gymmusic,198,178,-20,seanomalley,197,190,-7,embryotransfer,196,183,-13,nikeairmax,155,144,-11,ورق_عنب,191,180,-11,beer,40,34,-6,jerkchicken,169,151,-18,fastcharge,87,79,-8,gamenight,72,66,-6,tablerocklake,149,140,-9,стрижка,175,161,-14,adhdbrain,104,85,-19,adhdbrain,104,85,-19,holocaustrembrance,118,106,-12,curbappeal,181,170,-11,curbappeal,181,170,-11,legocollection,122,107,-15,winyourday,156,146,-10,universalislandsofadventure,126,110,-16,prisonstory,178,168,-10,desensitizing,104,82,-22,seanhensley,157,127,-30,jennaortega,149,139,-10,independentartist,118,114,-4,spotify,91,81,-10,bikiniline,125,114,-11,fakenosering,178,156,-22,krlcommuterline,66,54,-12,campingessentials,61,53,-8,graphictees,168,165,-3,merenguedancing,196,181,-15,70后的女人,175,169,-6,crow,192,178,-14,rescuecat,120,112,-8,iphonephotography,42,38,-4,fastclean,141,117,-24,bestgfever,117,110,-7,bioclass,154,154,0,balloonpop,110,91,-19,keegan,131,110,-21,goodlock,179,173,-6,,,,,jaylinwilliams,199,185,-14,conormcgregor,81,69,-12,realhorror,164,148,-16,smartphone,57,51,-6,legocollection,122,107,-15,tablerocklake,149,140,-9,cartok,3,3,0,mortalkombat,37,31,-6,budgie,115,104,-11
jewelrytok,172,168,-4,mathmatics,141,129,-12,limbuscompany,190,174,-16,paintingvideo,128,111,-17,minibike,102,102,0,twinboys,99,85,-14,twinboys,99,85,-14,cleanser,191,180,-11,mensfragrance,165,144,-21,pressonnailsbusiness,187,170,-17,affordability,163,152,-11,aireacondicionado,67,61,-6,alphabetchallenge,86,76,-10,aireacondicionado,67,61,-6,csusb,120,109,-11,extremelove,78,68,-10,crimetoks,114,103,-11,kevindurant,91,84,-7,lonche,32,27,-5,cutegift,163,153,-10,保安宮,87,62,-25,caporales,186,175,-11,mackinac,161,138,-23,mixeddrinks,174,164,-10,wingstopranch,48,39,-9,commencement,67,56,-11,wonhee,200,181,-19,,,,,dumbbellworkout,123,102,-21,parkour,54,46,-8,autismparenting,110,96,-14,affordability,163,152,-11,onthegosnacks,106,94,-12,shrimp,95,89,-6,thingstodoinsandiego,180,162,-18,iphone11,99,91,-8,mlbballstar,77,71,-6,floridabeaches,169,160,-9,dmvhairstylist,99,84,-15,sleepapnea,162,143,-19,sleepapnea,162,143,-19,ancientireland,139,127,-12,mowingthelawn,190,179,-11,mowingthelawn,190,179,-11,tcgcollector,158,143,-15,ambición,182,172,-10,incredicoaster,157,141,-16,nonverbal,67,56,-11,gypsyvanner,159,136,-23,energiapositiva,166,136,-30,интерны,152,142,-10,macdemarco,135,131,-4,wnba,99,89,-10,gourmand,162,151,-11,piercingvideo,114,91,-23,escooters,71,59,-12,freshwater,114,106,-8,fallfashion,177,174,-3,jookin,67,51,-16,alinaconstantin,52,44,-8,poodle,100,85,-15,litterbox,141,133,-8,graduationphotos,63,59,-4,estropajos,148,124,-24,goddessenergy,133,126,-7,birthprocess,78,76,-2,мыло,101,81,-20,jinxcosplay,70,47,-23,filmora,30,23,-7,,,,,chetholmgren,50,33,-17,epcot,151,138,-13,horrotok,176,160,-16,iphonewallpaper,134,128,-6,tcgcollector,158,143,-15,floridabeaches,169,160,-9,ebike,4,4,0,mlbballstar,76,70,-6,trashpanda,129,118,-11
graphictees,173,169,-4,actexam,164,152,-12,deltarune,126,109,-17,stringart,114,96,-18,windowtint,162,162,0,rustyn,164,150,-14,rustyn,164,150,-14,sunprotection,69,57,-12,trimmer,127,105,-22,goldnails,156,138,-18,hurryup,200,189,-11,manhole,75,69,-6,viraltiktoktrend,118,108,-10,manhole,75,69,-6,schoolend,141,130,-11,maxamini,109,99,-10,voteblue,166,155,-11,finale,115,108,-7,bagels,157,152,-5,washitape,172,162,-10,康府千歲,89,64,-25,bacardi,197,186,-11,smplsck,103,79,-24,zerosugar,75,64,-11,mexicansnack,182,173,-9,tudors,135,124,-11,messymaj,153,133,-20,,,,,thighmaster,140,119,-21,caneloalvarez,88,80,-8,breastfeedingsupport,192,177,-15,hurryup,200,189,-11,graduationcake,80,67,-13,asmreating,115,109,-6,disneysnacks,184,166,-18,solarlight,140,132,-8,deltarune,120,113,-7,lapland,184,175,-9,sunsetaesthetic,90,74,-16,burnoutrecovery,174,155,-19,burnoutrecovery,174,155,-19,abogadalatina,188,175,-13,modern,192,181,-11,modern,192,181,-11,remotecontrol,173,158,-15,lifelessonadvice,187,177,-10,elitchgardens,167,151,-16,surrogate,114,103,-11,buckinghorse,148,123,-25,esoterismo,177,147,-30,telenovelas,157,147,-10,dancehall,182,178,-4,nflfootball,100,90,-10,veneers,61,49,-12,ietattoos,135,111,-24,boatinglife,112,100,-12,fishingseason,169,161,-8,authentic,179,176,-3,danceroutine,151,135,-16,polskadziewczyna🇵🇱✌️🙂,70,61,-9,toypoodle,138,123,-15,pethealth,155,147,-8,ohiophotographer,79,74,-5,أفكار_وإبداعات,158,133,-25,romancebookrecommendations,147,140,-7,kinhhienvi97,196,194,-2,relaxingvibes,120,99,-21,telekinesispowers,163,139,-24,aihacks,65,58,-7,,,,,mourinho,84,67,-17,premierleague,47,33,-14,lakemonster,114,97,-17,voicerecording,148,142,-6,remotecontrol,173,158,-15,lapland,184,175,-9,mechanic,10,10,0,motonovel,101,95,-6,whaleshark,39,27,-12
fallfashion,182,178,-4,mathpuzzle,147,134,-13,sololeveling,147,129,-18,customwallart,197,179,-18,trucktok,7,6,-1,viralbaby,178,164,-14,viralbaby,178,164,-14,protectorsolar,99,86,-13,glittermakeup,161,139,-22,htxnailtech,157,139,-18,401k,116,104,-12,yarderos,100,94,-6,speakingchallenge,167,157,-10,yarderos,100,94,-6,birrete,191,180,-11,joesantagato,103,92,-11,дтп,125,113,-12,strava,160,153,-7,caramel,79,73,-6,birthdaybouquet,192,182,-10,高雄文玄境,84,58,-26,danceenergy,159,147,-12,becomingthatgirl,148,122,-26,loadedteasathome,136,125,-11,dillpickle,54,44,-10,leis,104,92,-12,asaprocky,142,120,-22,,,,,lcarnitine,142,121,-21,tyson,130,122,-8,babyreveal,120,103,-17,401k,116,104,-12,krogerdeals,151,138,-13,cocacola,120,114,-6,steakhouse,58,39,-19,hometheater,69,59,-10,игра,129,122,-7,travelcouple,121,111,-10,texasbeauty,91,75,-16,deeptissuemassage,192,173,-19,deeptissuemassage,192,173,-19,marianatrench,102,88,-14,bathroommakeover,86,74,-12,bathroommakeover,86,74,-12,stuffedanimals,137,121,-16,人生智慧,119,107,-12,gradnite,53,36,-17,crianza,170,159,-11,stockshowkids,198,168,-30,scorpioseason,199,168,-31,viralpakistanidrama,99,88,-11,rollingloud,52,47,-5,undergroundmusic,130,120,-10,unisexfragrance,170,158,-12,nyctattoo,117,92,-25,fixed,123,111,-12,bigbass,79,70,-9,mensshorts,180,177,-3,familydance,198,180,-18,ретроспектива,57,47,-10,rescuecat,181,166,-15,pethumor,132,123,-9,arkansasphotographer,100,95,-5,dicas_utilidadesfacil,107,81,-26,datingtok,69,61,-8,analemma,105,102,-3,henryhoover,177,156,-21,knightcore,150,125,-25,aiforcreators,109,102,-7,,,,,alexcaruso,142,121,-21,collegebaseball,193,179,-14,roswell,125,108,-17,dynamicwallpaper,168,162,-6,stuffedanimals,137,121,-16,travelcouple,121,111,-10,biketok,20,20,0,игра,124,118,-6,seaturtle,73,61,-12
authentic,184,180,-4,alevel,43,29,-14,helluvaboss,167,149,-18,paintwithme,44,25,-19,auctions,107,106,-1,vaquerito,190,176,-14,vaquerito,190,176,-14,tiktokshopfindsfyp,158,145,-13,menscologne,175,153,-22,pressontoenails,163,144,-19,tjrclips,127,115,-12,bluecolar,158,152,-6,retosdivertidos,189,179,-10,bluecolar,158,152,-6,collegegraduate,33,21,-12,funnytok,124,112,-12,officialfinechina,193,181,-12,arsenal,29,21,-8,tacotuesday,145,139,-6,uvresin,189,178,-11,玉皇四殿下,176,147,-29,powermoves,162,150,-12,unclaimedpackages,109,77,-32,ghostenergy,99,87,-12,papayasalad,172,162,-10,decisionday,106,94,-12,chrissturniolo,161,139,-22,,,,,aestheticbody,155,133,-22,mountaineering,83,73,-10,fatherinlaw,169,150,-19,tjrclips,127,115,-12,princesscake,169,155,-14,matchalatte,123,117,-6,tokyofood,144,125,-19,galaxyai,128,118,-10,amongus,88,80,-8,lisbon,157,147,-10,damagedhair,103,87,-16,diabetestipo2,150,130,-20,diabetestipo2,150,130,-20,procesomigratorio,111,97,-14,rvliving,110,98,-12,rvliving,110,98,-12,booknook,147,130,-17,usamotivation,127,115,-12,starwarsnite,173,156,-17,familyphotos,181,170,-11,itsamandalee,192,161,-31,venussign,111,79,-32,amazonprime,122,111,-11,purplerain,123,118,-5,noahkahan,159,149,-10,tanninggel,191,179,-12,chicagotattoo,160,135,-25,kukiring2,138,126,-12,grouper,78,68,-10,tummycontrol,92,88,-4,mjimpersonator,93,74,-19,bangladashi,96,80,-16,pleasehelp,184,169,-15,doggo,136,127,-9,keychaincamera,104,99,-5,wiredishcloth,163,137,-26,lovemybf,78,70,-8,научныйэксперимент,180,177,-3,slowrisesquishy,149,127,-22,cosplaycontest,162,137,-25,swipewipe,135,128,-7,,,,,aaronrodgers,87,65,-22,anthonyjoshua,154,139,-15,actividadparanormal,143,126,-17,handheldfan,61,54,-7,booknook,147,130,-17,lisbon,157,147,-10,harleydavidson,84,84,0,vtuberclips,198,192,-6,wildlifeencounter,149,137,-12
mensshorts,185,181,-4,سادس_ابتدائي,90,76,-14,eren,173,155,-18,potterystudio,162,143,-19,стант,119,118,-1,babyactivities,133,118,-15,babyactivities,133,118,-15,hormonalacne,174,160,-14,gelnails,180,158,-22,homebasednailtech,168,149,-19,facelessmarketing,130,118,-12,schoolnurse,176,170,-6,juegosenfamilia,95,83,-12,schoolnurse,176,170,-6,classof2024,59,47,-12,mommysgoodboy,161,149,-12,scammers,109,95,-14,footba,146,138,-8,antojitos,190,184,-6,ramoseternos,180,168,-12,橋頭神將會,143,113,-30,forró,153,140,-13,jianniversace,167,134,-33,21andover,108,96,-12,gummycandy,75,64,-11,columbiauniversity,148,136,-12,yoongi,187,165,-22,,,,,gymstyle,156,134,-22,khabib,84,74,-10,secondtimemom,66,40,-26,facelessmarketing,130,118,-12,smackin,177,163,-14,espresso,134,128,-6,atlantafood,155,136,-19,handmassager,165,155,-10,gamedev,188,180,-8,travelgram,195,185,-10,ogxpartner,113,97,-16,peptidetherapy,177,156,-21,peptidetherapy,177,156,-21,штефанов,174,160,-14,texashomes,199,187,-12,texashomes,199,187,-12,pokemontcgcommunity,165,147,-18,mindsetmastery,61,48,-13,claw,191,174,-17,eveningroutine,184,173,-11,свинки,147,115,-32,soulconnection,139,107,-32,desperatehousewives,128,117,-11,donomar,148,142,-6,pioneertemplate,142,131,-11,bodyscrub,103,90,-13,aztattooartist,126,100,-26,g2master,200,188,-12,fishingadventures,152,142,-10,weddingguestdress,102,98,-4,ryudai,85,63,-22,trangbog,174,132,-42,newpuppy,190,175,-15,tabbycat,107,97,-10,birthdayphotos,116,111,-5,lifetrick,196,169,-27,physicaltouch,99,91,-8,31atlas,33,29,-4,asmrback,72,49,-23,drsimibailando,196,171,-25,love8,145,138,-7,,,,,charlesbarkley,141,117,-24,arsenal,46,30,-16,videosdemiedo,170,153,-17,apps,90,83,-7,pokemontcgcommunity,165,147,-18,travelgram,195,185,-10,luxurycars,97,97,0,deltarune,117,110,-7,sloth,95,82,-13
tummycontrol,96,91,-5,revisiontips,179,165,-14,zackdfilms,136,117,-19,shellart,176,156,-20,mechanics,140,139,-1,14monthsold,147,132,-15,14monthsold,147,132,-15,anua,188,174,-14,southernbelle,186,164,-22,essie,171,152,-19,realestatehacks,170,158,-12,asphalt,61,54,-7,lyinggame,115,103,-12,asphalt,61,54,-7,highschoolreunion,136,124,-12,paolitasuarez,99,86,-13,carloseduardoespina,117,101,-16,victorwembanyama,36,27,-9,caketok,85,78,-7,custombottles,181,169,-12,出陣日常,145,115,-30,oldtiktokdances,157,144,-13,jiannistiktok,168,135,-33,orangejuice,129,115,-14,samyang,87,76,-11,asvab,174,161,-13,babymonster,188,166,-22,,,,,турник,182,159,-23,юфс,196,186,-10,registrymusthaves,179,151,-28,realestatehacks,170,158,-12,bjsrestaurant,85,70,-15,healthysnacks,143,137,-6,bayareafoodie,159,140,-19,iphone15promax,167,157,-10,геншинимпакт,163,154,-9,travelinspiration,198,188,-10,haireducation,127,111,-16,hidradenitissuppurativa,186,165,-21,hidradenitissuppurativa,186,165,-21,luat,179,164,-15,patiodecor,89,75,-14,patiodecor,89,75,-14,toytok,166,148,-18,danzelwashington,86,73,-13,xcelerator,99,80,-19,pregnancytips,91,79,-12,livestockphotography,99,65,-34,عرافة,195,161,-34,bellaswan,163,151,-12,kendricklamar,72,64,-8,attackontitan,144,133,-11,skinsosoft,148,135,-13,tonguesplit,134,108,-26,railfan,90,77,-13,спиннинг,172,162,-10,underwear,138,134,-4,bachatas,138,116,-22,jutiapaneca🤠♥️,13,,,birdwatching,116,100,-16,dachshundpuppy,108,98,-10,instantcamera,142,137,-5,dicaútil,170,141,-29,relationshipquotes,90,81,-9,tiktokscience,27,22,-5,roleplayasmr,135,112,-23,arcanecosplay,76,50,-26,instagramupdate,58,50,-8,,,,,coyg,108,81,-27,martialarts,153,137,-16,lizzieborden,159,141,-18,handmassager,184,177,-7,toytok,166,148,-18,travelinspiration,198,188,-10,minibike,113,113,0,amongus,87,79,-8,birdlovers,85,71,-14
weddingguestdress,106,101,-5,профильнаяматематикаегэ,104,89,-15,bfdi,140,121,-19,artreel,188,167,-21,subwoofer,158,157,-1,travelwithbaby,73,57,-16,travelwithbaby,73,57,-16,koreansunscreen,190,176,-14,vitaminc,191,169,-22,greennails,101,81,-20,savingchallenge,95,81,-14,skidsteer,63,56,-7,rajafiltertiktok,198,186,-12,skidsteer,63,56,-7,seniorsunrise,177,165,-12,comedyreels,136,122,-14,politicalsatire,138,121,-17,selecaobrasileira,70,60,-10,choppedcheese,105,98,-7,crafttutorial,187,175,-12,潮州包家六姐妹,192,158,-34,usacontent,151,137,-14,dumpsterfinds,189,154,-35,lemondrop,145,131,-14,chelcielynn,122,111,-11,yearbook,52,38,-14,naoya,124,101,-23,,,,,bodygolas,106,81,-25,bullriding,56,45,-11,seniorcare,109,78,-31,savingchallenge,95,81,-14,snackdrawer,131,116,-15,pastel,145,139,-6,htxfoodie,150,130,-20,hometech,82,71,-11,zen,192,183,-9,hotsprings,116,105,-11,hairperfume,177,159,-18,gutcleanse,127,104,-23,gutcleanse,127,104,-23,tramitesmigratorios,91,75,-16,patioseason,115,101,-14,patioseason,115,101,-14,legopartner,115,96,-19,lifebydesign,33,19,-14,dollywoodthemepark,147,128,-19,bouquets,162,150,-12,pigeonlife,172,137,-35,cordcutting,145,110,-35,televisa,185,173,-12,drizzy,103,95,-8,thedeep,145,134,-11,longlasting,106,92,-14,earcuration,125,98,-27,трамвай,175,162,-13,campingusa,178,168,-10,vinted,142,138,-4,killinitgirl,175,152,-23,sanymaaedit,19,,,pigeon,125,109,-16,walkingdog,123,113,-10,beachphotoshoot,43,37,-6,easystainremoval,124,92,-32,bfbfbf,183,174,-9,radiología,87,74,-13,nailtapping,167,144,-23,mylittleponycosplay,85,57,-28,googleworkspace,87,79,-8,,,,,rasheerice,197,169,-28,chelsea,160,144,-16,exorcismo,173,155,-18,iphone15promax,185,178,-7,legopartner,115,96,-19,hotsprings,116,105,-11,windowtint,179,179,0,геншинимпакт,156,148,-8,babydeer,142,127,-15
vinted,147,142,-5,theorem,134,118,-16,erenyeager,160,141,-19,partybanner,122,100,-22,trailerosmexicanos🇲🇽💯😎,161,160,-1,babyfeet,138,121,-17,babyfeet,138,121,-17,oliveskin,199,185,-14,softglam,144,121,-23,impressnails,147,127,-20,latepayments,147,133,-14,trabajodecampo,127,120,-7,wellyliz,199,187,-12,trabajodecampo,127,120,-7,graduationsong,185,173,-12,talkshows,186,172,-14,tragedy,57,38,-19,sophiecunningham,137,125,-12,черемша,129,122,-7,cementcraft,138,125,-13,潮州天師府轎班會,106,68,-38,balie,173,159,-14,waterlanternfestival,111,74,-37,whitewine,200,186,-14,itstimetoeat,112,100,-12,coolfacts,191,177,-14,juhoon,169,145,-24,,,,,planetfitnessworkout,61,32,-29,mcgregor,75,64,-11,mexicanfamily,153,122,-31,latepayments,147,133,-14,groceryprices,111,95,-16,jerseymikes,159,153,-6,sacramentotiktok,147,126,-21,airpod,123,112,-11,glitch,70,60,-10,hockinghills,134,123,-11,chicagobarber,148,129,-19,prediabetes,193,170,-23,prediabetes,193,170,-23,divorcios,185,169,-16,plantcare,159,145,-14,plantcare,159,145,-14,kidtoys,184,165,-19,tommyenglish,153,139,-14,ufoキャッチャー,174,155,-19,37weekspregnant,199,186,-13,showhorse,163,127,-36,carolinadelnorte,162,126,-36,glee,116,103,-13,orchestra,197,189,-8,weather,167,156,-11,bodyodor,112,98,-14,tattooappointment,195,168,-27,bigship,185,172,-13,fishingdaily,85,74,-11,summerclothes,143,139,-4,dancefamily,195,171,-24,azizbek,28,,,bigdog,176,160,-16,dogbath,154,144,-10,camerarig,67,61,-6,astucefacile,177,142,-35,blackcouples,180,169,-11,flatearthsociety,61,47,-14,viralasmr,137,111,-26,rezerocosplay,180,151,-29,efectosdetiktok,98,90,-8,,,,,seattlemariners,157,125,-32,dylanharper,200,184,-16,internetmystery,179,161,-18,fastcharge,98,90,-8,kidtoys,184,165,-19,hockinghills,134,123,-11,trucktok,8,7,-1,gamedev,181,173,-8,waqas_kutwaal,162,147,-15
summerclothes,148,143,-5,11thgrade,62,45,-17,jester,165,146,-19,muralart,170,148,-22,tint,187,186,-1,newbornsleep,177,160,-17,newbornsleep,177,160,-17,lashartist,64,47,-17,hairstylistsoftiktok,93,69,-24,domynailswithme,129,108,-21,homesellingtips,174,159,-15,cometoworkwithme,115,106,-9,relationshipgames,100,86,-14,cometoworkwithme,115,106,-9,associatesdegree,95,81,-14,lostoys,91,76,-15,freespeech,183,162,-21,classof2030,141,129,-12,biscoff,170,163,-7,limpiapipas,71,57,-14,廟會日常,170,132,-38,patosdeminasmg,175,160,-15,tbirecovery,160,120,-40,coffeerun,120,105,-15,churchschicken,176,164,-12,senioritis,68,53,-15,karina,199,175,-24,,,,,innerthighexercise,180,148,-32,grappling,89,78,-11,amordehermanos,190,156,-34,homesellingtips,174,159,-15,grocerydeals,128,112,-16,wine,161,155,-6,comidavenezolana,166,145,-21,minifan,54,41,-13,videogame,84,74,-10,islandvibes,165,154,-11,twist,186,163,-23,adhdlife,105,81,-24,adhdlife,105,81,-24,irishheritage,164,146,-18,smallspaceliving,182,168,-14,smallspaceliving,182,168,-14,beybladeburst,126,106,-20,mindsettok,57,42,-15,inflatablewaterslide,181,162,-19,itsagirl,180,166,-14,yeguas,153,116,-37,souljourney,188,141,-47,meganfox,119,106,-13,janetjackson,133,123,-10,sheldoncooper,36,24,-12,skintightening,122,108,-14,foottattoo,76,46,-30,mudboat,196,183,-13,texasfishing,146,135,-11,rings,152,148,-4,waving,81,54,-27,selfietrend,39,,,minidachshundpuppy,178,162,-16,orangecats,182,172,-10,修图全过程,141,135,-6,cleanfluencer,189,151,-38,weddingdetails,139,127,-12,learnscience,90,73,-17,asmrsatisfying,107,80,-27,rainbowdashcosplay,140,108,-32,独享节点,103,94,-9,,,,,seleçãobrasileira,93,59,-34,victorwembanyama,54,37,-17,skinwalkerranch,185,167,-18,skullcandy,126,118,-8,beybladeburst,126,106,-20,islandvibes,165,154,-11,nissan,53,52,-1,blackops,139,130,-9,meerkat,167,151,-16
rings,157,152,-5,mathematicswithchana,77,60,-17,weeb,183,164,-19,hyperrealistic,173,151,-22,мото,112,110,-2,babymoments,93,75,-18,babymoments,93,75,-18,makeuptrend,200,183,-17,elf,174,150,-24,bayareanailtech,132,111,-21,passionfruit,164,146,-18,firstgradeteacher,121,112,-9,ringtoss,146,132,-14,firstgradeteacher,121,112,-9,гимназия,137,123,-14,poodie,145,130,-15,venturacounty,189,168,-21,deportesentiktok,93,80,-13,bagel,186,178,-8,chunkyknitblanket,102,88,-14,台南慶樂社潮洲鑼鼓,118,74,-44,forrozeiro,200,185,-15,neurologicaldisorder,144,103,-41,aperolspritz,199,183,-16,суши,81,68,-13,examprep,194,178,-16,judge,82,57,-25,,,,,fitnesshacks,105,70,-35,jacobfatu,150,139,-11,bonusmom,76,34,-42,passionfruit,164,146,-18,slimelicker,139,123,-16,cheflife,97,90,-7,thingstodoindenver,170,146,-24,speakers,104,90,-14,blackops,145,135,-10,travelcreator,178,166,-12,nashvillebarber,136,112,-24,rehabilitation,157,133,-24,rehabilitation,157,133,-24,incapacidad,129,108,-21,propertymanagement,121,106,-15,propertymanagement,121,106,-15,rcexcavator,157,136,-21,jimrohn,82,64,-18,annualpassholder,133,113,-20,thirdtrimesterbelike,130,114,-16,goatfarm,182,144,-38,witchy,11,,,spartacus,142,128,-14,vicentefernandez,200,190,-10,primevideo,156,144,-12,waxtok,166,152,-14,ideastattoo,148,118,-30,trike,148,134,-14,campingideas,197,185,-12,watch,34,29,-5,yagp,179,151,-28,adagakya,46,,,ticks,96,78,-18,toypoodle,95,84,-11,dallasweddingphotographer,130,123,-7,lakbanantibocor,143,94,-49,relationshiptiktok,179,166,-13,astronomico,132,114,-18,moonkatt,119,92,-27,evafoam,94,60,-34,aicontentcreator,132,123,-9,,,,,afc,89,48,-41,trickshot,170,152,-18,hauntedamerica,192,174,-18,airpod,138,130,-8,rcexcavator,157,136,-21,travelcreator,178,166,-12,led,73,72,-1,zen,185,176,-9,squirreltok,125,107,-18
louisvuitton,66,60,-6,3класс,115,97,-18,doodle,128,108,-20,doodling,147,124,-23,mecanica,110,107,-3,breastfeedingsupport,184,166,-18,breastfeedingsupport,184,166,-18,naturallashes,155,137,-18,nighttimeroutine,194,170,-24,nailshop,133,112,-21,ibotta,177,156,-21,firstgrade,68,58,-10,dyeislife,116,99,-17,firstgrade,68,58,-10,gradtok,168,154,-14,шутки,177,162,-15,crimejunkie,55,33,-22,futebol,81,67,-14,sahw,200,192,-8,resincrafts,113,99,-14,新園三鳳宮欽誠會,152,101,-51,danceforyou,180,164,-16,twentysomething,105,55,-50,bevcart,78,60,-18,airplanefood,174,161,-13,seniorsunset,132,115,-17,harperzilmer,165,140,-25,,,,,heatedpilates,160,123,-37,alexpereira,115,103,-12,proudsister,195,145,-50,ibotta,177,156,-21,moltenlavacake,84,66,-18,meat,105,98,-7,pfchangs,173,149,-24,portableac,117,103,-14,steam,93,82,-11,grouptravel,180,168,-12,fringe,174,150,-24,sleeptok,165,141,-24,sleeptok,165,141,-24,tienganh,150,126,-24,movingout,131,116,-15,movingout,131,116,-15,oshikatsu,177,156,-21,viralamazon,163,142,-21,mechanicalbull,192,171,-21,40weekspregnant,160,144,-16,bumblefoot,154,113,-41,tarotcards,12,,,icarly,150,136,-14,arcangel,81,70,-11,musictok,169,157,-12,shavinghacks,175,161,-14,bayareatattooartist,184,152,-32,airshow,40,25,-15,beachchair,93,80,-13,louisvuitton,62,57,-5,europeangirl,183,155,-28,серб,56,,,vaca,182,164,-18,puppytraining,143,132,-11,ps修图,139,132,-7,dicasdonadecasa,135,84,-51,relacionadistancia,186,172,-14,konjungsi,161,143,-18,guesstheword,148,120,-28,umamusumecosplay,153,116,-37,aicoding,146,137,-9,,,,,tysonfury,139,96,-43,box,196,178,-18,criaturas,113,94,-19,tablet,95,86,-9,oshikatsu,177,156,-21,grouptravel,180,168,-12,bronco,90,89,-1,glitch,70,60,-10,dongvat,150,132,-18
underwear,143,137,-6,gcsebiology,169,150,-19,peppapig,170,150,-20,handpainting,157,132,-25,infiniti,139,136,-3,ebf,140,120,-20,ebf,140,120,-20,make,74,55,-19,hairsalon,195,171,-24,gaoy,179,158,-21,goodcredit,179,157,-22,airconditioning,54,43,-11,jacksonpromo,139,122,-17,airconditioning,54,43,-11,finalsseason,81,66,-15,paolasuarez,158,142,-16,thomasmassie,81,56,-25,curry,133,116,-17,glutenfreerecipes,150,141,-9,balloondecoration,144,130,-14,梓官顏家中壇元帥,149,96,-53,triodance,115,97,-18,powerpointnight,180,128,-52,slushie,111,92,-19,mrhungry,109,95,-14,تخرج,111,93,-18,kendalljenner,86,60,-26,,,,,gymfyp,190,142,-48,danawhite,79,66,-13,baby2,187,114,-73,goodcredit,179,157,-22,gummyworms,86,68,-18,chocolatelover,175,168,-7,strawberryfestival,136,110,-26,audifonos,143,129,-14,devilmaycry,82,69,-13,postcardcabins,158,145,-13,прическа,198,169,-29,physiotherapy,169,144,-25,physiotherapy,169,144,-25,permisodetrabajousa,178,151,-27,summerdecor,140,124,-16,summerdecor,140,124,-16,photocard,187,166,-21,winnermentality,74,50,-24,sixflagsfiestatexas,137,115,-22,dumpsterdiving,54,37,-17,geldingsoftiktok,128,86,-42,sagittarius,17,,,serie,176,161,-15,eurovision,55,40,-15,theboysseason5,113,100,-13,dermaplaning,97,82,-15,octattooartist,200,165,-35,farmequipment,124,109,-15,campingtents,173,160,-13,gdwm,128,123,-5,lifeisadance,112,83,-29,yolie,75,,,walkingdog,185,167,-18,workingdog,153,142,-11,婚纱照修图,140,131,-9,accleaner,129,76,-53,decentermen,104,89,-15,анатомия,17,,,cuttingasmr,195,167,-28,calneca,137,99,-38,cuteapp,159,150,-9,,,,,convocação,140,97,-43,selecaobrasileira,115,96,-19,ufodisclosure,147,128,-19,iphone11,113,104,-9,photocard,187,166,-21,postcardcabins,158,145,-13,auctions,119,118,-1,videogame,83,73,-10,amazonriver,171,150,-21
minidress,166,160,-6,mathlearning,200,181,-19,sasukeuchiha,181,161,-20,pencils,138,112,-26,jeepwrangler,101,97,-4,growinguptoofast,172,148,-24,growinguptoofast,172,148,-24,esteelauder,124,105,-19,perfumecollection,153,126,-27,footproblems,193,172,-21,familydollarcouponing,184,161,-23,journeyman,165,154,-11,foosball,83,64,-19,journeyman,165,154,-11,graduations,144,129,-15,floptropica,159,143,-16,doj,93,68,-25,mvp,77,59,-18,cookiedough,126,115,-11,origamitutorial,124,109,-15,1025,7,,,jookin,101,77,-24,livinginalaska,159,105,-54,affogato,187,165,-22,newmenuitem,193,179,-14,mascotreveal,81,62,-19,namjoon,167,141,-26,,,,,gymreels,137,85,-52,steveaustin,143,130,-13,embarazo,6,,,familydollarcouponing,184,161,-23,grocerybudget,120,100,-20,energydrinks,73,65,-8,sandiegofoodie,168,142,-26,celulares,160,146,-14,fnf,115,102,-13,olympicnationalpark,172,159,-13,braid,143,113,-30,nightsweats,110,82,-28,nightsweats,110,82,-28,koreanhistory,120,77,-43,remodeling,148,132,-16,remodeling,148,132,-16,151,148,126,-22,selfgrowthtips,92,68,-24,disneyride,143,121,-22,gradphotos,126,109,-17,piglets,183,138,-45,lecturadecartas,25,,,onregardequoi,181,165,-16,heytheredelilah,172,156,-16,okcthunder,138,125,-13,tanninglotion,126,110,-16,denvertattooartist,165,127,-38,wheeledexcavator,190,175,-15,carpe,116,102,-14,2pieceset,141,136,-5,sakpase,191,157,-34,lloydpreset,99,,,homesteadlife,165,146,-19,bengalcat,174,163,-11,selfietips,196,187,-9,moldremover,22,,,gentlelove,199,180,-19,cienciavisual,42,,,asmrbubblegumcrackingandhair,183,152,-31,silenthillnurse,132,78,-54,iphoneemoji,174,163,-11,,,,,goldenknights,148,102,-46,kevindurant,150,131,-19,jumperjumppodcast,152,133,-19,galaxyai,145,136,-9,151,148,126,-22,olympicnationalpark,172,159,-13,mechanics,156,155,-1,steam,92,81,-11,antfarm,119,97,-22
athleisure,188,182,-6,mathematicseducation,85,63,-22,pikachu,177,156,-21,diamondpaintingstorage,179,150,-29,service,126,122,-4,downsyndromelove,188,157,-31,downsyndromelove,188,157,-31,lipserum,136,116,-20,jeanpaulgaultier,160,132,-28,duckies,167,145,-22,moneymanagement,83,59,-24,asphaltpaving,179,168,-11,bottlefip,137,118,-19,asphaltpaving,179,168,-11,csula,149,134,-15,tumblraesthetic,174,158,-16,raulcastro,179,151,-28,stadium,180,160,-20,viraldumplings,171,158,-13,ribbonflowers,165,150,-15,0614,60,,,eskista,80,55,-25,partnerloss,158,88,-70,liquorstore,198,173,-25,foodchallenges,95,78,-17,collegegraduate,53,33,-20,colbert,175,149,-26,,,,,1stphorm,144,89,-55,jbmauney,91,77,-14,momtobe,19,,,moneymanagement,83,59,-24,sproutsfinds,137,117,-20,birria,171,163,-8,foodfestival,103,75,-28,solarpowered,182,167,-15,repo,164,148,-16,emeraldcoast,152,138,-14,beautyschool,170,140,-30,lexapro,122,90,-32,lexapro,122,90,-32,medievaltimes,12,,,дача,173,157,-16,дача,173,157,-16,rilakkuma,185,163,-22,mindsetshifting,171,145,-26,disneyday,120,97,-23,papercrafts,198,181,-17,quails,194,128,-66,vidente,31,,,wolverine,186,170,-16,covergirl,186,170,-16,sing,188,175,-13,miniperfume,132,116,-16,piercing,3,,,heybike,54,36,-18,jigs,159,145,-14,minidress,161,156,-5,народныетанцы,137,101,-36,anglechallenge,101,,,turtles,167,148,-19,rottweiler,71,59,-12,instax,90,79,-11,trucocasero,29,,,marriagetips,158,136,-22,rafacarbajal,43,,,oddlvsatisfying,116,84,-32,raritycosplay,194,140,-54,tvgratis,169,156,-13,,,,,josemourinho,181,132,-49,futebol,131,108,-23,страшноевидео,196,177,-19,videoediting,94,84,-10,rilakkuma,185,163,-22,emeraldcoast,152,138,-14,subwoofer,175,174,-1,fnf,112,100,-12,woodpecker,132,109,-23
watch,38,31,-7,mathematicstutorial,86,64,-22,animese,179,158,-21,surrealart,148,117,-31,supermoto,189,184,-5,firstson,175,138,-37,firstson,175,138,-37,swatch,55,31,-24,sunprotection,196,166,-30,purplenails,181,159,-22,skimsreview,133,105,-28,roof,41,29,-12,lyingchallenge,64,44,-20,roof,41,29,-12,seniors2026,150,135,-15,videosgraciosos,127,110,-17,noticiasdeultimahora,199,171,-28,shaq,125,104,-21,recetasmexicanas,195,182,-13,jabonartesanal,194,179,-15,麻豆康王會,64,,,tubwrld,116,91,-25,csfleak,182,78,-104,redwine,185,159,-26,icecubes,101,83,-18,dailymotivationalquotes,181,157,-24,jenniferlopez,193,167,-26,,,,,legsfordays,166,107,-59,worldchampion,99,85,-14,rainbowbaby,27,,,skimsreview,133,105,-28,nostalgiccandy,187,166,-21,smashburger,184,176,-8,hosted,111,83,-28,bladelessfan,200,185,-15,filtergame,111,93,-18,flightdeals,187,173,-14,suavepartner,157,114,-43,dientesblancos,128,95,-33,dientesblancos,128,95,-33,ancientrome,39,,,outdoorlighting,129,112,-17,outdoorlighting,129,112,-17,splatrball,195,171,-24,luchare,160,128,-32,disneymemories,170,147,-23,reencuentro,113,93,-20,babychicken,142,75,-67,hoodoo,32,,,paramountplus,190,174,-16,wasian,129,112,-17,remix,195,182,-13,fragrancecollection,144,128,-16,backtattoo,7,,,mobilityscooter,155,137,-18,stripedbass,186,172,-14,athleisure,183,178,-5,noman,186,144,-42,evanurasyifahot,107,,,pethumor,198,179,-19,petparents,151,139,-12,georgiaphotographer,83,71,-12,trucoscaseros,36,,,recentfollowpartner,169,147,-22,tardigrade,45,,,glovesounds,173,141,-32,animecentral,128,58,-70,socialmediaupdate,85,71,-14,,,,,petecrowarmstrong,188,133,-55,champions,197,174,-23,espiritus,198,179,-19,hometech,92,81,-11,splatrball,195,171,-24,flightdeals,187,173,-14,trailerosmexicanos🇲🇽💯😎,178,177,-1,devilmaycry,81,68,-13,thegioidongvat,130,106,-24
gdwm,133,126,-7,владич,148,126,-22,tomodachigame,154,132,-22,diamondpainter,172,123,-49,raptor,190,185,-5,specyal🌹,174,134,-40,specyal🌹,174,134,-40,waterproofmakeup,194,170,-24,whiteteeth,129,98,-31,tortoiseshell,183,160,-23,blackrock,135,102,-33,josueroofing,95,83,-12,blindrank,112,92,-20,josueroofing,95,83,-12,masterdegree,162,147,-15,militaryhumor,183,166,-17,courttok,165,136,-29,wembanyama,83,61,-22,spicybowl,99,82,-17,diyroomdecor,139,123,-16,東山尊王舘,67,,,youngnturnt,127,102,-25,dayinthelife,2,,,summerberryrefresher,139,107,-32,candeeze,79,60,-19,алгебра,133,108,-25,willito,74,47,-27,,,,,gymlife,4,,,conor,171,154,-17,myfamily,28,,,blackrock,135,102,-33,goodfoodvibes,144,121,-23,snacktime,104,95,-9,dmvfood,186,158,-28,chargingcable,166,148,-18,dmc,143,125,-18,visitcalifornia,193,179,-14,healthyhairjourney,87,42,-45,medication,151,116,-35,medication,151,116,-35,civilwarhistory,53,,,hobbylobbyfinds,183,166,-17,hobbylobbyfinds,183,166,-17,bratzdoll,144,119,-25,lessonlearnedinlife,135,97,-38,parquedeatracciones,186,163,-23,lanternfestival,175,153,-22,horse,1,,,cancer♋️,34,,,edwardcullen,197,181,-16,mikesherm,175,158,-17,youngsheldonedit,43,29,-14,toothgems,176,160,-16,bellypiercing,15,,,steamengine,166,148,-18,flathead,119,104,-15,shoppingvlog,122,116,-6,bailesvip,184,140,-44,pietrofranco,108,,,tabbycat,166,140,-26,kittycatsoftiktok,189,177,-12,sigma150600,113,100,-13,floorcleaner,37,,,besthusband,174,151,-23,sciencemagic,48,,,asmrhaircare,146,113,-33,fitswap,198,128,-70,mobiletips,122,108,-14,,,,,epl,121,53,-68,ufcedit,144,116,-28,creepystorytime,97,77,-20,hometheater,77,64,-13,bratzdoll,144,119,-25,visitcalifornia,193,179,-14,pilot,56,54,-2,repo,157,142,-15,dongvathoangda,164,140,-24
2pieceset,146,139,-7,globalee,149,127,-22,lightningmcqueen,175,153,-22,liveweddingpainter,94,43,-51,swapped,82,74,-8,babyreaction,163,117,-46,babyreaction,163,117,-46,puritoseoul,173,148,-25,buildergel,177,145,-32,pressonsets,166,140,-26,personalfinancetips,140,107,-33,femalewelder,193,181,-12,choicegame,119,97,-22,femalewelder,193,181,-12,bachelorsdegree,67,51,-16,basementyard,98,78,-20,cnbc,159,123,-36,copadomundo,120,81,-39,snackbox,194,176,-18,beginnerflorist,140,124,-16,台南天官堂,70,,,milwaukeedance,156,131,-25,livingalone,7,,,энергетик,183,150,-33,bigbacktivities,167,145,-22,graduation2025,145,119,-26,jlo,171,144,-27,,,,,pushups,12,,,stonecold,86,68,-18,ttccommunity,45,,,personalfinancetips,140,107,-33,snackboxideas,161,136,-25,dunkindonuts,94,84,-10,sanantoniofoodie,197,169,-28,towerfan,73,53,-20,gtaviral,183,164,-19,vacationgoals,128,113,-15,kentuckybarber,189,143,-46,tiktokdoc,124,88,-36,tiktokdoc,124,88,-36,middleages,66,,,bamboosheets,200,182,-18,bamboosheets,200,182,-18,peluche,171,146,-25,mindsetshift,1,,,falconsflight,146,119,-27,epidural,185,162,-23,cow,2,,,zodiacsign,36,,,pennywise,183,166,-17,eurovision2026,114,96,-18,georgieandmandy,53,39,-14,smoothlegs,193,176,-17,bellybuttonpiercing,17,,,usairforces🇺🇸,151,130,-21,vanstaal,167,152,-15,modestfashion,133,127,-6,retireddancer,197,131,-66,kieunhat,109,,,dachshundpuppy,169,142,-27,tickseason,116,103,-13,photographie,169,156,-13,lifeskill,41,,,bfandgf,191,163,-28,universesandbox,53,,,slimy,169,134,-35,cosplayers,22,,,freeai,167,153,-14,,,,,usmnt,76,,,scubadiving,194,164,-30,horrorpodcast,134,113,-21,openai,127,114,-13,peluche,171,146,-25,vacationgoals,128,113,-15,мото,124,122,-2,dmc,137,120,-17,alveussanctuary,141,115,-26
watches,83,75,-8,وزاريات,121,92,-29,blackclover,189,167,-22,liveweddingpainting,106,46,-60,mecanico,199,191,-8,bebek,154,107,-47,bebek,154,107,-47,colourpopcosmetics,176,151,-25,skintific,157,122,-35,podiatrist,91,64,-27,financialadvisor,187,153,-34,medicalsales,178,164,-14,memorygame,153,130,-23,medicalsales,178,164,-14,lawtina,124,107,-17,funnydad,138,115,-23,worldnewstonight,108,67,-41,lewandowski,140,99,-41,greekyogurt,165,145,-20,balloonbouquet,152,136,-16,謝范將軍,99,,,mjimpersonator,141,112,-29,romanticizeyourlife,13,,,newdrink,186,153,-33,tacobell,3,,,csuf,86,59,-27,bigbrother,136,108,-28,,,,,planetfitness,19,,,freedive,188,162,-26,blendedfamily,64,,,financialadvisor,187,153,-34,cakeshop,194,169,-25,buffet,146,136,-10,thingstodochicago,164,134,-30,cellphone,189,169,-20,gta5_funny,119,99,-20,traveldiaries,144,125,-19,louisvillebarber,190,142,-48,salud,4,,,salud,4,,,medievaltok,70,,,wayfairpartner,157,138,-19,wayfairpartner,157,138,-19,miffy,87,60,-27,desarrollopersonal,5,,,disneylandpark,141,112,-29,graduationphotoshoot,171,147,-24,chickens,3,,,zodiaco,44,,,theboysfinale,101,83,-18,edclasvegas,59,36,-23,michaelmovie,166,152,-14,sandandfog,136,118,-18,mehndi,19,,,triciclo,170,147,-23,cauca,170,155,-15,watches,79,72,-7,danceteacher,18,,,สวยด้วยฟิวเตอร์,117,,,tickseason,177,150,-27,doggroomer,161,148,-13,фотографмосква,178,164,-14,bagsealer,50,,,hingedating,136,105,-31,galaxias,55,,,brainmassage,186,147,-39,demonslayercosplay,40,,,widgify,149,134,-15,,,,,sfgiants,98,,,deportesentiktok,156,124,-32,realghost,189,168,-21,audifonos,161,148,-13,miffy,87,60,-27,traveldiaries,144,125,-19,стант,133,131,-2,gtaviral,176,158,-18,birdnest,131,102,-29
shoppingvlog,127,119,-8,gcsetok,191,161,-30,vtuberclips,193,171,-22,arttok,2,,,dealership,88,79,-9,secondborn,170,122,-48,secondborn,170,122,-48,eadem,180,155,-25,lashartist,183,146,-37,funnails,190,163,-27,goodmorningusa,138,98,-40,woodconstruction,148,133,-15,quizfun,177,154,-23,woodconstruction,148,133,-15,finalsszn,107,89,-18,skittok,171,148,-23,january6,127,84,-43,arsenalfc,164,121,-43,seasoning,149,127,-22,diybouquet,153,135,-18,國光儀隊,105,,,ryudai,129,93,-36,chemo,18,,,prebioticsoda,177,137,-40,crabboil,36,,,quotesthathitdifferent,196,166,-30,metgala,80,51,-29,,,,,lean,21,,,maxholloway,58,31,-27,largefamily,74,,,goodmorningusa,138,98,-40,mandms,164,131,-33,nyceats,157,146,-11,teppanyaki,160,128,-32,actioncamera,105,83,-22,filterchallenge,138,117,-21,digitalnomad,150,131,-19,consultationvideos,195,147,-48,healthtips,6,,,healthtips,6,,,victorianaesthetic,83,,,kitchendecor,105,85,-20,kitchendecor,105,85,-20,newtoy,163,86,-77,briantracy,29,,,mtolympus,187,158,-29,familyreunion,121,96,-25,chickensoftiktok,8,,,newsbom,49,,,filmcommentary,132,113,-19,21savage,167,140,-27,truecrimetok,132,117,-15,acidohialuronico,186,168,-18,femaletattooartist,26,,,dualtron,186,163,-23,nlbn,120,103,-17,bags,97,89,-8,bailar,22,,,ป้านุ่น45🍉,127,,,veterinarian,114,83,-31,rainbowbridge,150,135,-15,flyingdress,188,174,-14,limpiezalavadora,55,,,venmo,173,138,-35,corpohumano,76,,,asmr,1,,,partyprincess,42,,,بزوكا_بتاع_العظمه🔥,200,185,-15,,,,,knicksbasketball,128,,,mvp,129,95,-34,darkstories,103,81,-22,minifan,59,45,-14,newtoy,163,86,-77,digitalnomad,150,131,-19,mecanica,122,119,-3,gta5_funny,116,97,-19,babyraccoon,112,81,-31
modestfashion,138,130,-8,schoolparents,156,119,-37,gru,87,64,-23,coloringbook,8,,,prelude,149,134,-15,myfirstborn,198,147,-51,myfirstborn,198,147,-51,eyemask,141,110,-31,brazilianwax,193,138,-55,russianpedicure,199,171,-28,beautyblender,165,120,-45,porcelain,155,140,-15,stopthetimer,94,66,-28,porcelain,155,140,-15,grads,89,70,-19,kattwilliamscomedy,175,151,-24,votingrights,190,135,-55,ancelotti,172,128,-44,bakinghacks,188,165,-23,ramodedinero,161,142,-19,天師府轎班會,110,,,waving,124,81,-43,lifeupdate,21,,,hydrationdrink,122,80,-42,crablegs,41,,,successprinciples,185,152,-33,jackavery,114,85,-29,,,,,pump,31,,,connormcgregor,118,87,-31,papasprimerizos,86,,,beautyblender,165,120,-45,floralcake,185,150,-35,summerdrink,181,169,-12,rm3,128,95,-33,robotvacuum,88,65,-23,hoyoverse,132,110,-22,positano,161,142,-19,curlycut,182,132,-50,detox,18,,,detox,18,,,losttechnology,90,,,storagesolutions,128,108,-20,storagesolutions,128,108,-20,kidstoys,17,,,winnersmindset,40,,,carnivalgames,189,154,-35,creativephotography,75,49,-26,farmanimals,16,,,destino,56,,,genv,173,150,-23,acmawards,194,77,-117,situationship,185,170,-15,razorburn,98,77,-21,peircing,39,,,sukhoi,132,108,-24,fishermen,157,140,-17,viralfinds,154,146,-8,project21,43,,,medanboxing🥊🏴,136,,,marinelife,144,113,-31,veterinarian,77,61,-16,cancuntravel,128,113,-15,quitamanchas,56,,,ilovemyhusband,125,87,-38,tiangong,84,,,stimboard,14,,,konig,66,,,editingapp,193,177,-16,,,,,bryceharper,143,,,wembanyama,134,97,-37,paranormales,118,96,-22,celulares,179,165,-14,kidstoys,17,,,positano,161,142,-19,infiniti,155,152,-3,hoyoverse,127,107,-20,blueheron,174,138,-36
bags,101,92,-9,تأسيس_الإملاء_تعليم_الطفل,180,125,-55,livewallpaper,159,136,-23,sculpture,11,,,cybertruck,169,145,-24,toddlertok,17,,,toddlertok,17,,,dgbeauty,147,115,-32,swatch,166,93,-73,drypedicure,185,153,-32,financehacks,149,97,-52,builders,149,131,-18,kanoodlepuzzle,148,120,-28,builders,149,131,-18,graduationtiktok,176,157,-19,nursejohnn,165,139,-26,gypsyrose,32,,,chetholmgren,165,102,-63,steaknight,160,130,-30,leitutorial,155,133,-22,嘉義振延社,111,,,lifeisadance,170,124,-46,gastroparesis,25,,,whippedcoffee,152,104,-48,crabrangoon,45,,,classof2024,110,76,-34,cannesfilmfestival,116,79,-37,,,,,treadmill,33,,,tysonfury,149,102,-47,givingbirth,106,,,financehacks,149,97,-52,weddingfood,146,82,-64,privatechef,182,170,-12,newrestaurant,94,60,-34,robotvaccuum,180,154,-26,indiegame,170,147,-23,traveladvisor,146,126,-20,glasgowbarber,194,144,-50,probiotics,19,,,probiotics,19,,,historiademexico,96,,,diyhomedecor,170,142,-28,diyhomedecor,170,142,-28,doll,22,,,davidgogginsmentality,48,,,universalepicuniverse,139,101,-38,expectingmom,124,98,-26,geese,19,,,firesigns,57,,,michaeljacksonmovie,177,154,-23,musica,9,,,dancetrend,139,123,-16,loccitane,199,178,-21,bodypiercing,43,,,outboardmotor,134,107,-27,lakefishing,160,143,-17,summerdresses,193,185,-8,danc,50,,,มาดามโอ๋,137,,,rottweiler,108,76,-32,corgisoftiktok,159,143,-16,editorialphotography,48,32,-16,tipshogar,57,,,breakuprecovery,152,107,-45,chromatography,100,,,mouthsounds,19,,,malleusdraconia,73,,,rainphotoshoot,189,152,-37,,,,,chicagowhitesox,144,,,disneyland,13,,,ufotiktok,144,121,-23,speakers,117,102,-15,doll,22,,,traveladvisor,146,126,-20,jeepwrangler,112,108,-4,indiegame,163,141,-22,birdnerd,192,141,-51
viralfinds,159,150,-9,satprep,12,,,boruto,186,162,-24,colortok,16,,,wrx,165,121,-44,kayandtayofficial,32,,,kayandtayofficial,32,,,lipcombos,198,166,-32,haircut,8,,,aestheticnails,127,88,-39,shopifypartner,21,,,crane,83,64,-19,ransomnotes,200,151,-49,crane,83,64,-19,blackgrad,180,161,-19,maxcomedian,176,150,-26,gypsyroseblanchard,36,,,disneyadventureworld,13,,,cookietok,180,150,-30,journalingcommunity,177,154,-23,淡水清水龍,126,,,twerk,10,,,adultfriendships,38,,,7brew,9,,,seafoodmukbang,49,,,bachelorsdegree,126,89,-37,saturdaynightlive,181,135,-46,,,,,quads,34,,,nurburgring,161,111,-50,specialneedsfamily,128,,,shopifypartner,21,,,savorysnacks,186,120,-66,caramel,155,142,-13,affogato,195,157,-38,smartphones,176,149,-27,dante,169,144,-25,travelhumor,159,139,-20,haircut,5,,,painrelief,27,,,painrelief,27,,,despido,101,,,gardentools,180,152,-28,gardentools,180,152,-28,dolls,35,,,shihengyi,50,,,juegosmecanicos,169,129,-40,graduationbouquet,183,154,-29,ranching,31,,,airsigns,65,,,cinematography,138,114,-24,wuhluhwuh,18,,,policeofficer,133,116,-17,vaseline,60,38,-22,bodyart,51,,,поезда,152,124,-28,campcooking,164,147,-17,straplessbra,162,153,-9,лезгинка,54,,,ctiktok99,141,,,sphynx,179,147,-32,chewypartner,165,149,-16,g7xmarkii,118,98,-20,homhacks,58,,,courthousewedding,145,94,-51,theactionlab,103,,,tapping,35,,,ddlccosplay,80,,,ciberseguridad,42,,,,,,,bryceyoung,147,,,worldoffrozen,18,,,alienlife,130,106,-24,portableac,135,119,-16,dolls,35,,,travelhumor,159,139,-20,service,142,136,-6,dante,162,138,-24,petbirds,146,76,-70
summerdresses,198,189,-9,mathhacks,41,,,fluttershy,187,163,-24,arttutorial,26,,,restoration,50,,,momgirl,63,,,momgirl,63,,,larocheposaypartner,197,161,-36,nailtech,14,,,naillove,128,89,-39,wealthbuilding,27,,,deckbuilding,195,173,-22,familygamenight,9,,,deckbuilding,195,173,-22,firstgenerationstudent,77,57,-20,seniorprank,123,93,-30,inmigracion,48,,,horse,25,,,jello,191,160,-31,needlework,115,91,-24,台南慶樂社,138,,,danceteacher,32,,,hoopervalley,39,,,juice,19,,,chillis,65,,,finalsseason,155,118,-37,smothered,185,137,-48,,,,,chestday,39,,,rondarousey,122,54,-68,honestmotherhood,134,,,wealthbuilding,27,,,groceryshopping,3,,,caketok,164,151,-13,goldencorral,167,121,-46,ipadair,124,96,-28,whattoplay,147,115,-32,سفر,166,144,-22,haircare,9,,,nervoussystem,36,,,nervoussystem,36,,,strangehistory,110,,,coolingblanket,102,72,-30,coolingblanket,102,72,-30,legos,36,,,winnermindset,64,,,disneyshollywoodstudios,200,157,-43,dumpster,186,155,-31,farmchores,35,,,watersigns,67,,,officialchannel,188,164,-24,saxophone,20,,,spam,135,118,-17,darkarmpits,177,155,-22,tonguepiercing,52,,,hems,106,65,-41,goliathgrouper,193,175,-18,oldmoney,127,117,-10,surprisedance,60,,,ilvi_sanh24,145,,,squirrels,194,155,-39,sphynx,118,101,-17,laphotographer,86,65,-21,limpiezadecocina,69,,,blacklove,20,,,pontetrucha,104,,,asmr_tingles,38,,,callofdutycosplay,90,,,aitips,47,,,,,,,carolinapanthers,150,,,disneyadventureworld,21,,,extraterrestrials,155,131,-24,chargingcable,186,168,-18,legos,36,,,سفر,166,144,-22,yacht,127,117,-10,whattoplay,141,112,-29,deer,13,,
straplessbra,167,157,-10,satexam,57,,,sevendeadlysins,156,130,-26,colorwithme,52,,,cadillac,73,,,babydevelopment,68,,,babydevelopment,68,,,garnier,118,75,-43,haircare,20,,,custompressonnails,149,98,-51,mortgage,28,,,goldprospecting,174,148,-26,fungames,21,,,goldprospecting,174,148,-26,cumlaude,134,114,-20,mataneven,115,79,-36,humanrights,53,,,swim,59,,,italianfood,65,,,balloonsdecoration,128,103,-25,宜蘭國光儀隊,142,,,bailar,37,,,birthdaycelebration,54,,,7brewcoffee,32,,,eatingchallenge,92,,,collegetok,186,144,-42,fousey,172,98,-74,,,,,cardioworkout,49,,,dirtbikes,31,,,pregnancysymptoms,141,,,mortgage,28,,,charcuterie,21,,,latte,101,85,-16,mariscos,17,,,privacyscreen,164,134,-30,tsb,190,137,-53,cityvibes,151,128,-23,braids,11,,,massager,42,,,massager,42,,,hiddenamerica,133,,,carpet,179,148,-31,carpet,179,148,-31,lps,39,,,adviceoftheday,68,,,rockinrollercoaster,188,143,-45,secondtimemom,141,78,-63,livestockshow,50,,,тароонлайн,72,,,suits,171,143,-28,mashup,42,,,billybutcher,150,126,-24,rejuran,172,148,-24,bellybutton,66,,,pushback,162,114,-48,glidebait,100,81,-19,denimshorts,166,155,-11,balletfolklorico,62,,,keşfetteyızzzzzz,152,,,whaleshark,146,97,-49,kittenlove,196,175,-21,pinterestphotos,151,128,-23,selladordebolsa,72,,,mymanmymanmyman,25,,,amazingscience,106,,,paintmixing,49,,,monsterhighcosplay,92,,,techhack,63,,,,,,,carmeloanthony,155,,,horse,38,,,ghosthunters,180,156,-24,towerfan,81,58,-23,lps,39,,,cityvibes,151,128,-23,swapped,93,81,-12,tsb,183,132,-51,beardeddragon,48,,
oldmoney,132,120,-12,mathtutor,59,,,regularshow,129,102,-27,adultcoloring,54,,,dirtbikes,75,,,littlebaby,79,,,littlebaby,79,,,dgmakeup,181,136,-45,nail,26,,,ingrowntoenailremoval,160,96,-64,tjr,33,,,primary,188,159,-29,wavelength,26,,,primary,188,159,-29,lastdayofhighschool,135,115,-20,lovelypeaches,184,128,-56,amberalert,69,,,softballtiktoks,63,,,dinnertime,68,,,kidcrafts,193,167,-26,六龜玄德會,156,,,project21,66,,,angeltree,67,,,swig,82,,,gxbrielpn,94,,,masteredit,187,145,-42,amas,25,,,,,,,sweetsweat,57,,,skateboard,61,,,mamanetbébé,147,,,tjr,33,,,sourpatchkids,37,,,birriatacos,189,171,-18,burgers,24,,,ventilador,152,120,-32,twitch,5,,,hiltonpartner,107,83,-24,barbershop,14,,,ibs,54,,,ibs,54,,,filspixel,135,,,hotsleeper,171,122,-49,hotsleeper,171,122,-49,stickershop,41,,,cambiodementalidad,76,,,soarin,172,117,-55,readingvlog,159,87,-72,stockshow,63,,,hechizos,78,,,theboystv,175,141,-34,reggaeton,54,,,rave,193,167,-26,saggyskin,114,88,-26,helixpiercing,80,,,bulldozers,195,142,-53,popuptent,175,156,-19,pushupbra,146,133,-13,heelschoreography,83,,,plvirl💋💋💋💋❤❤❤❤😍😍😍😍,153,,,rottweilersoftiktok,173,107,-66,dogwalk,147,122,-25,photographyjourney,158,126,-32,bestcleaningproducts,74,,,caughtcheating,26,,,funexperiments,108,,,relaxingsounds,51,,,bleachcosplay,100,,,photoshopediting,91,,,,,,,deaaronfox,159,,,gymlife,84,,,hauntedlocations,157,132,-25,robotvaccuum,199,175,-24,stickershop,41,,,hiltonpartner,107,83,-24,dealership,99,86,-13,twitch,5,,,exoticpets,51,,
denimshorts,171,159,-12,examtips,63,,,2danimation,195,168,-27,sketches,58,,,engine,84,,,twinmomlife,98,,,twinmomlife,98,,,vaseline,137,78,-59,braids,27,,,nailtech,4,,,buyingahouse,64,,,ironwork,153,107,-46,gamenightfun,38,,,ironwork,153,107,-46,blackgraduates,138,118,-20,skits,33,,,tragic,95,,,hooper,64,,,carneasada,84,,,craftingtiktok,108,81,-27,翠屏藝陣活動行銷企劃,157,,,danc,77,,,25thbirthday,85,,,baristatok,85,,,canessauce,98,,,firstgenerationstudent,142,97,-45,summerhouse,27,,,,,,,workingout,59,,,therock,69,,,lactation,148,,,buyingahouse,64,,,candiedfruit,48,,,lonche,72,52,-20,lafoodie,30,,,chromebook,154,119,-35,geometrydash,28,,,travelwithbaby,135,109,-26,bluehair,31,,,stomachproblems,57,,,stomachproblems,57,,,послезавтра,136,,,diydecor,196,146,-50,diydecor,196,146,-50,3dprinted,43,,,achieveyourgoals,104,,,isleofberk,190,124,-66,bonusmom,168,71,-97,equestriansoftiktok,78,,,timelinejump,91,,,aftereffects,27,,,editaudio,69,,,brandnewday,149,122,-27,dgdevotion,119,80,-39,mehndiart,90,,,lirr,145,39,-106,feeder,177,158,-19,cheetahprint,181,166,-15,dancechoreography,89,,,陌生人你好,158,,,horse,9,,,rottweilersoftiktok,112,75,-37,glamourshots,174,141,-33,limpiezarapida,80,,,imissmybf,41,,,опытыиэксперименты,113,,,asmrhair,53,,,фокус,111,,,tipsdetiktok,119,,,,,,,abdulcarter,164,,,swim,93,,,duende,109,82,-27,smartphones,196,169,-27,3dprinted,43,,,travelwithbaby,135,109,-26,prelude,166,150,-16,geometrydash,28,,,hippo,69,,
pushupbra,151,136,-15,snbt,75,,,glitchproductions,157,123,-34,crayola,77,,,gmt800,113,,,nephewlove,106,,,nephewlove,106,,,makeuphacks,11,,,barbershop,33,,,nail,6,,,targetmusthaves,69,,,windowcleaning,32,,,настольныеигры,59,,,windowcleaning,32,,,lgs,181,160,-21,risas😂😂😂,66,,,misogyny,102,,,yamal,67,,,chickenwings,109,,,cardmaking,149,119,-30,新竹五玄殿,163,,,newdancetrend,81,,,goinglive,101,,,espressomartini,97,,,animalstyle,120,,,earlygraduate,137,84,-53,charlotte,47,,,,,,,treino,91,,,kungfu,74,,,fathersmatter,157,,,targetmusthaves,69,,,yogurtland,67,,,spicybowl,191,156,-35,foodblogger,48,,,waistfan,142,99,-43,blockblast,60,,,oceanfront,175,148,-27,straighthair,38,,,dieta,65,,,dieta,65,,,asiloafirmativo,155,,,minimalism,185,127,-58,minimalism,185,127,-58,shfiguarts,78,,,andyfrisella,125,,,disneyland,1,,,dayinthelife,7,,,sheeptok,82,,,hoodoowitchtok,108,,,superman,51,,,americanmusicawards,89,,,victorwembanyama,153,97,-56,perfumereview,38,,,tatuador,95,,,fourwheeler,37,,,alligatorgar,185,166,-19,gymshorts,198,183,-15,beginnerpole,90,,,bodyrecharge,160,,,funnyanimals,22,,,dogtreat,170,130,-40,creativephotographer,161,87,-74,suavizante,89,,,datingadviceforwomen,45,,,sciencedemo,115,,,soapcutting,59,,,alienstagecosplay,113,,,micowidget,127,,,,,,,anthonygordon,166,,,softballtiktoks,104,,,scaryscene,193,164,-29,actioncamera,122,94,-28,shfiguarts,78,,,oceanfront,175,148,-27,cybertruck,187,161,-26,blockblast,60,,,kangaroo,72,,
cheetahprint,186,170,-16,математикаегэ,78,,,chainsfr,94,55,-39,coloredpencil,100,,,ktm,128,,,babygirlnames,120,,,babygirlnames,120,,,drmelaxin,12,,,makeuphacks,39,,,uñas,12,,,bnb,85,,,obra,70,,,настолки,68,,,obra,70,,,nursinggraduate,190,169,-21,comedyvideos,69,,,crimecase,128,,,golfing,101,,,hamburger,136,,,feltbook,186,155,-31,卓蘭轎伕,165,,,лезгинка,83,,,alaskanbushpeople,114,,,freshjuice,100,,,feastables,121,,,associatesdegree,195,142,-53,blueface,51,,,,,,,armtrainer,114,,,paraglider,145,,,ilovemybrother,162,,,bnb,85,,,frutasyverduras,94,,,spicybowls,173,135,-38,metrodetroit,50,,,fold,186,142,-44,discord,62,,,luxor,192,162,-30,braidstyles,41,,,invisalign,69,,,invisalign,69,,,robertwadlow,159,,,lightingdesign,160,97,-63,lightingdesign,160,97,-63,teddybear,90,,,estoicismoenespañol,130,,,worldoffrozen,2,,,embarazo,11,,,stockshowkid,86,,,cancerzodiac,109,,,tvd,60,,,metallica,108,,,asmr,6,,,stretchmarks,54,,,piercingbump,97,,,privatepilot,49,,,wintercamping,196,176,-20,hermes,178,160,-18,lezginka,96,,,ntanh28,164,,,aquarium,34,,,boxersoftiktok,176,107,-69,poseideas,19,,,laundrystainremover,92,,,breakupadvice,58,,,drmorelos,124,,,rugcleaning,79,,,jojosbizarreadventurecosplay,118,,,aiediting,130,,,,,,,thierryhenry,172,,,hooper,105,,,theconjuringhouse,150,115,-35,robotvacuum,99,70,-29,teddybear,90,,,luxor,192,162,-30,wrx,183,135,-48,discord,62,,,matingseason,122,,
hermes,183,164,-19,snbt2026,94,,,ash,138,97,-41,canvaspainting,107,,,supercharged,153,,,babyswing,124,,,babyswing,124,,,elfcosmetics,20,,,drmelaxin,41,,,gelxnails,14,,,libertadfinanciera,105,,,stihl,82,,,swipegame,81,,,stihl,82,,,seniorsignout,148,126,-22,scarecam,82,,,notivisión,140,,,carterbryant,136,,,crabboil,141,,,moneygift,195,163,-32,玉聖堂,166,,,地雷系,88,,,solodates,119,,,whiskeyglass,102,,,tropicalfruit,131,,,grads,175,121,-54,benjychavez,59,,,,,,,lifetimefitness,117,,,kickflip,156,,,parentalite,164,,,libertadfinanciera,105,,,tropicalfruit,103,,,tacobell,13,,,thingstodoinatlanta,51,,,smartdisplay,192,121,-71,mobilelegendsbangbang,64,,,orlandoresort,182,149,-33,hairhack,48,,,bajardepeso,78,,,bajardepeso,78,,,ancientengineering,162,,,hiddendoor,188,104,-84,hiddendoor,188,104,-84,figures,97,,,youwillgetthroughthis,133,,,disneyadventureworld,3,,,momtobe,33,,,maresoftiktok,87,,,orishas,127,,,thevampirediaries,63,,,tanlines,124,,,musica,60,,,razorbumps,66,,,japanesetattoo,102,,,flighttraining,76,,,foldingchair,131,110,-21,rolex,105,85,-20,jabbawockeez,103,,,christable09❤️‍,170,,,cow,37,,,funnyanimals,19,,,фотосессия,33,,,厨房好物,106,,,weddingvows,94,,,cosmología,126,,,softspokenasmr,90,,,fursuits,124,,,aiphotoedit,138,,,,,,,danielcormier,173,,,yamal,111,,,unexplainable,178,92,-86,privacyscreen,183,154,-29,figures,97,,,orlandoresort,182,149,-33,restoration,55,,,mobilelegendsbangbang,64,,,spidermonkey,134,,
rolex,109,88,-21,highschoolparents,101,,,spongebob,21,,,acrylicmarker,113,,,sierra,155,,,breastfed,126,,,breastfed,126,,,glowuptips,28,,,uñas,63,,,nailsinspo,29,,,financialplanning,110,,,pressurewashingbusiness,99,,,babyfoot,85,,,pressurewashingbusiness,99,,,classof29,199,177,-22,darkhumour,88,,,idaho4,143,,,joshhart,153,,,foodblogger,143,,,craftinspo,159,126,-33,八將團,169,,,surprisedance,90,,,tiempoenfamilia,128,,,fanta,126,,,funnyfoodreview,149,,,mindsetshift,12,,,bravotv,66,,,,,,,indoorcycling,118,,,pikespeak,157,,,twoparentsandapod,165,,,financialplanning,110,,,jackfruit,112,,,7brew,38,,,vegaslocal,60,,,3dprinted,38,,,streaming,71,,,mahahual,66,21,-45,gluelesswig,53,,,diabetesawareness,82,,,diabetesawareness,82,,,usgeography,163,,,decor,17,,,decor,17,,,screenfreeactivities,100,,,motivaciontiktok,145,,,magickingdom,11,,,livingalone,41,,,kurban,114,,,zamanda,133,,,clarkkent,83,,,lovergirl,125,,,santea,74,,,electrictrimmer,67,,,realistictattoo,109,,,sail,91,,,senko,190,169,-21,suits,172,150,-22,indiandance,106,,,rizayeva__01,179,,,chickens,44,,,aquarium,29,,,oregonphotographer,85,,,jabonliquido,110,,,sheraseven,105,,,watertub,130,,,слайм,94,,,makimacosplay,126,,,powerfulwebsites,144,,,,,,,texastechsoftball,175,,,pushups,138,,,creature,29,,,chromebook,171,139,-32,screenfreeactivities,100,,,mahahual,66,21,-45,cadillac,83,,,streaming,71,,,monkeyrescue,161,,
suits,177,154,-23,highschoolmath,119,,,hazbinhotel,41,,,stainedglassart,125,,,highway,159,,,t21,135,,,t21,135,,,макияж,38,,,elfcosmetics,68,,,manicurista,37,,,rdcworld,111,,,granite,114,,,waterbottleflip,124,,,granite,114,,,earlygraduate,75,50,-25,alfredolarin,121,,,cyclone,153,,,womenssports,169,,,dessertideas,153,,,diyvalentinesdaygift,190,143,-47,苑裡廣福會,171,,,balletfolklorico,92,,,grwmvlog,130,,,coffeemaker,133,,,chipotleorder,162,,,desarrollopersonal,33,,,zavalahimself,69,,,,,,,upperbodyworkout,121,,,powerslap,162,,,angelmansyndrome,166,,,rdcworld,111,,,babyshowercake,117,,,groceryshopping,42,,,wagyu,73,,,massager,47,,,crk,89,,,budgettravel,58,,,blackgirlhair,58,,,diabetic,95,,,diabetic,95,,,dariengap,169,,,casa,29,,,casa,29,,,carebears,105,,,mentalidadeforte,148,,,disneymagic,32,,,romanticizeyourlife,60,,,funnysheep,118,,,zodiactok,141,,,tomwelling,104,,,sexyyred,139,,,dano,115,,,asseek,81,,,hennamehndivip,143,,,f18,103,,,shad,136,113,-23,shoecollection,190,167,-23,poleart,108,,,_rizayeva_01,180,,,deer,58,,,guineapig,83,,,sunsetpics,87,,,familytips,112,,,cheaterbuster,123,,,الفضاء_الكون,133,,,typingasmr,97,,,ilusionoptica,139,,,onedrive,153,,,,,,,realapp,176,,,magickingdom,142,,,haunting,44,,,ventilador,172,140,-32,carebears,105,,,budgettravel,58,,,dirtbikes,85,,,crk,88,,,ours,165,,
shoecollection,195,171,-24,aritmetica,146,,,arttok,42,,,рисую,129,,,bugatti,180,,,10monthsold,143,,,10monthsold,143,,,browlamination,81,,,gelxnails,73,,,unhas,61,,,digitalmarketingforbeginners,112,,,finisher,133,,,wordchallenge,136,,,finisher,133,,,graduatestudent,170,140,-30,burrowhalloweentreat,126,,,tiktoknotícias,154,,,athletes,170,,,charcuterie,159,,,diycraftideas,198,128,-70,開路鼓,177,,,danceitout,123,,,friendshipadvice,135,,,beverage,134,,,swollenbacks,164,,,medievaltimes,71,,,6ix9ine,79,,,,,,,lowbackpain,127,,,wakesurfing,167,,,motherlessdaughter,168,,,digitalmarketingforbeginners,112,,,snackrestock,130,,,juice,83,,,metairie,88,,,phonestand,62,,,setup,98,,,baecation,102,,,hairdresser,68,,,estres,106,,,estres,106,,,abogadopenalista,171,,,homerenovation,37,,,homerenovation,37,,,weightedstuffedanimal,128,,,motivationinspiration,152,,,skyzone,39,,,rainbowbaby,61,,,cattlefarm,121,,,hechizosdeamor,148,,,xmen,115,,,arturovilla,147,,,aftereffects,124,,,microblading,82,,,dragontattoo,152,,,cessna210,107,,,noodling,132,108,-24,totebag,81,,,polecombo,124,,,induibanselangau,182,,,chickensoftiktok,76,,,adopt,93,,,fotografía,114,,,100均,118,,,shesaidyes,134,,,الثقب_الاسود,143,,,asmrdoctor,98,,,dekucosplay,147,,,cheatingpartner,156,,,,,,,ncaabaseball,177,,,rolandgarros,161,,,scaryvideo,52,,,ipadair,142,109,-33,weightedstuffedanimal,128,,,baecation,102,,,engine,95,,,setup,97,,,oceanmysteries,170,,
piercing,23,,,joedoesbiology,155,,,yuji,67,,,graff,142,,,baddriver,182,,,3rdbirthday,156,,,3rdbirthday,156,,,грвм,92,,,glowuptips,83,,,manicuristas,95,,,atlantarealestate,113,,,grasscutting,167,,,norwaychess,150,,,grasscutting,167,,,collegeclass,182,151,-31,nfcdefenseghouls,129,,,housefire,156,,,floridagators,178,,,апвоутреддит,161,,,resinart,17,,,我視貓創作,183,,,heelschoreography,125,,,endometriosissurgery,169,,,jugosnaturales,147,,,funnyfoodvideo,168,,,stayup,94,,,realityshow,87,,,,,,,hipdips,129,,,racetrack,169,,,ilovemymommy,170,,,atlantarealestate,113,,,bentocake,141,,,italianfood,132,,,vegasfoodie,104,,,keyboardasmr,92,,,reddeadredemption2,110,,,beaches,105,,,washday,72,,,seamoss,111,,,seamoss,111,,,legalupdates,172,,,diyhome,63,,,diyhome,63,,,legomarvel,129,,,motivateme,157,,,trampolinepark,52,,,myfamily,63,,,chickenrescue,141,,,acuario♒️,154,,,erdrama,120,,,youngboyneverbrokeagain,149,,,wuhluhwuh,126,,,desodorante,83,,,piercinginspo,153,,,sabineatvpark,133,,,pez,155,131,-24,tryon,109,,,dancecommunity,131,,,做自己愛你的人永遠愛你,183,,,guineapig,122,,,котики,105,,,texasweddingphotographer,124,,,hobclean,121,,,christiandating,148,,,astrolab,150,,,mouthsoundsasmr,99,,,disneycosplay,149,,,vscode,172,,,,,,,tennesseetitans,179,,,usyk,164,,,miedoyterror,59,,,waistfan,160,113,-47,legomarvel,129,,,beaches,105,,,gmt800,125,,,reddeadredemption2,108,,,ostrichegg,173,,
totebag,85,,,mathsmethods,158,,,kny,69,,,fashionart,151,,,ruta,183,,,montessoritoddler,158,,,montessoritoddler,158,,,skincarecoreano,105,,,bluehair,88,,,3dnails,98,,,realestateadvice,118,,,diswasher,172,,,acobrarpadrino,156,,,diswasher,172,,,freshmandorm,184,143,-41,ohiospookygridiron,131,,,metrópoles,160,,,cr7cristianoronaldo,179,,,foodtrend,163,,,crocheting,35,,,大村濟玄堂,185,,,dancechoreography,134,,,stammer,172,,,coffeetrend,157,,,fulleatingvideo,175,,,satprep,97,,,olandria,122,,,,,,,kettlebell,131,,,penta,170,,,babytime,173,,,realestateadvice,118,,,aldiusa,165,,,dinnertime,137,,,kebab,118,,,течток,100,,,streamers,112,,,venice,108,,,scalpcare,76,,,kneepainrelief,126,,,kneepainrelief,126,,,europeanhistory,176,,,homedecorideas,85,,,homedecorideas,85,,,disneypintrading,138,,,inspirationalwords,161,,,funfair,82,,,resinart,69,,,gallinasfelices,145,,,lovespells,158,,,ghostface,125,,,pianotok,169,,,spongebob,127,,,depilacion,90,,,eidmehndi,154,,,jetskiing,142,,,flyfishing,31,,,coachbag,114,,,hhi,139,,,mihhoangsdz,184,,,adopt,136,,,wienerdog,126,,,x100vi,132,,,washinghacks,123,,,kindleunlimitedromance,151,,,fecundação,159,,,мурашки,109,,,shakemyhandincharacter,156,,,love8app,177,,,,,,,strikeout,182,,,skydiving,168,,,unsettling,61,,,3dprinted,42,,,disneypintrading,138,,,venice,108,,,ktm,144,,,streamers,109,,,raccoons,177,,
tryon,113,,,worksheet,162,,,arcane,71,,,painttok,163,,,2stroke,184,,,arthrogryposis,160,,,arthrogryposis,160,,,acnejourney,109,,,straighthair,104,,,dmvnailtech,104,,,cryptok,156,,,electricalengineering,177,,,boardgamenight,169,,,electricalengineering,177,,,premedadvice,82,,,bearshauntrebound,132,,,inseguridad,161,,,ejected,181,,,pork,169,,,crochettutorial,36,,,前鎮天王會,186,,,beginnerpole,136,,,realisticvlog,173,,,greentea,158,,,savorysnack,178,,,premedadvice,151,,,peacock,130,,,,,,,summercut,136,,,terencecrawford,174,,,deaddadclub,177,,,cryptok,156,,,snacksmart,167,,,mariscos,149,,,localeats,134,,,ipod,110,,,beamng,162,,,annamariaisland,111,,,colorwow,112,,,infection,136,,,infection,136,,,mythologytok,180,,,housecleaning,93,,,housecleaning,93,,,lpscollection,156,,,successmentality,164,,,hiddenmickey,100,,,ttccommunity,97,,,colbyscrew,156,,,limpiezaespiritual,164,,,obx,126,,,btslasvegas,173,,,saxophone,134,,,powderbrows,139,,,smileypiercing,158,,,flyby,150,,,hammock,59,,,jumpsuit,117,,,broadwaymusical,141,,,induibanselangau❤,186,,,farriersoftiktok,140,,,greatpyrenees,137,,,portraitmode,154,,,flashman,125,,,teenlove,156,,,sinalwow,171,,,natureasmr,124,,,fantasycosplay,167,,,hypiclatam,178,,,,,,,keldonjohnson,184,,,brazil🇧🇷,169,,,scarytiktok,62,,,massager,52,,,lpscollection,156,,,annamariaisland,111,,,supercharged,170,,,beamng,155,,,redfox,180,,
coachbag,119,,,biolchem,176,,,milesmorales,75,,,dieukhac,167,,,drifting,185,,,milliemoon,162,,,milliemoon,162,,,cejas,117,,,paintedbyesther,106,,,nailsupplies,117,,,richmindset,159,,,teachervlog,182,,,kidsentertainer,172,,,teachervlog,182,,,mpls,87,,,tomsegura,144,,,keirstarmer,173,,,player,183,,,bowl,172,,,craftymom,59,,,通霄龍聖宮,187,,,lezginka,149,,,batangina,176,,,jugossaludables,162,,,juleseats,180,,,mentalmath,169,,,ciaramiller,137,,,,,,,beginnergymtips,149,,,motocrosslife,175,,,fiv,183,,,richmindset,159,,,candybowl,168,,,7brewcoffee,150,,,menchies,143,,,humidifier,133,,,gorillatag,166,,,travelingwithkids,118,,,hairtools,115,,,quitvaping,141,,,quitvaping,141,,,viralfact,183,,,wallart,98,,,wallart,98,,,dolltok,160,,,pursueyourdreams,170,,,disneyhacks,101,,,chemo,103,,,akilijadan,157,,,манифестация,169,,,larosadeguadalupe,129,,,maluma,178,,,amas,151,,,womenperfume,151,,,tattooedwomenoftiktok,166,,,boatsales,154,,,magnetfishing,107,,,westernstyle,129,,,danceinpublic,143,,,차은우필터,187,,,farmanimals,148,,,sausagedog,140,,,sebasmorenooo,156,,,limpiezasinvueltas,126,,,adviceforwomen,165,,,volcandehielo,172,,,tinglesounds,132,,,maskedgirl,168,,,coupertapp,183,,,,,,,fernandotatisjr,185,,,golfing,171,,,conspiracion,75,,,phonestand,70,,,dolltok,160,,,travelingwithkids,118,,,sierra,172,,,gorillatag,159,,,foxes,181,,
jumpsuit,122,,,studyaccount,184,,,moana,93,,,portraitdrawing,174,,,fordmustang,186,,,babyplay,167,,,babyplay,167,,,beautyreview,145,,,макияж,112,,,houstonnails,119,,,consumerrights,172,,,mechanicshop,185,,,gamestoplaywithfriends,175,,,mechanicshop,185,,,mbg,96,,,youshouldknowpodcast,148,,,chriswatts,177,,,salah,186,,,ribeye,176,,,easycraft,70,,,尊武轎伕,189,,,jabbawockeez,155,,,bearthekingofextreme,177,,,tequilla,168,,,imitationcrab,186,,,mpls,172,,,bophouse,138,,,,,,,gymgirlie,154,,,kamilavalieva,176,,,babycomingsoon,184,,,consumerrights,172,,,foodbudget,171,,,carneasada,162,,,dmveats,145,,,leddisplay,136,,,clipfarm,175,,,empirestatebuilding,120,,,layeredhaircut,119,,,ivtherapy,149,,,ivtherapy,149,,,psicologíaoscura,184,,,ремонт,103,,,ремонт,103,,,marbles,176,,,abundancementality,177,,,fairrides,108,,,lifeupdate,109,,,peternakmuda,162,,,tarotinspanish,174,,,scifi,137,,,erastour,179,,,kyliejenner,163,,,oralspray,152,,,healedtattoo,168,,,fishingboat,159,,,softplastics,134,,,hijabi,155,,,thebookofmormon,145,,,酒好き女の日常,188,,,bakraeid,160,,,petproducts,163,,,tintype,159,,,暮らしを整える,136,,,sportsromancebooks,167,,,物理学,173,,,odlysatisfying,145,,,mikan,174,,,iphonesecrets,186,,,,,,,greenbay,186,,,worldseries,174,,,cementerio,92,,,keyboardasmr,104,,,marbles,176,,,empirestatebuilding,120,,,highway,176,,,subwaysurfers,180,,,hermitcrab,183,,
westernstyle,134,,,tutoringservices,187,,,satorugojo,108,,,weddingpainting,177,,,projectcar,188,,,birthannoucement,181,,,birthannoucement,181,,,tretinoin,150,,,braidstyles,118,,,pedicura,143,,,dealsoftheweek,175,,,paytransparency,186,,,candygame,178,,,paytransparency,186,,,collegeapplication,126,,,marriedlifehumor,178,,,newsbreak,181,,,cashnasty,189,,,frenchtoast,177,,,papeleriacreativa,88,,,淡水大拜拜,190,,,indiandance,161,,,stayathomedaughter,181,,,liquidivpartner,176,,,foodcritics,187,,,выпуск2025,173,,,evelynortizlive,148,,,,,,,rebounding,158,,,muhammadali,181,,,formulafeeding,186,,,dealsoftheweek,175,,,sunchips,173,,,cheesecakefactory,168,,,snacktray,158,,,ledscreen,157,,,backroom,181,,,traveler,129,,,blowoututorial,120,,,mujeresde40,155,,,mujeresde40,155,,,exiliocubano,190,,,kitchenmusthaves,112,,,kitchenmusthaves,112,,,toddlertoy,178,,,richroll,179,,,rispoliteens,119,,,gastroparesis,133,,,funnyhorses,167,,,expartner,179,,,damonsalvatore,144,,,natanaelcano,180,,,summerhouse,171,,,scentcombo,171,,,ksitattoos,171,,,3wheeler,165,,,portablechair,138,,,momstyle,173,,,esenya_miss,153,,,ebykali,189,,,котики,161,,,foster,166,,,lightpainting,168,,,ecoclean,144,,,weddingmoments,172,,,kienthuckhoahoc,178,,,crunchyslime,159,,,janedoecosplay,175,,,picsartpartner,187,,,,,,,antoniobrown,187,,,dirtbikes,175,,,paranormalvideos,93,,,течток,114,,,toddlertoy,178,,,traveler,129,,,rideout,182,,,forza6,182,,,greatwhiteshark,188,,
hijabi,160,,,trigonometria,188,,,csm,120,,,drawibg,186,,,приора,191,,,11monthsold,182,,,11monthsold,182,,,patricktabeauty,154,,,hairhack,126,,,njnailtech,146,,,mortgagerates,180,,,highvoltage,187,,,unogame,182,,,highvoltage,187,,,academicexcellence,172,,,noneckjay,190,,,scamalert,184,,,elclasico,191,,,proteinbreakfast,178,,,centrodemesa,96,,,女子三通鼓,191,,,poleart,164,,,maydump,187,,,oversupply,178,,,eatwithkeish,190,,,ancientrome,178,,,p1harmony,154,,,,,,,asiansquat,159,,,monacogp,182,,,babynumber4,188,,,mortgagerates,180,,,hotcheetoballs,181,,,сок,177,,,thingstodoinaustin,161,,,portablemonitor,179,,,majestic,182,,,joshuatree,141,,,lineup,122,,,migraña,156,,,migraña,156,,,indigenoushistory,191,,,clorox,127,,,clorox,127,,,bricksandminifigs,179,,,wisdomforlife,180,,,disneyfacts,136,,,blendedfamily,139,,,dairycow,170,,,curandero,182,,,elenagilbert,155,,,idgaf,185,,,loveislandusa,182,,,showerproducts,173,,,navalpiercing,174,,,wakeboat,177,,,foldablechair,148,,,tiktokshopfathersday,175,,,staticpole,158,,,推薦推起來❤️,190,,,geese,162,,,goldfish,171,,,nolansoflo,176,,,モップ,160,,,communicationiskey,181,,,buraconegros,185,,,sinkcleaning,161,,,ilusionismo,179,,,stasbala,190,,,,,,,boxingnews,189,,,kickboxing,177,,,creepyvideos,94,,,ipod,128,,,bricksandminifigs,179,,,joshuatree,141,,,tahoe,185,,,fullstory,184,,,protectwildlife,190,,
momstyle,178,,,scholarshipopportunities,190,,,tojifushiguro,124,,,howtopaint,187,,,volvo,192,,,newbron,183,,,newbron,183,,,juviasplace,162,,,haskell,131,,,hellokittynails,158,,,buyingahome,182,,,drywaller,190,,,guesstheimposter,184,,,drywaller,190,,,выпускныеленты,173,,,relatablecomedy,191,,,humantrafficking,185,,,manutd,192,,,pozole,181,,,uvdtfcupwraps,126,,,台南普濟殿,193,,,folkdancer,169,,,ticsandtourettes,188,,,matchapowder,180,,,subsandwich,191,,,thewizardlizadvice,182,,,braeden,159,,,,,,,ganleygabriel,177,,,carlossainz,184,,,fathersrights,189,,,buyingahome,182,,,cereals,182,,,ribs,187,,,shakeshack,182,,,inductionspeaker,181,,,subwaysurfers,187,,,flyingwithkids,156,,,bookme,133,,,kidneystone,166,,,kidneystone,166,,,trámites,192,,,cleaninghack,142,,,cleaninghack,142,,,legosets,183,,,jayshettymotivation,183,,,disneyonabudget,142,,,crocheting,151,,,duckpond,174,,,numerologia,184,,,darthmaul,168,,,jbalvin,187,,,davionflanagan,184,,,cosmeticsurgery,174,,,patchtattoo,176,,,dirtjumper,179,,,fishinghook,158,,,slides,182,,,alameda,164,,,許生泉你的變化有多大,191,,,petgrooming,164,,,goldenretrievers,175,,,photographe,181,,,sabão,164,,,foreheadkisses,182,,,人体の不思議,188,,,icelover,175,,,marvelrivalscosplay,182,,,adobeacrobat,191,,,,,,,stansportau,190,,,cavaliers,180,,,thelocust,119,,,humidifier,151,,,legosets,183,,,flyingwithkids,156,,,monaco,188,,,r6clips,188,,,parakeet,191,,
tiktokshopfathersday,180,,,viralmath,192,,,animeedits,125,,,акварель,190,,,motor,193,,,6monthold,189,,,6monthold,189,,,manchas,163,,,gluelesswig,140,,,novoovo,173,,,hysa,183,,,laminateflooring,191,,,logrado,185,,,laminateflooring,191,,,uchicago,174,,,rosesareredchallenge,192,,,medicare,191,,,fantasyfootball,193,,,onion,182,,,cardboardcraft,131,,,頂太子沙淘宮,194,,,casstech,171,,,cancerdiagnosis,191,,,watermelonjuice,184,,,dmveatswithkeish,194,,,incomingfreshman,183,,,ive,163,,,,,,,apartmentfriendly,188,,,charlotteflair,185,,,highconflictcoparenting,191,,,hysa,183,,,mydinner,184,,,whiskey,188,,,ctfoodie,183,,,applepencil,185,,,forza6,189,,,clearwaterbeach,160,,,retwist,139,,,tonsilstones,168,,,tonsilstones,168,,,frenchempire,193,,,estatesale,152,,,estatesale,152,,,duckduckjeep,189,,,healthcaremarketing,188,,,montañarusa,145,,,crochettutorial,154,,,gallinero,178,,,fengshuitips,185,,,maddy,184,,,suenosfestival,190,,,newyorkknicks,187,,,keratosispilaris,187,,,piercingfreak,180,,,railfans,180,,,fishingfail,163,,,upcycling,184,,,школьныйвальс,171,,,بحرى_خطر,193,,,bassethound,175,,,frenchielife,178,,,фотосесия,183,,,makeslifeeasier,165,,,bestboyfriend,184,,,unfreezemyacount🙏🔹,189,,,pimplepopperaddict,182,,,spidergirl,183,,,texttovideo,192,,,,,,,devinhaney,192,,,savannahbananas,181,,,deepweb,132,,,leddisplay,154,,,duckduckjeep,189,,,clearwaterbeach,160,,,mud,192,,,cozygames,189,,,birdphotography,194,,
slides,187,,,apoyoescolar,193,,,sakura,127,,,moltenglass,192,,,cleanest,194,,,ibclc,192,,,ibclc,192,,,makeupvanity,167,,,blackgirlhair,148,,,nailstutorial,175,,,contentthatconverts,186,,,coal,192,,,игрыдлядвоих,187,,,coal,192,,,collegereaction,179,,,nocontext,193,,,conspiracies,194,,,flips,194,,,cookierecipe,185,,,needlepointfinishing,135,,,閻羅天子,195,,,卡点舞,182,,,invasiveductalcarcinoma,192,,,ninjacoffeemaker,188,,,kohakutou,195,,,аттестат,184,,,santea_,164,,,,,,,gobletsquats,189,,,oceanrowing,190,,,momthoughts,193,,,contentthatconverts,186,,,roadtripsnacks,189,,,burgers,192,,,restaurantes,185,,,gpu,187,,,fullstory,191,,,halfdome,177,,,crecimientodelcabello,161,,,hormonesupport,178,,,hormonesupport,178,,,abogadosdeinmigracion,194,,,homediy,156,,,homediy,156,,,waterguntoy,191,,,takingsouls,190,,,calcinculodicesare,161,,,largefamily,161,,,خروف_العيد,185,,,manifestingtips,191,,,dylanobrien,187,,,remember,191,,,jalenbrunson,190,,,houstonwaxer,189,,,piercingcare,186,,,planetok,183,,,fishingmemes,168,,,freepeople,188,,,dancemoments,174,,,frecklesniniye,194,,,tuxedocat,187,,,bunnytok,185,,,sonya7,193,,,掃除グッズ,173,,,aiboyfriend,187,,,chemistree,190,,,sjiadyasmr,187,,,powercosplay,185,,,spytextmessage,194,,,,,,,huskers,193,,,fuerza,182,,,exploracionurbana,165,,,powersaver,163,,,waterguntoy,191,,,halfdome,177,,,ваз,193,,,warhammer40k,191,,,talkingbird,195,,
upcycling,189,,,logarithm,194,,,bsd,153,,,arttrends,193,,,kenworth,195,,,twintok,194,,,twintok,194,,,dupes,178,,,hairdresser,182,,,uña,188,,,segurosdevida,188,,,teenjobs,194,,,ugomorgangames,192,,,teenjobs,194,,,smk,186,,,girlhumor,196,,,verdict,195,,,collegesoftball,196,,,crabrangoon,189,,,diybirthdaydecor,150,,,高雄德興軒,196,,,polecombo,187,,,rockhoundingadventures,193,,,dunkinrun,193,,,eriktheelectric,196,,,asilopolitico,190,,,btslasvegas,170,,,,,,,villanarc,192,,,sanddunes,193,,,babyiscoming,194,,,segurosdevida,188,,,cakepicnic,192,,,traderjoesfoodreviews,195,,,nashvillehotchicken,189,,,rog,188,,,r6clips,195,,,couplesgetaway,183,,,behindthechair,181,,,hypermobility,181,,,hypermobility,181,,,abogadoalexgalvez,195,,,gardenhacks,165,,,gardenhacks,165,,,pollypocket,192,,,july25th,193,,,giostrelunapark,162,,,adultchildren,174,,,frisian,189,,,гадалка,192,,,movietheater,189,,,nickyjam,192,,,nbafinals,194,,,sweetperfume,190,,,atltattooartist,189,,,boatzone,184,,,fishnets,181,,,oro,189,,,dothedance,185,,,🥰🥰🥰💃💃💃🌹🌹🌹,195,,,wienerdog,189,,,такса,187,,,longexposure,194,,,trucoslimpieza,178,,,fiancee💍,189,,,microscópio,191,,,mrmullacpov,188,,,dandysworldcosplay,186,,,canvacreator,195,,,,,,,mississippistate,194,,,climbing,183,,,friday13,166,,,walkietalkie,164,,,pollypocket,192,,,couplesgetaway,183,,,newdriver,195,,,jynxzifunnymoments,193,,,opossumsoftiktok,196,,
freepeople,193,,,factorial,195,,,madokamagica,162,,,leafart,195,,,jet,196,,,tebi,196,,,tebi,196,,,wonderskin,182,,,washday,187,,,xlnails,192,,,jensenhuang,190,,,roofrepair,196,,,bilaya_family,194,,,roofrepair,196,,,11клас,192,,,tay600,197,,,emmawalker,196,,,crosscountry,197,,,pupusas,193,,,custombouquet,178,,,鎮南羅聖堂德修府,197,,,misxvaños,190,,,nycmorningroutine,194,,,drinkingaroundtheworld,194,,,bonchon,197,,,lifequote,192,,,milliebobbybrown,182,,,,,,,fanttikday,194,,,submission,194,,,postpartumsupport,197,,,jensenhuang,190,,,dotspretzels,195,,,asmrmukbang,196,,,sushilovers,190,,,samsungcase,190,,,cozygames,196,,,misttrail,189,,,knotless,184,,,colonoscopy,191,,,colonoscopy,191,,,pensiones,197,,,midcenturymodern,175,,,midcenturymodern,175,,,nerfguns,193,,,inkyjohnson,194,,,bouncyhouse,184,,,papasprimerizos,179,,,warmblood,193,,,readings,193,,,colehauser,192,,,poppunk,193,,,yaoi,196,,,tumericsoap,196,,,kneetattoo,190,,,excavadora,193,,,bassdash,195,,,tendencias,191,,,балетигорямоисеева,190,,,スカクロ,197,,,cattreats,193,,,terranova,188,,,smartphonephotography,195,,,収納アイデア,182,,,bodasmexico,194,,,vulcani,197,,,satifaction,194,,,кица,190,,,canvafonts,196,,,,,,,deionsanders,195,,,clevelandcavaliers,190,,,supernaturalhorror,175,,,ledscreen,178,,,nerfguns,193,,,misttrail,189,,,taller,197,,,paralives,196,,,ardillas,197,,
oro,194,,,postgraduate,197,,,mangarecommendation,171,,,sketchbookchallenge,196,,,rutas,197,,,babyfeeding,197,,,babyfeeding,197,,,уходзакожей,183,,,hairfail,190,,,beginnernails,195,,,bronzingdrops,194,,,woodflooring,197,,,bridalshowergames,195,,,woodflooring,197,,,princetonuniversity,196,,,раис,198,,,inmigrante,197,,,baseballplayer,198,,,foodart,197,,,decoracionesconglobos,183,,,善化東嶽殿,198,,,jerseyyjoe,192,,,hgw,196,,,thaitea,195,,,icelover,198,,,facttok,193,,,loveislanduk,184,,,,,,,flexibilitytraining,195,,,danielcormier,195,,,onlydaughter,198,,,bronzingdrops,194,,,fondantcake,196,,,eatingsounds,197,,,thingstodoincharlotte,194,,,solarcharger,191,,,warhammer40k,198,,,sequoianationalpark,191,,,hairdresserreacts,192,,,stomachache,196,,,stomachache,196,,,археология,198,,,homes,193,,,homes,193,,,learningexpresstoys,194,,,kumusta,197,,,waltdisneyworldresort,195,,,poseideas,182,,,sapiqurban,195,,,spellcasting,194,,,neverhaveiever,198,,,2000smusic,195,,,marriagehumor,197,,,sugarwax,197,,,tattooregrets,193,,,miniskidsteer,194,,,campinghack,198,,,halarashorts,196,,,f5ve,192,,,입술모델,198,,,beardeddragon,196,,,dogloss,198,,,ถ่ายรูปสวยด้วยมือถือ,197,,,aseoenelhogar,183,,,iloveyoumore,196,,,galassie,198,,,pregnacycravings,197,,,harleyquinncosplay,191,,,macapps,197,,,,,,,sportsdrama,196,,,kimiantonelli,191,,,creepyhouse,177,,,thinkpad,188,,,learningexpresstoys,194,,,sequoianationalpark,191,,,bugatti,198,,,royalehighroblox,197,,,enclosure,198,,
tendencias,196,,,aucayacu🇵🇪❤🌴🦋,198,,,httyd,188,,,learningtodraw,198,,,carshopping,198,,,tubbytodd,199,,,tubbytodd,199,,,browgel,192,,,scalpcare,197,,,nailgrowthoil,197,,,retireearly,197,,,lumberjack,198,,,alejolgoa,196,,,lumberjack,198,,,formatura,198,,,comedylegend,199,,,violence,198,,,vinicius,199,,,pizzatime,198,,,letsresin,196,,,青山王,199,,,вальсвыпускников,198,,,quittingnic,197,,,matchareview,196,,,chickensausage,199,,,texashistory,198,,,chaewon,192,,,,,,,musclememory,197,,,boxingday,199,,,regresoacasa,199,,,retireearly,197,,,goodcooking,199,,,baristalife,198,,,festivalfood,196,,,teamgalaxy,195,,,limbuscompany,199,,,borabora,197,,,rainbowhair,196,,,circulation,197,,,circulation,197,,,blackhistorymatters,199,,,lakehouse,194,,,lakehouse,194,,,minifigure,196,,,jordisegues,198,,,атракцион,197,,,realronsina,188,,,babypigs,197,,,karmic,196,,,vampirediaries,199,,,saxaphone,198,,,dccomics,199,,,tanningtips,198,,,tattoomiami,197,,,boatlaunch,197,,,campingtips,199,,,shoulderbag,197,,,kidsdancing,199,,,medangirls🏴,199,,,exoticpets,199,,,bulldogs,199,,,canoneosr50,198,,,homegoodies,187,,,relationshipsgoals,197,,,teoriadarelatividade,199,,,ioncurr,198,,,hetaliacosplay,193,,,computertricks,198,,,,,,,secfootball,198,,,soccerpredictions,192,,,aseriesofspookystories,181,,,wearabletech,198,,,minifigure,196,,,borabora,197,,,caressentials,199,,,bungie,199,,,deertok,199,,
summeroutfitinspo,200,,,формулы,199,,,adultswim,191,,,rockpainting,199,,,blower,200,,,babyswim,200,,,babyswim,200,,,longlashes,195,,,deadhair,199,,,nailschool,200,,,federalreserve,199,,,artisan,200,,,rebus,197,,,artisan,200,,,freshmanadvice,200,,,bobbylee,200,,,tormenta,200,,,milan,200,,,bake,199,,,snowglobecup,200,,,濟靈轎班會,200,,,dancecommunity,199,,,минивлог,198,,,latterecipe,197,,,mubang,200,,,essaywriting,200,,,comedyroast,194,,,,,,,gymetiquette,200,,,mclarenf1,200,,,ibclc,200,,,federalreserve,199,,,hospitalfood,200,,,tiramisu,199,,,oceats,200,,,casely,199,,,jynxzifunnymoments,200,,,koreatravel,199,,,укладка,197,,,hidradenitissuppurativaawareness,199,,,hidradenitissuppurativaawareness,199,,,asesorialegal,200,,,backyardmakeover,195,,,backyardmakeover,195,,,orbeez,199,,,embracefailure,200,,,expeditioneverest,199,,,adultfriendships,192,,,sustainablefarming,200,,,12thhouse,197,,,moive,200,,,jonasbrothers,199,,,huda,200,,,bodyoils,200,,,fullsleevetattoo,199,,,usanavy,198,,,crabhunting,200,,,fashionhacks,200,,,danceskills,200,,,荷官日常,200,,,wasp,200,,,catdistributionsystem,200,,,fotosprofesionales,199,,,allaboutclean,194,,,romanticsuspense,198,,,uapolog,200,,,asmrcasero,199,,,codoc,199,,,photoapp,199,,,,,,,dodgersnation,200,,,miketyson,195,,,страшилкинаночь,200,,,portablemonitor,200,,,orbeez,199,,,koreatravel,199,,,baddriver,200,,,lospollostvmoments,200,,,critter,200,,
,,,,,,,,,,,,,,,,,,,,,,,,,,,,,,,,,,,,,,,,,,,,,,,,,,,,,,,,,,,,,,,,,,,,,,,,,,,,,,,,龍頭鳳尾,201,,,,,,,,,,,,,,,,,,,,,,,,,,,,,,,,,,,,,,,,,,,,,,,,,,,,,,,,,,,,,,,,,,,,,,,,,,,,,,,,,,,,,,,,,,,,,,,,,,,,,,,,,,,,,,,,,,,,,,,,,,,,,,,,,,,,,,,,,,,,,,,,,,,,,,,,,,,,,,,,,,,,,,,,,,,,,,,,,,,,,,,,,,,,,,,,,,,,,,,,,,,,,,,,,,,,,,,,,,,,,,,,,,,,,,,,,,
